2025-09-19T11:44:03.834+05:30  INFO 22416 --- [Back_End] [main] com.ijse.gdse72.back_end.Application     : Starting Application using Java 21.0.5 with PID 22416 (E:\AAD\FINAL_PROJECT\LearnLoop\Back_End\target\classes started by Asus in E:\AAD\FINAL_PROJECT\LearnLoop)
2025-09-19T11:44:03.838+05:30  INFO 22416 --- [Back_End] [main] com.ijse.gdse72.back_end.Application     : No active profile set, falling back to 1 default profile: "default"
2025-09-19T11:44:04.863+05:30  INFO 22416 --- [Back_End] [main] .s.d.r.c.RepositoryConfigurationDelegate : Bootstrapping Spring Data JPA repositories in DEFAULT mode.
2025-09-19T11:44:04.941+05:30  INFO 22416 --- [Back_End] [main] .s.d.r.c.RepositoryConfigurationDelegate : Finished Spring Data repository scanning in 68 ms. Found 5 JPA repository interfaces.
2025-09-19T11:44:05.652+05:30  INFO 22416 --- [Back_End] [main] o.s.b.w.embedded.tomcat.TomcatWebServer  : Tomcat initialized with port 8080 (http)
2025-09-19T11:44:05.668+05:30  INFO 22416 --- [Back_End] [main] o.apache.catalina.core.StandardService   : Starting service [Tomcat]
2025-09-19T11:44:05.668+05:30  INFO 22416 --- [Back_End] [main] o.apache.catalina.core.StandardEngine    : Starting Servlet engine: [Apache Tomcat/10.1.44]
2025-09-19T11:44:05.733+05:30  INFO 22416 --- [Back_End] [main] o.a.c.c.C.[Tomcat].[localhost].[/]       : Initializing Spring embedded WebApplicationContext
2025-09-19T11:44:05.733+05:30  INFO 22416 --- [Back_End] [main] w.s.c.ServletWebServerApplicationContext : Root WebApplicationContext: initialization completed in 1846 ms
2025-09-19T11:44:05.926+05:30  INFO 22416 --- [Back_End] [main] o.hibernate.jpa.internal.util.LogHelper  : HHH000204: Processing PersistenceUnitInfo [name: default]
2025-09-19T11:44:06.009+05:30  INFO 22416 --- [Back_End] [main] org.hibernate.Version                    : HHH000412: Hibernate ORM core version 6.6.26.Final
2025-09-19T11:44:06.058+05:30  INFO 22416 --- [Back_End] [main] o.h.c.internal.RegionFactoryInitiator    : HHH000026: Second-level cache disabled
2025-09-19T11:44:06.411+05:30  INFO 22416 --- [Back_End] [main] o.s.o.j.p.SpringPersistenceUnitInfo      : No LoadTimeWeaver setup: ignoring JPA class transformer
2025-09-19T11:44:06.444+05:30  INFO 22416 --- [Back_End] [main] com.zaxxer.hikari.HikariDataSource       : HikariPool-1 - Starting...
2025-09-19T11:44:06.892+05:30  INFO 22416 --- [Back_End] [main] com.zaxxer.hikari.pool.HikariPool        : HikariPool-1 - Added connection com.mysql.cj.jdbc.ConnectionImpl@5273143e
2025-09-19T11:44:06.894+05:30  INFO 22416 --- [Back_End] [main] com.zaxxer.hikari.HikariDataSource       : HikariPool-1 - Start completed.
2025-09-19T11:44:06.964+05:30  WARN 22416 --- [Back_End] [main] org.hibernate.orm.deprecation            : HHH90000025: MySQLDialect does not need to be specified explicitly using 'hibernate.dialect' (remove the property setting and it will be selected by default)
2025-09-19T11:44:06.990+05:30  INFO 22416 --- [Back_End] [main] org.hibernate.orm.connections.pooling    : HHH10001005: Database info:
	Database JDBC URL [Connecting through datasource 'HikariDataSource (HikariPool-1)']
	Database driver: undefined/unknown
	Database version: 8.0.39
	Autocommit mode: undefined/unknown
	Isolation level: undefined/unknown
	Minimum pool size: undefined/unknown
	Maximum pool size: undefined/unknown
2025-09-19T11:44:08.251+05:30  INFO 22416 --- [Back_End] [main] o.h.e.t.j.p.i.JtaPlatformInitiator       : HHH000489: No JTA platform available (set 'hibernate.transaction.jta.platform' to enable JTA platform integration)
2025-09-19T11:44:08.427+05:30  INFO 22416 --- [Back_End] [main] j.LocalContainerEntityManagerFactoryBean : Initialized JPA EntityManagerFactory for persistence unit 'default'
2025-09-19T11:44:08.918+05:30  INFO 22416 --- [Back_End] [main] o.s.d.j.r.query.QueryEnhancerFactory     : Hibernate is in classpath; If applicable, HQL parser will be used.
2025-09-19T11:44:11.473+05:30  WARN 22416 --- [Back_End] [main] JpaBaseConfiguration$JpaWebConfiguration : spring.jpa.open-in-view is enabled by default. Therefore, database queries may be performed during view rendering. Explicitly configure spring.jpa.open-in-view to disable this warning
2025-09-19T11:44:11.525+05:30  INFO 22416 --- [Back_End] [main] eAuthenticationProviderManagerConfigurer : Global AuthenticationManager configured with AuthenticationProvider bean with name authenticationProvider
2025-09-19T11:44:11.525+05:30  WARN 22416 --- [Back_End] [main] r$InitializeUserDetailsManagerConfigurer : Global AuthenticationManager configured with an AuthenticationProvider bean. UserDetailsService beans will not be used by Spring Security for automatically configuring username/password login. Consider removing the AuthenticationProvider bean. Alternatively, consider using the UserDetailsService in a manually instantiated DaoAuthenticationProvider. If the current configuration is intentional, to turn off this warning, increase the logging level of 'org.springframework.security.config.annotation.authentication.configuration.InitializeUserDetailsBeanManagerConfigurer' to ERROR
2025-09-19T11:44:11.764+05:30 DEBUG 22416 --- [Back_End] [main] o.s.w.s.s.s.WebSocketHandlerMapping      : Patterns [/ws-chat/**] in 'stompWebSocketHandlerMapping'
2025-09-19T11:44:11.856+05:30 DEBUG 22416 --- [Back_End] [main] s.w.s.m.m.a.RequestMappingHandlerMapping : 31 mappings in 'requestMappingHandlerMapping'
2025-09-19T11:44:11.913+05:30 DEBUG 22416 --- [Back_End] [main] o.s.w.s.handler.SimpleUrlHandlerMapping  : Patterns [/webjars/**, /**, /uploads/**] in 'resourceHandlerMapping'
2025-09-19T11:44:12.033+05:30 DEBUG 22416 --- [Back_End] [main] .WebSocketAnnotationMethodMessageHandler : 
	c.i.g.b.c.AssignmentController:
	
2025-09-19T11:44:12.033+05:30 DEBUG 22416 --- [Back_End] [main] .WebSocketAnnotationMethodMessageHandler : 
	c.i.g.b.c.AuthController:
	
2025-09-19T11:44:12.041+05:30 DEBUG 22416 --- [Back_End] [main] .WebSocketAnnotationMethodMessageHandler : 
	c.i.g.b.c.ChatController:
	{[MESSAGE],[/sendMessage]}: sendMessage(ChatMessageDTO)
2025-09-19T11:44:12.042+05:30 DEBUG 22416 --- [Back_End] [main] .WebSocketAnnotationMethodMessageHandler : 
	c.i.g.b.c.ClassController:
	
2025-09-19T11:44:12.042+05:30 DEBUG 22416 --- [Back_End] [main] .WebSocketAnnotationMethodMessageHandler : 
	c.i.g.b.c.DocumentController:
	
2025-09-19T11:44:12.042+05:30 DEBUG 22416 --- [Back_End] [main] .WebSocketAnnotationMethodMessageHandler : 
	c.i.g.b.c.FileController:
	
2025-09-19T11:44:12.042+05:30 DEBUG 22416 --- [Back_End] [main] .WebSocketAnnotationMethodMessageHandler : 
	o.s.b.a.w.s.e.BasicErrorController:
	
2025-09-19T11:44:12.179+05:30 DEBUG 22416 --- [Back_End] [main] s.w.s.m.m.a.RequestMappingHandlerAdapter : ControllerAdvice beans: 0 @ModelAttribute, 0 @InitBinder, 1 RequestBodyAdvice, 1 ResponseBodyAdvice
2025-09-19T11:44:12.287+05:30 DEBUG 22416 --- [Back_End] [main] .m.m.a.ExceptionHandlerExceptionResolver : ControllerAdvice beans: 1 @ExceptionHandler, 1 ResponseBodyAdvice
2025-09-19T11:44:13.285+05:30 DEBUG 22416 --- [Back_End] [main] org.springframework.web.SimpLogging      : clientOutboundChannel added SubProtocolWebSocketHandler[StompSubProtocolHandler[v10.stomp, v11.stomp, v12.stomp]]
2025-09-19T11:44:13.289+05:30 DEBUG 22416 --- [Back_End] [main] org.springframework.web.SimpLogging      : clientInboundChannel added WebSocketAnnotationMethodMessageHandler[prefixes=[/app/]]
2025-09-19T11:44:13.293+05:30  INFO 22416 --- [Back_End] [main] o.s.m.s.b.SimpleBrokerMessageHandler     : Starting...
2025-09-19T11:44:13.297+05:30 DEBUG 22416 --- [Back_End] [main] org.springframework.web.SimpLogging      : clientInboundChannel added SimpleBrokerMessageHandler [org.springframework.messaging.simp.broker.DefaultSubscriptionRegistry@229050ef]
2025-09-19T11:44:13.298+05:30 DEBUG 22416 --- [Back_End] [main] org.springframework.web.SimpLogging      : brokerChannel added SimpleBrokerMessageHandler [org.springframework.messaging.simp.broker.DefaultSubscriptionRegistry@229050ef]
2025-09-19T11:44:13.302+05:30  INFO 22416 --- [Back_End] [main] o.s.m.s.b.SimpleBrokerMessageHandler     : BrokerAvailabilityEvent[available=true, SimpleBrokerMessageHandler [org.springframework.messaging.simp.broker.DefaultSubscriptionRegistry@229050ef]]
2025-09-19T11:44:13.310+05:30  INFO 22416 --- [Back_End] [main] o.s.m.s.b.SimpleBrokerMessageHandler     : Started.
2025-09-19T11:44:13.315+05:30 DEBUG 22416 --- [Back_End] [main] org.springframework.web.SimpLogging      : clientInboundChannel added UserDestinationMessageHandler[DefaultUserDestinationResolver[prefix=/user/]]
2025-09-19T11:44:13.317+05:30 DEBUG 22416 --- [Back_End] [main] org.springframework.web.SimpLogging      : brokerChannel added UserDestinationMessageHandler[DefaultUserDestinationResolver[prefix=/user/]]
2025-09-19T11:44:13.530+05:30  INFO 22416 --- [Back_End] [main] o.s.b.w.embedded.tomcat.TomcatWebServer  : Tomcat started on port 8080 (http) with context path '/'
2025-09-19T11:44:13.652+05:30  INFO 22416 --- [Back_End] [main] com.ijse.gdse72.back_end.Application     : Started Application in 10.338 seconds (process running for 21.48)
2025-09-19T11:44:24.655+05:30  INFO 22416 --- [Back_End] [http-nio-8080-exec-2] o.a.c.c.C.[Tomcat].[localhost].[/]       : Initializing Spring DispatcherServlet 'dispatcherServlet'
2025-09-19T11:44:24.656+05:30  INFO 22416 --- [Back_End] [http-nio-8080-exec-2] o.s.web.servlet.DispatcherServlet        : Initializing Servlet 'dispatcherServlet'
2025-09-19T11:44:24.656+05:30 DEBUG 22416 --- [Back_End] [http-nio-8080-exec-2] o.s.web.servlet.DispatcherServlet        : Detected StandardServletMultipartResolver
2025-09-19T11:44:24.656+05:30 DEBUG 22416 --- [Back_End] [http-nio-8080-exec-2] o.s.web.servlet.DispatcherServlet        : Detected AcceptHeaderLocaleResolver
2025-09-19T11:44:24.656+05:30 DEBUG 22416 --- [Back_End] [http-nio-8080-exec-2] o.s.web.servlet.DispatcherServlet        : Detected FixedThemeResolver
2025-09-19T11:44:24.657+05:30 DEBUG 22416 --- [Back_End] [http-nio-8080-exec-2] o.s.web.servlet.DispatcherServlet        : Detected org.springframework.web.servlet.view.DefaultRequestToViewNameTranslator@34468b30
2025-09-19T11:44:24.658+05:30 DEBUG 22416 --- [Back_End] [http-nio-8080-exec-2] o.s.web.servlet.DispatcherServlet        : Detected org.springframework.web.servlet.support.SessionFlashMapManager@71a48be1
2025-09-19T11:44:24.658+05:30 DEBUG 22416 --- [Back_End] [http-nio-8080-exec-2] o.s.web.servlet.DispatcherServlet        : enableLoggingRequestDetails='false': request parameters and headers will be masked to prevent unsafe logging of potentially sensitive data
2025-09-19T11:44:24.658+05:30  INFO 22416 --- [Back_End] [http-nio-8080-exec-2] o.s.web.servlet.DispatcherServlet        : Completed initialization in 2 ms
2025-09-19T11:44:24.740+05:30 DEBUG 22416 --- [Back_End] [http-nio-8080-exec-5] o.s.web.servlet.DispatcherServlet        : POST "/auth/login", parameters={}
2025-09-19T11:44:24.743+05:30 DEBUG 22416 --- [Back_End] [http-nio-8080-exec-5] s.w.s.m.m.a.RequestMappingHandlerMapping : Mapped to com.ijse.gdse72.back_end.controller.AuthController#login(AuthDTO)
2025-09-19T11:44:24.843+05:30 DEBUG 22416 --- [Back_End] [http-nio-8080-exec-5] m.m.a.RequestResponseBodyMethodProcessor : Read "application/json;charset=UTF-8" to [com.ijse.gdse72.back_end.dto.AuthDTO@49d28443]
2025-09-19T11:44:25.207+05:30 DEBUG 22416 --- [Back_End] [http-nio-8080-exec-5] o.s.w.s.m.m.a.HttpEntityMethodProcessor  : Using 'application/json', given [*/*] and supported [application/json, application/*+json]
2025-09-19T11:44:25.208+05:30 DEBUG 22416 --- [Back_End] [http-nio-8080-exec-5] o.s.w.s.m.m.a.HttpEntityMethodProcessor  : Writing [com.ijse.gdse72.back_end.dto.ApiResponse@1700f62c]
2025-09-19T11:44:25.221+05:30 DEBUG 22416 --- [Back_End] [http-nio-8080-exec-5] o.s.web.servlet.DispatcherServlet        : Completed 200 OK
2025-09-19T11:44:26.569+05:30 DEBUG 22416 --- [Back_End] [http-nio-8080-exec-8] o.s.web.servlet.DispatcherServlet        : GET "/auth/user/10", parameters={}
2025-09-19T11:44:26.570+05:30 DEBUG 22416 --- [Back_End] [http-nio-8080-exec-8] s.w.s.m.m.a.RequestMappingHandlerMapping : Mapped to com.ijse.gdse72.back_end.controller.AuthController#getUserById(Long)
2025-09-19T11:44:26.637+05:30 DEBUG 22416 --- [Back_End] [http-nio-8080-exec-8] o.s.w.s.m.m.a.HttpEntityMethodProcessor  : Using 'application/json', given [*/*] and supported [application/json, application/*+json]
2025-09-19T11:44:26.638+05:30 DEBUG 22416 --- [Back_End] [http-nio-8080-exec-8] o.s.w.s.m.m.a.HttpEntityMethodProcessor  : Writing [com.ijse.gdse72.back_end.dto.ApiResponse@4c426314]
2025-09-19T11:44:26.647+05:30 DEBUG 22416 --- [Back_End] [http-nio-8080-exec-8] o.s.web.servlet.DispatcherServlet        : Completed 200 OK
2025-09-19T11:44:26.723+05:30 DEBUG 22416 --- [Back_End] [http-nio-8080-exec-6] o.s.web.servlet.DispatcherServlet        : GET "/api/classes/student-statistics/10", parameters={}
2025-09-19T11:44:26.724+05:30 DEBUG 22416 --- [Back_End] [http-nio-8080-exec-6] s.w.s.m.m.a.RequestMappingHandlerMapping : Mapped to com.ijse.gdse72.back_end.controller.ClassController#getStudentClassStatistics(Long)
2025-09-19T11:44:26.725+05:30 DEBUG 22416 --- [Back_End] [http-nio-8080-exec-1] o.s.web.servlet.DispatcherServlet        : GET "/api/classes/student/10", parameters={}
2025-09-19T11:44:26.726+05:30 DEBUG 22416 --- [Back_End] [http-nio-8080-exec-1] s.w.s.m.m.a.RequestMappingHandlerMapping : Mapped to com.ijse.gdse72.back_end.controller.ClassController#getClassesByStudent(Long)
2025-09-19T11:44:26.794+05:30 DEBUG 22416 --- [Back_End] [http-nio-8080-exec-6] o.s.w.s.m.m.a.HttpEntityMethodProcessor  : Using 'application/json', given [*/*] and supported [application/json, application/*+json]
2025-09-19T11:44:26.795+05:30 DEBUG 22416 --- [Back_End] [http-nio-8080-exec-6] o.s.w.s.m.m.a.HttpEntityMethodProcessor  : Writing [com.ijse.gdse72.back_end.dto.ApiResponse@1390965e]
2025-09-19T11:44:26.797+05:30 DEBUG 22416 --- [Back_End] [http-nio-8080-exec-1] o.s.w.s.m.m.a.HttpEntityMethodProcessor  : Using 'application/json', given [*/*] and supported [application/json, application/*+json]
2025-09-19T11:44:26.798+05:30 DEBUG 22416 --- [Back_End] [http-nio-8080-exec-1] o.s.w.s.m.m.a.HttpEntityMethodProcessor  : Writing [com.ijse.gdse72.back_end.dto.ApiResponse@296a8775]
2025-09-19T11:44:26.801+05:30 DEBUG 22416 --- [Back_End] [http-nio-8080-exec-6] o.s.web.servlet.DispatcherServlet        : Completed 200 OK
2025-09-19T11:44:26.811+05:30 DEBUG 22416 --- [Back_End] [http-nio-8080-exec-1] o.s.web.servlet.DispatcherServlet        : Completed 200 OK
2025-09-19T11:44:27.082+05:30 DEBUG 22416 --- [Back_End] [http-nio-8080-exec-7] o.s.web.servlet.DispatcherServlet        : GET "/api/classes/student-statistics/10", parameters={}
2025-09-19T11:44:27.083+05:30 DEBUG 22416 --- [Back_End] [http-nio-8080-exec-7] s.w.s.m.m.a.RequestMappingHandlerMapping : Mapped to com.ijse.gdse72.back_end.controller.ClassController#getStudentClassStatistics(Long)
2025-09-19T11:44:27.111+05:30 DEBUG 22416 --- [Back_End] [http-nio-8080-exec-7] o.s.w.s.m.m.a.HttpEntityMethodProcessor  : Using 'application/json', given [*/*] and supported [application/json, application/*+json]
2025-09-19T11:44:27.111+05:30 DEBUG 22416 --- [Back_End] [http-nio-8080-exec-7] o.s.w.s.m.m.a.HttpEntityMethodProcessor  : Writing [com.ijse.gdse72.back_end.dto.ApiResponse@29fdd663]
2025-09-19T11:44:27.113+05:30 DEBUG 22416 --- [Back_End] [http-nio-8080-exec-7] o.s.web.servlet.DispatcherServlet        : Completed 200 OK
2025-09-19T11:44:38.997+05:30 DEBUG 22416 --- [Back_End] [http-nio-8080-exec-3] o.s.web.servlet.DispatcherServlet        : GET "/auth/documents/user/10", parameters={}
2025-09-19T11:44:38.998+05:30 DEBUG 22416 --- [Back_End] [http-nio-8080-exec-3] s.w.s.m.m.a.RequestMappingHandlerMapping : Mapped to com.ijse.gdse72.back_end.controller.DocumentController#getDocumentsByUserId(Long)
2025-09-19T11:44:39.012+05:30 DEBUG 22416 --- [Back_End] [http-nio-8080-exec-3] o.s.w.s.m.m.a.HttpEntityMethodProcessor  : Using 'application/json', given [*/*] and supported [application/json, application/*+json]
2025-09-19T11:44:39.013+05:30 DEBUG 22416 --- [Back_End] [http-nio-8080-exec-3] o.s.w.s.m.m.a.HttpEntityMethodProcessor  : Writing [[com.ijse.gdse72.back_end.dto.DocumentDTO@2ecbcb10]]
2025-09-19T11:44:39.016+05:30 DEBUG 22416 --- [Back_End] [http-nio-8080-exec-3] o.s.web.servlet.DispatcherServlet        : Completed 200 OK
2025-09-19T11:45:03.264+05:30 DEBUG 22416 --- [Back_End] [http-nio-8080-exec-1] o.s.web.servlet.DispatcherServlet        : POST "/auth/documents", parameters={}
2025-09-19T11:45:03.264+05:30 DEBUG 22416 --- [Back_End] [http-nio-8080-exec-1] s.w.s.m.m.a.RequestMappingHandlerMapping : Mapped to com.ijse.gdse72.back_end.controller.DocumentController#saveDocument(DocumentDTO, Principal)
2025-09-19T11:45:03.274+05:30 DEBUG 22416 --- [Back_End] [http-nio-8080-exec-1] m.m.a.RequestResponseBodyMethodProcessor : Read "application/json;charset=UTF-8" to [com.ijse.gdse72.back_end.dto.DocumentDTO@6cd8b58d]
2025-09-19T11:45:03.443+05:30 DEBUG 22416 --- [Back_End] [http-nio-8080-exec-1] o.s.w.s.m.m.a.HttpEntityMethodProcessor  : Using 'application/json', given [*/*] and supported [application/json, application/*+json]
2025-09-19T11:45:03.444+05:30 DEBUG 22416 --- [Back_End] [http-nio-8080-exec-1] o.s.w.s.m.m.a.HttpEntityMethodProcessor  : Writing [com.ijse.gdse72.back_end.entity.Document@15f38186]
2025-09-19T11:45:03.445+05:30 DEBUG 22416 --- [Back_End] [http-nio-8080-exec-1] o.s.web.servlet.DispatcherServlet        : Completed 200 OK
2025-09-19T11:45:04.919+05:30 DEBUG 22416 --- [Back_End] [http-nio-8080-exec-10] o.s.web.servlet.DispatcherServlet        : GET "/auth/documents/user/10", parameters={}
2025-09-19T11:45:04.920+05:30 DEBUG 22416 --- [Back_End] [http-nio-8080-exec-10] s.w.s.m.m.a.RequestMappingHandlerMapping : Mapped to com.ijse.gdse72.back_end.controller.DocumentController#getDocumentsByUserId(Long)
2025-09-19T11:45:04.931+05:30 DEBUG 22416 --- [Back_End] [http-nio-8080-exec-10] o.s.w.s.m.m.a.HttpEntityMethodProcessor  : Using 'application/json', given [*/*] and supported [application/json, application/*+json]
2025-09-19T11:45:04.932+05:30 DEBUG 22416 --- [Back_End] [http-nio-8080-exec-10] o.s.w.s.m.m.a.HttpEntityMethodProcessor  : Writing [[com.ijse.gdse72.back_end.dto.DocumentDTO@48e12ced, com.ijse.gdse72.back_end.dto.DocumentDTO@53efd09 (truncated)...]
2025-09-19T11:45:04.934+05:30 DEBUG 22416 --- [Back_End] [http-nio-8080-exec-10] o.s.web.servlet.DispatcherServlet        : Completed 200 OK
2025-09-19T11:45:13.158+05:30  INFO 22416 --- [Back_End] [MessageBroker-1] o.s.w.s.c.WebSocketMessageBrokerStats    : WebSocketSession[0 current WS(0)-HttpStream(0)-HttpPoll(0), 0 total, 0 closed abnormally (0 connect failure, 0 send limit, 0 transport error)], stompSubProtocol[processed CONNECT(0)-CONNECTED(0)-DISCONNECT(0)], stompBrokerRelay[null], inboundChannel[pool size = 0, active threads = 0, queued tasks = 0, completed tasks = 0], outboundChannel[pool size = 0, active threads = 0, queued tasks = 0, completed tasks = 0], sockJsScheduler[pool size = 1, active threads = 1, queued tasks = 0, completed tasks = 0]
2025-09-19T11:45:30.352+05:30 DEBUG 22416 --- [Back_End] [http-nio-8080-exec-4] o.s.web.servlet.DispatcherServlet        : GET "/api/classes/available/10", parameters={}
2025-09-19T11:45:30.354+05:30 DEBUG 22416 --- [Back_End] [http-nio-8080-exec-4] s.w.s.m.m.a.RequestMappingHandlerMapping : Mapped to com.ijse.gdse72.back_end.controller.ClassController#getClassesNotJoinedByStudent(Long)
2025-09-19T11:45:30.409+05:30 DEBUG 22416 --- [Back_End] [http-nio-8080-exec-4] o.s.w.s.m.m.a.HttpEntityMethodProcessor  : Using 'application/json', given [*/*] and supported [application/json, application/*+json]
2025-09-19T11:45:30.409+05:30 DEBUG 22416 --- [Back_End] [http-nio-8080-exec-4] o.s.w.s.m.m.a.HttpEntityMethodProcessor  : Writing [com.ijse.gdse72.back_end.dto.ApiResponse@2ccab95a]
2025-09-19T11:45:30.411+05:30 DEBUG 22416 --- [Back_End] [http-nio-8080-exec-4] o.s.web.servlet.DispatcherServlet        : Completed 200 OK
2025-09-19T11:45:33.299+05:30 DEBUG 22416 --- [Back_End] [http-nio-8080-exec-6] o.s.web.servlet.DispatcherServlet        : GET "/auth/user/10", parameters={}
2025-09-19T11:45:33.300+05:30 DEBUG 22416 --- [Back_End] [http-nio-8080-exec-6] s.w.s.m.m.a.RequestMappingHandlerMapping : Mapped to com.ijse.gdse72.back_end.controller.AuthController#getUserById(Long)
2025-09-19T11:45:33.315+05:30 DEBUG 22416 --- [Back_End] [http-nio-8080-exec-6] o.s.w.s.m.m.a.HttpEntityMethodProcessor  : Using 'application/json', given [*/*] and supported [application/json, application/*+json]
2025-09-19T11:45:33.316+05:30 DEBUG 22416 --- [Back_End] [http-nio-8080-exec-6] o.s.w.s.m.m.a.HttpEntityMethodProcessor  : Writing [com.ijse.gdse72.back_end.dto.ApiResponse@7002b2a9]
2025-09-19T11:45:33.318+05:30 DEBUG 22416 --- [Back_End] [http-nio-8080-exec-6] o.s.web.servlet.DispatcherServlet        : Completed 200 OK
2025-09-19T11:45:33.324+05:30 DEBUG 22416 --- [Back_End] [http-nio-8080-exec-7] o.s.web.servlet.DispatcherServlet        : GET "/api/classes/student/10", parameters={}
2025-09-19T11:45:33.324+05:30 DEBUG 22416 --- [Back_End] [http-nio-8080-exec-9] o.s.web.servlet.DispatcherServlet        : GET "/api/classes/student-statistics/10", parameters={}
2025-09-19T11:45:33.325+05:30 DEBUG 22416 --- [Back_End] [http-nio-8080-exec-7] s.w.s.m.m.a.RequestMappingHandlerMapping : Mapped to com.ijse.gdse72.back_end.controller.ClassController#getClassesByStudent(Long)
2025-09-19T11:45:33.325+05:30 DEBUG 22416 --- [Back_End] [http-nio-8080-exec-9] s.w.s.m.m.a.RequestMappingHandlerMapping : Mapped to com.ijse.gdse72.back_end.controller.ClassController#getStudentClassStatistics(Long)
2025-09-19T11:45:33.354+05:30 DEBUG 22416 --- [Back_End] [http-nio-8080-exec-9] o.s.w.s.m.m.a.HttpEntityMethodProcessor  : Using 'application/json', given [*/*] and supported [application/json, application/*+json]
2025-09-19T11:45:33.354+05:30 DEBUG 22416 --- [Back_End] [http-nio-8080-exec-9] o.s.w.s.m.m.a.HttpEntityMethodProcessor  : Writing [com.ijse.gdse72.back_end.dto.ApiResponse@66d8c529]
2025-09-19T11:45:33.356+05:30 DEBUG 22416 --- [Back_End] [http-nio-8080-exec-9] o.s.web.servlet.DispatcherServlet        : Completed 200 OK
2025-09-19T11:45:33.361+05:30 DEBUG 22416 --- [Back_End] [http-nio-8080-exec-7] o.s.w.s.m.m.a.HttpEntityMethodProcessor  : Using 'application/json', given [*/*] and supported [application/json, application/*+json]
2025-09-19T11:45:33.362+05:30 DEBUG 22416 --- [Back_End] [http-nio-8080-exec-7] o.s.w.s.m.m.a.HttpEntityMethodProcessor  : Writing [com.ijse.gdse72.back_end.dto.ApiResponse@36f9502e]
2025-09-19T11:45:33.366+05:30 DEBUG 22416 --- [Back_End] [http-nio-8080-exec-7] o.s.web.servlet.DispatcherServlet        : Completed 200 OK
2025-09-19T11:45:33.813+05:30 DEBUG 22416 --- [Back_End] [http-nio-8080-exec-3] o.s.web.servlet.DispatcherServlet        : GET "/api/classes/student-statistics/10", parameters={}
2025-09-19T11:45:33.814+05:30 DEBUG 22416 --- [Back_End] [http-nio-8080-exec-3] s.w.s.m.m.a.RequestMappingHandlerMapping : Mapped to com.ijse.gdse72.back_end.controller.ClassController#getStudentClassStatistics(Long)
2025-09-19T11:45:33.828+05:30 DEBUG 22416 --- [Back_End] [http-nio-8080-exec-3] o.s.w.s.m.m.a.HttpEntityMethodProcessor  : Using 'application/json', given [*/*] and supported [application/json, application/*+json]
2025-09-19T11:45:33.828+05:30 DEBUG 22416 --- [Back_End] [http-nio-8080-exec-3] o.s.w.s.m.m.a.HttpEntityMethodProcessor  : Writing [com.ijse.gdse72.back_end.dto.ApiResponse@163458f5]
2025-09-19T11:45:33.829+05:30 DEBUG 22416 --- [Back_End] [http-nio-8080-exec-3] o.s.web.servlet.DispatcherServlet        : Completed 200 OK
2025-09-19T11:46:03.820+05:30 DEBUG 22416 --- [Back_End] [http-nio-8080-exec-1] o.s.web.servlet.DispatcherServlet        : GET "/api/classes/student-statistics/10", parameters={}
2025-09-19T11:46:03.820+05:30 DEBUG 22416 --- [Back_End] [http-nio-8080-exec-1] s.w.s.m.m.a.RequestMappingHandlerMapping : Mapped to com.ijse.gdse72.back_end.controller.ClassController#getStudentClassStatistics(Long)
2025-09-19T11:46:03.833+05:30 DEBUG 22416 --- [Back_End] [http-nio-8080-exec-1] o.s.w.s.m.m.a.HttpEntityMethodProcessor  : Using 'application/json', given [*/*] and supported [application/json, application/*+json]
2025-09-19T11:46:03.834+05:30 DEBUG 22416 --- [Back_End] [http-nio-8080-exec-1] o.s.w.s.m.m.a.HttpEntityMethodProcessor  : Writing [com.ijse.gdse72.back_end.dto.ApiResponse@3f4de733]
2025-09-19T11:46:03.835+05:30 DEBUG 22416 --- [Back_End] [http-nio-8080-exec-1] o.s.web.servlet.DispatcherServlet        : Completed 200 OK
2025-09-19T11:46:34.571+05:30 DEBUG 22416 --- [Back_End] [http-nio-8080-exec-7] o.s.web.servlet.DispatcherServlet        : GET "/api/classes/student-statistics/10", parameters={}
2025-09-19T11:46:34.572+05:30 DEBUG 22416 --- [Back_End] [http-nio-8080-exec-7] s.w.s.m.m.a.RequestMappingHandlerMapping : Mapped to com.ijse.gdse72.back_end.controller.ClassController#getStudentClassStatistics(Long)
2025-09-19T11:46:34.587+05:30 DEBUG 22416 --- [Back_End] [http-nio-8080-exec-7] o.s.w.s.m.m.a.HttpEntityMethodProcessor  : Using 'application/json', given [*/*] and supported [application/json, application/*+json]
2025-09-19T11:46:34.588+05:30 DEBUG 22416 --- [Back_End] [http-nio-8080-exec-7] o.s.w.s.m.m.a.HttpEntityMethodProcessor  : Writing [com.ijse.gdse72.back_end.dto.ApiResponse@293f7a1d]
2025-09-19T11:46:34.589+05:30 DEBUG 22416 --- [Back_End] [http-nio-8080-exec-7] o.s.web.servlet.DispatcherServlet        : Completed 200 OK
2025-09-19T11:47:04.757+05:30 DEBUG 22416 --- [Back_End] [http-nio-8080-exec-5] o.s.web.servlet.DispatcherServlet        : GET "/api/classes/student-statistics/10", parameters={}
2025-09-19T11:47:04.757+05:30 DEBUG 22416 --- [Back_End] [http-nio-8080-exec-5] s.w.s.m.m.a.RequestMappingHandlerMapping : Mapped to com.ijse.gdse72.back_end.controller.ClassController#getStudentClassStatistics(Long)
2025-09-19T11:47:04.769+05:30 DEBUG 22416 --- [Back_End] [http-nio-8080-exec-5] o.s.w.s.m.m.a.HttpEntityMethodProcessor  : Using 'application/json', given [*/*] and supported [application/json, application/*+json]
2025-09-19T11:47:04.769+05:30 DEBUG 22416 --- [Back_End] [http-nio-8080-exec-5] o.s.w.s.m.m.a.HttpEntityMethodProcessor  : Writing [com.ijse.gdse72.back_end.dto.ApiResponse@16bbbf1f]
2025-09-19T11:47:04.770+05:30 DEBUG 22416 --- [Back_End] [http-nio-8080-exec-5] o.s.web.servlet.DispatcherServlet        : Completed 200 OK
2025-09-19T11:47:34.754+05:30 DEBUG 22416 --- [Back_End] [http-nio-8080-exec-8] o.s.web.servlet.DispatcherServlet        : GET "/api/classes/student-statistics/10", parameters={}
2025-09-19T11:47:34.754+05:30 DEBUG 22416 --- [Back_End] [http-nio-8080-exec-8] s.w.s.m.m.a.RequestMappingHandlerMapping : Mapped to com.ijse.gdse72.back_end.controller.ClassController#getStudentClassStatistics(Long)
2025-09-19T11:47:34.767+05:30 DEBUG 22416 --- [Back_End] [http-nio-8080-exec-8] o.s.w.s.m.m.a.HttpEntityMethodProcessor  : Using 'application/json', given [*/*] and supported [application/json, application/*+json]
2025-09-19T11:47:34.768+05:30 DEBUG 22416 --- [Back_End] [http-nio-8080-exec-8] o.s.w.s.m.m.a.HttpEntityMethodProcessor  : Writing [com.ijse.gdse72.back_end.dto.ApiResponse@79988451]
2025-09-19T11:47:34.769+05:30 DEBUG 22416 --- [Back_End] [http-nio-8080-exec-8] o.s.web.servlet.DispatcherServlet        : Completed 200 OK
2025-09-19T11:48:57.773+05:30 DEBUG 22416 --- [Back_End] [http-nio-8080-exec-9] o.s.web.servlet.DispatcherServlet        : GET "/api/classes/student-statistics/10", parameters={}
2025-09-19T11:48:57.774+05:30 DEBUG 22416 --- [Back_End] [http-nio-8080-exec-9] s.w.s.m.m.a.RequestMappingHandlerMapping : Mapped to com.ijse.gdse72.back_end.controller.ClassController#getStudentClassStatistics(Long)
2025-09-19T11:48:57.787+05:30 DEBUG 22416 --- [Back_End] [http-nio-8080-exec-9] o.s.w.s.m.m.a.HttpEntityMethodProcessor  : Using 'application/json', given [*/*] and supported [application/json, application/*+json]
2025-09-19T11:48:57.787+05:30 DEBUG 22416 --- [Back_End] [http-nio-8080-exec-9] o.s.w.s.m.m.a.HttpEntityMethodProcessor  : Writing [com.ijse.gdse72.back_end.dto.ApiResponse@588b0136]
2025-09-19T11:48:57.788+05:30 DEBUG 22416 --- [Back_End] [http-nio-8080-exec-9] o.s.web.servlet.DispatcherServlet        : Completed 200 OK
2025-09-19T11:49:57.765+05:30 DEBUG 22416 --- [Back_End] [http-nio-8080-exec-2] o.s.web.servlet.DispatcherServlet        : GET "/api/classes/student-statistics/10", parameters={}
2025-09-19T11:49:57.766+05:30 DEBUG 22416 --- [Back_End] [http-nio-8080-exec-2] s.w.s.m.m.a.RequestMappingHandlerMapping : Mapped to com.ijse.gdse72.back_end.controller.ClassController#getStudentClassStatistics(Long)
2025-09-19T11:49:57.775+05:30 DEBUG 22416 --- [Back_End] [http-nio-8080-exec-2] o.s.w.s.m.m.a.HttpEntityMethodProcessor  : Using 'application/json', given [*/*] and supported [application/json, application/*+json]
2025-09-19T11:49:57.776+05:30 DEBUG 22416 --- [Back_End] [http-nio-8080-exec-2] o.s.w.s.m.m.a.HttpEntityMethodProcessor  : Writing [com.ijse.gdse72.back_end.dto.ApiResponse@6c24f96e]
2025-09-19T11:49:57.776+05:30 DEBUG 22416 --- [Back_End] [http-nio-8080-exec-2] o.s.web.servlet.DispatcherServlet        : Completed 200 OK
2025-09-19T11:50:57.756+05:30 DEBUG 22416 --- [Back_End] [http-nio-8080-exec-5] o.s.web.servlet.DispatcherServlet        : GET "/api/classes/student-statistics/10", parameters={}
2025-09-19T11:50:57.757+05:30 DEBUG 22416 --- [Back_End] [http-nio-8080-exec-5] s.w.s.m.m.a.RequestMappingHandlerMapping : Mapped to com.ijse.gdse72.back_end.controller.ClassController#getStudentClassStatistics(Long)
2025-09-19T11:50:57.767+05:30 DEBUG 22416 --- [Back_End] [http-nio-8080-exec-5] o.s.w.s.m.m.a.HttpEntityMethodProcessor  : Using 'application/json', given [*/*] and supported [application/json, application/*+json]
2025-09-19T11:50:57.767+05:30 DEBUG 22416 --- [Back_End] [http-nio-8080-exec-5] o.s.w.s.m.m.a.HttpEntityMethodProcessor  : Writing [com.ijse.gdse72.back_end.dto.ApiResponse@17c4ed18]
2025-09-19T11:50:57.767+05:30 DEBUG 22416 --- [Back_End] [http-nio-8080-exec-5] o.s.web.servlet.DispatcherServlet        : Completed 200 OK
2025-09-19T11:51:57.764+05:30 DEBUG 22416 --- [Back_End] [http-nio-8080-exec-4] o.s.web.servlet.DispatcherServlet        : GET "/api/classes/student-statistics/10", parameters={}
2025-09-19T11:51:57.765+05:30 DEBUG 22416 --- [Back_End] [http-nio-8080-exec-4] s.w.s.m.m.a.RequestMappingHandlerMapping : Mapped to com.ijse.gdse72.back_end.controller.ClassController#getStudentClassStatistics(Long)
2025-09-19T11:51:57.776+05:30 DEBUG 22416 --- [Back_End] [http-nio-8080-exec-4] o.s.w.s.m.m.a.HttpEntityMethodProcessor  : Using 'application/json', given [*/*] and supported [application/json, application/*+json]
2025-09-19T11:51:57.776+05:30 DEBUG 22416 --- [Back_End] [http-nio-8080-exec-4] o.s.w.s.m.m.a.HttpEntityMethodProcessor  : Writing [com.ijse.gdse72.back_end.dto.ApiResponse@5f92c6e7]
2025-09-19T11:51:57.777+05:30 DEBUG 22416 --- [Back_End] [http-nio-8080-exec-4] o.s.web.servlet.DispatcherServlet        : Completed 200 OK
2025-09-19T11:52:57.760+05:30 DEBUG 22416 --- [Back_End] [http-nio-8080-exec-6] o.s.web.servlet.DispatcherServlet        : GET "/api/classes/student-statistics/10", parameters={}
2025-09-19T11:52:57.760+05:30 DEBUG 22416 --- [Back_End] [http-nio-8080-exec-6] s.w.s.m.m.a.RequestMappingHandlerMapping : Mapped to com.ijse.gdse72.back_end.controller.ClassController#getStudentClassStatistics(Long)
2025-09-19T11:52:57.773+05:30 DEBUG 22416 --- [Back_End] [http-nio-8080-exec-6] o.s.w.s.m.m.a.HttpEntityMethodProcessor  : Using 'application/json', given [*/*] and supported [application/json, application/*+json]
2025-09-19T11:52:57.773+05:30 DEBUG 22416 --- [Back_End] [http-nio-8080-exec-6] o.s.w.s.m.m.a.HttpEntityMethodProcessor  : Writing [com.ijse.gdse72.back_end.dto.ApiResponse@6d791210]
2025-09-19T11:52:57.774+05:30 DEBUG 22416 --- [Back_End] [http-nio-8080-exec-6] o.s.web.servlet.DispatcherServlet        : Completed 200 OK
2025-09-19T11:53:57.761+05:30 DEBUG 22416 --- [Back_End] [http-nio-8080-exec-7] o.s.web.servlet.DispatcherServlet        : GET "/api/classes/student-statistics/10", parameters={}
2025-09-19T11:53:57.761+05:30 DEBUG 22416 --- [Back_End] [http-nio-8080-exec-7] s.w.s.m.m.a.RequestMappingHandlerMapping : Mapped to com.ijse.gdse72.back_end.controller.ClassController#getStudentClassStatistics(Long)
2025-09-19T11:53:57.769+05:30 DEBUG 22416 --- [Back_End] [http-nio-8080-exec-7] o.s.w.s.m.m.a.HttpEntityMethodProcessor  : Using 'application/json', given [*/*] and supported [application/json, application/*+json]
2025-09-19T11:53:57.770+05:30 DEBUG 22416 --- [Back_End] [http-nio-8080-exec-7] o.s.w.s.m.m.a.HttpEntityMethodProcessor  : Writing [com.ijse.gdse72.back_end.dto.ApiResponse@12f2dac0]
2025-09-19T11:53:57.770+05:30 DEBUG 22416 --- [Back_End] [http-nio-8080-exec-7] o.s.web.servlet.DispatcherServlet        : Completed 200 OK
2025-09-19T11:54:57.759+05:30 DEBUG 22416 --- [Back_End] [http-nio-8080-exec-5] o.s.web.servlet.DispatcherServlet        : GET "/api/classes/student-statistics/10", parameters={}
2025-09-19T11:54:57.760+05:30 DEBUG 22416 --- [Back_End] [http-nio-8080-exec-5] s.w.s.m.m.a.RequestMappingHandlerMapping : Mapped to com.ijse.gdse72.back_end.controller.ClassController#getStudentClassStatistics(Long)
2025-09-19T11:54:57.771+05:30 DEBUG 22416 --- [Back_End] [http-nio-8080-exec-5] o.s.w.s.m.m.a.HttpEntityMethodProcessor  : Using 'application/json', given [*/*] and supported [application/json, application/*+json]
2025-09-19T11:54:57.772+05:30 DEBUG 22416 --- [Back_End] [http-nio-8080-exec-5] o.s.w.s.m.m.a.HttpEntityMethodProcessor  : Writing [com.ijse.gdse72.back_end.dto.ApiResponse@3c3f94c9]
2025-09-19T11:54:57.773+05:30 DEBUG 22416 --- [Back_End] [http-nio-8080-exec-5] o.s.web.servlet.DispatcherServlet        : Completed 200 OK
2025-09-19T11:55:47.286+05:30 DEBUG 22416 --- [Back_End] [http-nio-8080-exec-4] o.s.web.servlet.DispatcherServlet        : GET "/api/classes/student-statistics/10", parameters={}
2025-09-19T11:55:47.286+05:30 DEBUG 22416 --- [Back_End] [http-nio-8080-exec-4] s.w.s.m.m.a.RequestMappingHandlerMapping : Mapped to com.ijse.gdse72.back_end.controller.ClassController#getStudentClassStatistics(Long)
2025-09-19T11:55:47.308+05:30 DEBUG 22416 --- [Back_End] [http-nio-8080-exec-4] o.s.w.s.m.m.a.HttpEntityMethodProcessor  : Using 'application/json', given [*/*] and supported [application/json, application/*+json]
2025-09-19T11:55:47.309+05:30 DEBUG 22416 --- [Back_End] [http-nio-8080-exec-4] o.s.w.s.m.m.a.HttpEntityMethodProcessor  : Writing [com.ijse.gdse72.back_end.dto.ApiResponse@2ef9575]
2025-09-19T11:55:47.311+05:30 DEBUG 22416 --- [Back_End] [http-nio-8080-exec-4] o.s.web.servlet.DispatcherServlet        : Completed 200 OK
2025-09-19T11:56:01.028+05:30 DEBUG 22416 --- [Back_End] [http-nio-8080-exec-1] o.s.web.servlet.DispatcherServlet        : POST "/auth/login", parameters={}
2025-09-19T11:56:01.028+05:30 DEBUG 22416 --- [Back_End] [http-nio-8080-exec-1] s.w.s.m.m.a.RequestMappingHandlerMapping : Mapped to com.ijse.gdse72.back_end.controller.AuthController#login(AuthDTO)
2025-09-19T11:56:01.030+05:30 DEBUG 22416 --- [Back_End] [http-nio-8080-exec-1] m.m.a.RequestResponseBodyMethodProcessor : Read "application/json;charset=UTF-8" to [com.ijse.gdse72.back_end.dto.AuthDTO@8da1043]
2025-09-19T11:56:01.123+05:30 DEBUG 22416 --- [Back_End] [http-nio-8080-exec-1] o.s.w.s.m.m.a.HttpEntityMethodProcessor  : Using 'application/json', given [*/*] and supported [application/json, application/*+json]
2025-09-19T11:56:01.123+05:30 DEBUG 22416 --- [Back_End] [http-nio-8080-exec-1] o.s.w.s.m.m.a.HttpEntityMethodProcessor  : Writing [com.ijse.gdse72.back_end.dto.ApiResponse@1f9d9107]
2025-09-19T11:56:01.124+05:30 DEBUG 22416 --- [Back_End] [http-nio-8080-exec-1] o.s.web.servlet.DispatcherServlet        : Completed 200 OK
2025-09-19T11:56:02.324+05:30 DEBUG 22416 --- [Back_End] [http-nio-8080-exec-6] o.s.web.servlet.DispatcherServlet        : GET "/auth/user/1", parameters={}
2025-09-19T11:56:02.324+05:30 DEBUG 22416 --- [Back_End] [http-nio-8080-exec-6] s.w.s.m.m.a.RequestMappingHandlerMapping : Mapped to com.ijse.gdse72.back_end.controller.AuthController#getUserById(Long)
2025-09-19T11:56:02.353+05:30 DEBUG 22416 --- [Back_End] [http-nio-8080-exec-6] o.s.w.s.m.m.a.HttpEntityMethodProcessor  : Using 'application/json', given [*/*] and supported [application/json, application/*+json]
2025-09-19T11:56:02.355+05:30 DEBUG 22416 --- [Back_End] [http-nio-8080-exec-6] o.s.w.s.m.m.a.HttpEntityMethodProcessor  : Writing [com.ijse.gdse72.back_end.dto.ApiResponse@2d3ce03b]
2025-09-19T11:56:02.359+05:30 DEBUG 22416 --- [Back_End] [http-nio-8080-exec-6] o.s.web.servlet.DispatcherServlet        : Completed 200 OK
2025-09-19T11:56:02.365+05:30 DEBUG 22416 --- [Back_End] [http-nio-8080-exec-2] o.s.web.servlet.DispatcherServlet        : GET "/api/classes/teacher/1", parameters={}
2025-09-19T11:56:02.367+05:30 DEBUG 22416 --- [Back_End] [http-nio-8080-exec-2] s.w.s.m.m.a.RequestMappingHandlerMapping : Mapped to com.ijse.gdse72.back_end.controller.ClassController#getClassesByTeacher(Long)
2025-09-19T11:56:02.378+05:30 DEBUG 22416 --- [Back_End] [http-nio-8080-exec-10] o.s.web.servlet.DispatcherServlet        : GET "/api/classes/statistics/1", parameters={}
2025-09-19T11:56:02.379+05:30 DEBUG 22416 --- [Back_End] [http-nio-8080-exec-10] s.w.s.m.m.a.RequestMappingHandlerMapping : Mapped to com.ijse.gdse72.back_end.controller.ClassController#getTeacherStatistics(Long)
2025-09-19T11:56:02.462+05:30 DEBUG 22416 --- [Back_End] [http-nio-8080-exec-2] o.s.w.s.m.m.a.HttpEntityMethodProcessor  : Using 'application/json', given [*/*] and supported [application/json, application/*+json]
2025-09-19T11:56:02.463+05:30 DEBUG 22416 --- [Back_End] [http-nio-8080-exec-2] o.s.w.s.m.m.a.HttpEntityMethodProcessor  : Writing [com.ijse.gdse72.back_end.dto.ApiResponse@7d98ac24]
2025-09-19T11:56:02.466+05:30 DEBUG 22416 --- [Back_End] [http-nio-8080-exec-2] o.s.web.servlet.DispatcherServlet        : Completed 200 OK
2025-09-19T11:56:02.480+05:30 DEBUG 22416 --- [Back_End] [http-nio-8080-exec-10] o.s.w.s.m.m.a.HttpEntityMethodProcessor  : Using 'application/json', given [*/*] and supported [application/json, application/*+json]
2025-09-19T11:56:02.480+05:30 DEBUG 22416 --- [Back_End] [http-nio-8080-exec-10] o.s.w.s.m.m.a.HttpEntityMethodProcessor  : Writing [com.ijse.gdse72.back_end.dto.ApiResponse@596f7c08]
2025-09-19T11:56:02.483+05:30 DEBUG 22416 --- [Back_End] [http-nio-8080-exec-10] o.s.web.servlet.DispatcherServlet        : Completed 200 OK
2025-09-19T11:56:02.832+05:30 DEBUG 22416 --- [Back_End] [http-nio-8080-exec-5] o.s.web.servlet.DispatcherServlet        : GET "/api/classes/statistics/1", parameters={}
2025-09-19T11:56:02.833+05:30 DEBUG 22416 --- [Back_End] [http-nio-8080-exec-5] s.w.s.m.m.a.RequestMappingHandlerMapping : Mapped to com.ijse.gdse72.back_end.controller.ClassController#getTeacherStatistics(Long)
2025-09-19T11:56:02.846+05:30 DEBUG 22416 --- [Back_End] [http-nio-8080-exec-5] o.s.w.s.m.m.a.HttpEntityMethodProcessor  : Using 'application/json', given [*/*] and supported [application/json, application/*+json]
2025-09-19T11:56:02.847+05:30 DEBUG 22416 --- [Back_End] [http-nio-8080-exec-5] o.s.w.s.m.m.a.HttpEntityMethodProcessor  : Writing [com.ijse.gdse72.back_end.dto.ApiResponse@610b3496]
2025-09-19T11:56:02.848+05:30 DEBUG 22416 --- [Back_End] [http-nio-8080-exec-5] o.s.web.servlet.DispatcherServlet        : Completed 200 OK
2025-09-19T11:56:08.646+05:30 DEBUG 22416 --- [Back_End] [http-nio-8080-exec-4] o.s.web.servlet.DispatcherServlet        : GET "/auth/documents/user/1", parameters={}
2025-09-19T11:56:08.647+05:30 DEBUG 22416 --- [Back_End] [http-nio-8080-exec-4] s.w.s.m.m.a.RequestMappingHandlerMapping : Mapped to com.ijse.gdse72.back_end.controller.DocumentController#getDocumentsByUserId(Long)
2025-09-19T11:56:08.658+05:30 DEBUG 22416 --- [Back_End] [http-nio-8080-exec-4] o.s.w.s.m.m.a.HttpEntityMethodProcessor  : Using 'application/json', given [*/*] and supported [application/json, application/*+json]
2025-09-19T11:56:08.658+05:30 DEBUG 22416 --- [Back_End] [http-nio-8080-exec-4] o.s.w.s.m.m.a.HttpEntityMethodProcessor  : Writing [[com.ijse.gdse72.back_end.dto.DocumentDTO@70e295f4, com.ijse.gdse72.back_end.dto.DocumentDTO@2621a04 (truncated)...]
2025-09-19T11:56:08.660+05:30 DEBUG 22416 --- [Back_End] [http-nio-8080-exec-4] o.s.web.servlet.DispatcherServlet        : Completed 200 OK
2025-09-19T11:56:44.501+05:30 DEBUG 22416 --- [Back_End] [http-nio-8080-exec-2] o.s.web.servlet.DispatcherServlet        : GET "/auth/documents/user/1", parameters={}
2025-09-19T11:56:44.502+05:30 DEBUG 22416 --- [Back_End] [http-nio-8080-exec-2] s.w.s.m.m.a.RequestMappingHandlerMapping : Mapped to com.ijse.gdse72.back_end.controller.DocumentController#getDocumentsByUserId(Long)
2025-09-19T11:56:44.511+05:30 DEBUG 22416 --- [Back_End] [http-nio-8080-exec-2] o.s.w.s.m.m.a.HttpEntityMethodProcessor  : Using 'application/json', given [*/*] and supported [application/json, application/*+json]
2025-09-19T11:56:44.511+05:30 DEBUG 22416 --- [Back_End] [http-nio-8080-exec-2] o.s.w.s.m.m.a.HttpEntityMethodProcessor  : Writing [[com.ijse.gdse72.back_end.dto.DocumentDTO@30b8fa0, com.ijse.gdse72.back_end.dto.DocumentDTO@352a85c8 (truncated)...]
2025-09-19T11:56:44.513+05:30 DEBUG 22416 --- [Back_End] [http-nio-8080-exec-2] o.s.web.servlet.DispatcherServlet        : Completed 200 OK
2025-09-19T11:56:47.177+05:30 DEBUG 22416 --- [Back_End] [http-nio-8080-exec-4] o.s.web.servlet.DispatcherServlet        : GET "/auth/documents/6", parameters={}
2025-09-19T11:56:47.177+05:30 DEBUG 22416 --- [Back_End] [http-nio-8080-exec-4] s.w.s.m.m.a.RequestMappingHandlerMapping : Mapped to com.ijse.gdse72.back_end.controller.DocumentController#getDocument(Long)
2025-09-19T11:56:47.187+05:30 DEBUG 22416 --- [Back_End] [http-nio-8080-exec-4] o.s.w.s.m.m.a.HttpEntityMethodProcessor  : Using 'application/json', given [*/*] and supported [application/json, application/*+json]
2025-09-19T11:56:47.188+05:30 DEBUG 22416 --- [Back_End] [http-nio-8080-exec-4] o.s.w.s.m.m.a.HttpEntityMethodProcessor  : Writing [com.ijse.gdse72.back_end.entity.Document@5bf2f367]
2025-09-19T11:56:47.189+05:30 DEBUG 22416 --- [Back_End] [http-nio-8080-exec-4] o.s.web.servlet.DispatcherServlet        : Completed 200 OK
2025-09-19T11:56:49.116+05:30 DEBUG 22416 --- [Back_End] [http-nio-8080-exec-8] o.s.web.servlet.DispatcherServlet        : GET "/auth/documents/user/1", parameters={}
2025-09-19T11:56:49.118+05:30 DEBUG 22416 --- [Back_End] [http-nio-8080-exec-8] s.w.s.m.m.a.RequestMappingHandlerMapping : Mapped to com.ijse.gdse72.back_end.controller.DocumentController#getDocumentsByUserId(Long)
2025-09-19T11:56:49.130+05:30 DEBUG 22416 --- [Back_End] [http-nio-8080-exec-8] o.s.w.s.m.m.a.HttpEntityMethodProcessor  : Using 'application/json', given [*/*] and supported [application/json, application/*+json]
2025-09-19T11:56:49.131+05:30 DEBUG 22416 --- [Back_End] [http-nio-8080-exec-8] o.s.w.s.m.m.a.HttpEntityMethodProcessor  : Writing [[com.ijse.gdse72.back_end.dto.DocumentDTO@7cd6ac4a, com.ijse.gdse72.back_end.dto.DocumentDTO@4c2dd56 (truncated)...]
2025-09-19T11:56:49.133+05:30 DEBUG 22416 --- [Back_End] [http-nio-8080-exec-8] o.s.web.servlet.DispatcherServlet        : Completed 200 OK
2025-09-19T11:56:53.940+05:30 DEBUG 22416 --- [Back_End] [http-nio-8080-exec-9] o.s.web.servlet.DispatcherServlet        : GET "/auth/documents/user/1", parameters={}
2025-09-19T11:56:53.941+05:30 DEBUG 22416 --- [Back_End] [http-nio-8080-exec-9] s.w.s.m.m.a.RequestMappingHandlerMapping : Mapped to com.ijse.gdse72.back_end.controller.DocumentController#getDocumentsByUserId(Long)
2025-09-19T11:56:53.956+05:30 DEBUG 22416 --- [Back_End] [http-nio-8080-exec-9] o.s.w.s.m.m.a.HttpEntityMethodProcessor  : Using 'application/json', given [*/*] and supported [application/json, application/*+json]
2025-09-19T11:56:53.957+05:30 DEBUG 22416 --- [Back_End] [http-nio-8080-exec-9] o.s.w.s.m.m.a.HttpEntityMethodProcessor  : Writing [[com.ijse.gdse72.back_end.dto.DocumentDTO@3568144a, com.ijse.gdse72.back_end.dto.DocumentDTO@38605eb (truncated)...]
2025-09-19T11:56:53.959+05:30 DEBUG 22416 --- [Back_End] [http-nio-8080-exec-9] o.s.web.servlet.DispatcherServlet        : Completed 200 OK
2025-09-19T11:56:57.741+05:30 DEBUG 22416 --- [Back_End] [http-nio-8080-exec-2] o.s.web.servlet.DispatcherServlet        : GET "/auth/documents/user/1", parameters={}
2025-09-19T11:56:57.742+05:30 DEBUG 22416 --- [Back_End] [http-nio-8080-exec-2] s.w.s.m.m.a.RequestMappingHandlerMapping : Mapped to com.ijse.gdse72.back_end.controller.DocumentController#getDocumentsByUserId(Long)
2025-09-19T11:56:57.753+05:30 DEBUG 22416 --- [Back_End] [http-nio-8080-exec-2] o.s.w.s.m.m.a.HttpEntityMethodProcessor  : Using 'application/json', given [*/*] and supported [application/json, application/*+json]
2025-09-19T11:56:57.754+05:30 DEBUG 22416 --- [Back_End] [http-nio-8080-exec-2] o.s.w.s.m.m.a.HttpEntityMethodProcessor  : Writing [[com.ijse.gdse72.back_end.dto.DocumentDTO@47093692, com.ijse.gdse72.back_end.dto.DocumentDTO@10f8c6b (truncated)...]
2025-09-19T11:56:57.758+05:30 DEBUG 22416 --- [Back_End] [http-nio-8080-exec-2] o.s.web.servlet.DispatcherServlet        : Completed 200 OK
2025-09-19T11:57:07.006+05:30 DEBUG 22416 --- [Back_End] [http-nio-8080-exec-3] o.s.web.servlet.DispatcherServlet        : GET "/auth/documents/user/1", parameters={}
2025-09-19T11:57:07.007+05:30 DEBUG 22416 --- [Back_End] [http-nio-8080-exec-3] s.w.s.m.m.a.RequestMappingHandlerMapping : Mapped to com.ijse.gdse72.back_end.controller.DocumentController#getDocumentsByUserId(Long)
2025-09-19T11:57:07.016+05:30 DEBUG 22416 --- [Back_End] [http-nio-8080-exec-3] o.s.w.s.m.m.a.HttpEntityMethodProcessor  : Using 'application/json', given [*/*] and supported [application/json, application/*+json]
2025-09-19T11:57:07.016+05:30 DEBUG 22416 --- [Back_End] [http-nio-8080-exec-3] o.s.w.s.m.m.a.HttpEntityMethodProcessor  : Writing [[com.ijse.gdse72.back_end.dto.DocumentDTO@12049360, com.ijse.gdse72.back_end.dto.DocumentDTO@2bd2d3f (truncated)...]
2025-09-19T11:57:07.018+05:30 DEBUG 22416 --- [Back_End] [http-nio-8080-exec-3] o.s.web.servlet.DispatcherServlet        : Completed 200 OK
2025-09-19T11:57:08.334+05:30 DEBUG 22416 --- [Back_End] [http-nio-8080-exec-4] o.s.web.servlet.DispatcherServlet        : GET "/auth/user/1", parameters={}
2025-09-19T11:57:08.335+05:30 DEBUG 22416 --- [Back_End] [http-nio-8080-exec-4] s.w.s.m.m.a.RequestMappingHandlerMapping : Mapped to com.ijse.gdse72.back_end.controller.AuthController#getUserById(Long)
2025-09-19T11:57:08.346+05:30 DEBUG 22416 --- [Back_End] [http-nio-8080-exec-4] o.s.w.s.m.m.a.HttpEntityMethodProcessor  : Using 'application/json', given [*/*] and supported [application/json, application/*+json]
2025-09-19T11:57:08.347+05:30 DEBUG 22416 --- [Back_End] [http-nio-8080-exec-4] o.s.w.s.m.m.a.HttpEntityMethodProcessor  : Writing [com.ijse.gdse72.back_end.dto.ApiResponse@62e876fc]
2025-09-19T11:57:08.348+05:30 DEBUG 22416 --- [Back_End] [http-nio-8080-exec-4] o.s.web.servlet.DispatcherServlet        : Completed 200 OK
2025-09-19T11:57:08.356+05:30 DEBUG 22416 --- [Back_End] [http-nio-8080-exec-9] o.s.web.servlet.DispatcherServlet        : GET "/api/classes/teacher/1", parameters={}
2025-09-19T11:57:08.356+05:30 DEBUG 22416 --- [Back_End] [http-nio-8080-exec-7] o.s.web.servlet.DispatcherServlet        : GET "/api/classes/statistics/1", parameters={}
2025-09-19T11:57:08.357+05:30 DEBUG 22416 --- [Back_End] [http-nio-8080-exec-9] s.w.s.m.m.a.RequestMappingHandlerMapping : Mapped to com.ijse.gdse72.back_end.controller.ClassController#getClassesByTeacher(Long)
2025-09-19T11:57:08.357+05:30 DEBUG 22416 --- [Back_End] [http-nio-8080-exec-7] s.w.s.m.m.a.RequestMappingHandlerMapping : Mapped to com.ijse.gdse72.back_end.controller.ClassController#getTeacherStatistics(Long)
2025-09-19T11:57:08.372+05:30 DEBUG 22416 --- [Back_End] [http-nio-8080-exec-9] o.s.w.s.m.m.a.HttpEntityMethodProcessor  : Using 'application/json', given [*/*] and supported [application/json, application/*+json]
2025-09-19T11:57:08.373+05:30 DEBUG 22416 --- [Back_End] [http-nio-8080-exec-9] o.s.w.s.m.m.a.HttpEntityMethodProcessor  : Writing [com.ijse.gdse72.back_end.dto.ApiResponse@19c5767d]
2025-09-19T11:57:08.375+05:30 DEBUG 22416 --- [Back_End] [http-nio-8080-exec-9] o.s.web.servlet.DispatcherServlet        : Completed 200 OK
2025-09-19T11:57:08.376+05:30 DEBUG 22416 --- [Back_End] [http-nio-8080-exec-7] o.s.w.s.m.m.a.HttpEntityMethodProcessor  : Using 'application/json', given [*/*] and supported [application/json, application/*+json]
2025-09-19T11:57:08.376+05:30 DEBUG 22416 --- [Back_End] [http-nio-8080-exec-7] o.s.w.s.m.m.a.HttpEntityMethodProcessor  : Writing [com.ijse.gdse72.back_end.dto.ApiResponse@7768e11]
2025-09-19T11:57:08.379+05:30 DEBUG 22416 --- [Back_End] [http-nio-8080-exec-7] o.s.web.servlet.DispatcherServlet        : Completed 200 OK
2025-09-19T11:57:08.850+05:30 DEBUG 22416 --- [Back_End] [http-nio-8080-exec-6] o.s.web.servlet.DispatcherServlet        : GET "/api/classes/statistics/1", parameters={}
2025-09-19T11:57:08.851+05:30 DEBUG 22416 --- [Back_End] [http-nio-8080-exec-6] s.w.s.m.m.a.RequestMappingHandlerMapping : Mapped to com.ijse.gdse72.back_end.controller.ClassController#getTeacherStatistics(Long)
2025-09-19T11:57:08.865+05:30 DEBUG 22416 --- [Back_End] [http-nio-8080-exec-6] o.s.w.s.m.m.a.HttpEntityMethodProcessor  : Using 'application/json', given [*/*] and supported [application/json, application/*+json]
2025-09-19T11:57:08.865+05:30 DEBUG 22416 --- [Back_End] [http-nio-8080-exec-6] o.s.w.s.m.m.a.HttpEntityMethodProcessor  : Writing [com.ijse.gdse72.back_end.dto.ApiResponse@37f7cae8]
2025-09-19T11:57:08.866+05:30 DEBUG 22416 --- [Back_End] [http-nio-8080-exec-6] o.s.web.servlet.DispatcherServlet        : Completed 200 OK
2025-09-19T11:57:38.879+05:30 DEBUG 22416 --- [Back_End] [http-nio-8080-exec-1] o.s.web.servlet.DispatcherServlet        : GET "/api/classes/statistics/1", parameters={}
2025-09-19T11:57:38.880+05:30 DEBUG 22416 --- [Back_End] [http-nio-8080-exec-1] s.w.s.m.m.a.RequestMappingHandlerMapping : Mapped to com.ijse.gdse72.back_end.controller.ClassController#getTeacherStatistics(Long)
2025-09-19T11:57:38.891+05:30 DEBUG 22416 --- [Back_End] [http-nio-8080-exec-1] o.s.w.s.m.m.a.HttpEntityMethodProcessor  : Using 'application/json', given [*/*] and supported [application/json, application/*+json]
2025-09-19T11:57:38.891+05:30 DEBUG 22416 --- [Back_End] [http-nio-8080-exec-1] o.s.w.s.m.m.a.HttpEntityMethodProcessor  : Writing [com.ijse.gdse72.back_end.dto.ApiResponse@6246bb8c]
2025-09-19T11:57:38.892+05:30 DEBUG 22416 --- [Back_End] [http-nio-8080-exec-1] o.s.web.servlet.DispatcherServlet        : Completed 200 OK
2025-09-19T11:57:42.634+05:30 DEBUG 22416 --- [Back_End] [http-nio-8080-exec-9] o.s.web.servlet.DispatcherServlet        : GET "/api/classes/teacher/1", parameters={}
2025-09-19T11:57:42.635+05:30 DEBUG 22416 --- [Back_End] [http-nio-8080-exec-9] s.w.s.m.m.a.RequestMappingHandlerMapping : Mapped to com.ijse.gdse72.back_end.controller.ClassController#getClassesByTeacher(Long)
2025-09-19T11:57:42.654+05:30 DEBUG 22416 --- [Back_End] [http-nio-8080-exec-9] o.s.w.s.m.m.a.HttpEntityMethodProcessor  : Using 'application/json', given [*/*] and supported [application/json, application/*+json]
2025-09-19T11:57:42.654+05:30 DEBUG 22416 --- [Back_End] [http-nio-8080-exec-9] o.s.w.s.m.m.a.HttpEntityMethodProcessor  : Writing [com.ijse.gdse72.back_end.dto.ApiResponse@46e62b9d]
2025-09-19T11:57:42.656+05:30 DEBUG 22416 --- [Back_End] [http-nio-8080-exec-9] o.s.web.servlet.DispatcherServlet        : Completed 200 OK
2025-09-19T11:57:53.560+05:30 DEBUG 22416 --- [Back_End] [http-nio-8080-exec-5] o.s.web.servlet.DispatcherServlet        : GET "/auth/documents/user/1", parameters={}
2025-09-19T11:57:53.561+05:30 DEBUG 22416 --- [Back_End] [http-nio-8080-exec-5] s.w.s.m.m.a.RequestMappingHandlerMapping : Mapped to com.ijse.gdse72.back_end.controller.DocumentController#getDocumentsByUserId(Long)
2025-09-19T11:57:53.570+05:30 DEBUG 22416 --- [Back_End] [http-nio-8080-exec-5] o.s.w.s.m.m.a.HttpEntityMethodProcessor  : Using 'application/json', given [*/*] and supported [application/json, application/*+json]
2025-09-19T11:57:53.570+05:30 DEBUG 22416 --- [Back_End] [http-nio-8080-exec-5] o.s.w.s.m.m.a.HttpEntityMethodProcessor  : Writing [[com.ijse.gdse72.back_end.dto.DocumentDTO@47f50219, com.ijse.gdse72.back_end.dto.DocumentDTO@3302b31 (truncated)...]
2025-09-19T11:57:53.571+05:30 DEBUG 22416 --- [Back_End] [http-nio-8080-exec-5] o.s.web.servlet.DispatcherServlet        : Completed 200 OK
2025-09-19T11:57:57.591+05:30 DEBUG 22416 --- [Back_End] [http-nio-8080-exec-10] o.s.web.servlet.DispatcherServlet        : GET "/api/classes/teacher/1", parameters={}
2025-09-19T11:57:57.592+05:30 DEBUG 22416 --- [Back_End] [http-nio-8080-exec-10] s.w.s.m.m.a.RequestMappingHandlerMapping : Mapped to com.ijse.gdse72.back_end.controller.ClassController#getClassesByTeacher(Long)
2025-09-19T11:57:57.606+05:30 DEBUG 22416 --- [Back_End] [http-nio-8080-exec-10] o.s.w.s.m.m.a.HttpEntityMethodProcessor  : Using 'application/json', given [*/*] and supported [application/json, application/*+json]
2025-09-19T11:57:57.606+05:30 DEBUG 22416 --- [Back_End] [http-nio-8080-exec-10] o.s.w.s.m.m.a.HttpEntityMethodProcessor  : Writing [com.ijse.gdse72.back_end.dto.ApiResponse@b9db2fb]
2025-09-19T11:57:57.607+05:30 DEBUG 22416 --- [Back_End] [http-nio-8080-exec-10] o.s.web.servlet.DispatcherServlet        : Completed 200 OK
2025-09-19T11:57:58.544+05:30 DEBUG 22416 --- [Back_End] [http-nio-8080-exec-2] o.s.web.servlet.DispatcherServlet        : GET "/auth/user/1", parameters={}
2025-09-19T11:57:58.545+05:30 DEBUG 22416 --- [Back_End] [http-nio-8080-exec-2] s.w.s.m.m.a.RequestMappingHandlerMapping : Mapped to com.ijse.gdse72.back_end.controller.AuthController#getUserById(Long)
2025-09-19T11:57:58.559+05:30 DEBUG 22416 --- [Back_End] [http-nio-8080-exec-2] o.s.w.s.m.m.a.HttpEntityMethodProcessor  : Using 'application/json', given [*/*] and supported [application/json, application/*+json]
2025-09-19T11:57:58.559+05:30 DEBUG 22416 --- [Back_End] [http-nio-8080-exec-2] o.s.w.s.m.m.a.HttpEntityMethodProcessor  : Writing [com.ijse.gdse72.back_end.dto.ApiResponse@1ee67be0]
2025-09-19T11:57:58.562+05:30 DEBUG 22416 --- [Back_End] [http-nio-8080-exec-2] o.s.web.servlet.DispatcherServlet        : Completed 200 OK
2025-09-19T11:57:58.562+05:30 DEBUG 22416 --- [Back_End] [http-nio-8080-exec-8] o.s.web.servlet.DispatcherServlet        : GET "/api/classes/teacher/1", parameters={}
2025-09-19T11:57:58.563+05:30 DEBUG 22416 --- [Back_End] [http-nio-8080-exec-8] s.w.s.m.m.a.RequestMappingHandlerMapping : Mapped to com.ijse.gdse72.back_end.controller.ClassController#getClassesByTeacher(Long)
2025-09-19T11:57:58.588+05:30 DEBUG 22416 --- [Back_End] [http-nio-8080-exec-8] o.s.w.s.m.m.a.HttpEntityMethodProcessor  : Using 'application/json', given [*/*] and supported [application/json, application/*+json]
2025-09-19T11:57:58.588+05:30 DEBUG 22416 --- [Back_End] [http-nio-8080-exec-8] o.s.w.s.m.m.a.HttpEntityMethodProcessor  : Writing [com.ijse.gdse72.back_end.dto.ApiResponse@51f1d219]
2025-09-19T11:57:58.591+05:30 DEBUG 22416 --- [Back_End] [http-nio-8080-exec-8] o.s.web.servlet.DispatcherServlet        : Completed 200 OK
2025-09-19T11:57:58.602+05:30 DEBUG 22416 --- [Back_End] [http-nio-8080-exec-4] o.s.web.servlet.DispatcherServlet        : GET "/api/classes/statistics/1", parameters={}
2025-09-19T11:57:58.603+05:30 DEBUG 22416 --- [Back_End] [http-nio-8080-exec-4] s.w.s.m.m.a.RequestMappingHandlerMapping : Mapped to com.ijse.gdse72.back_end.controller.ClassController#getTeacherStatistics(Long)
2025-09-19T11:57:58.625+05:30 DEBUG 22416 --- [Back_End] [http-nio-8080-exec-4] o.s.w.s.m.m.a.HttpEntityMethodProcessor  : Using 'application/json', given [*/*] and supported [application/json, application/*+json]
2025-09-19T11:57:58.626+05:30 DEBUG 22416 --- [Back_End] [http-nio-8080-exec-4] o.s.w.s.m.m.a.HttpEntityMethodProcessor  : Writing [com.ijse.gdse72.back_end.dto.ApiResponse@4fe84e74]
2025-09-19T11:57:58.627+05:30 DEBUG 22416 --- [Back_End] [http-nio-8080-exec-4] o.s.web.servlet.DispatcherServlet        : Completed 200 OK
2025-09-19T11:57:58.999+05:30 DEBUG 22416 --- [Back_End] [http-nio-8080-exec-9] o.s.web.servlet.DispatcherServlet        : GET "/api/classes/statistics/1", parameters={}
2025-09-19T11:57:59.000+05:30 DEBUG 22416 --- [Back_End] [http-nio-8080-exec-9] s.w.s.m.m.a.RequestMappingHandlerMapping : Mapped to com.ijse.gdse72.back_end.controller.ClassController#getTeacherStatistics(Long)
2025-09-19T11:57:59.020+05:30 DEBUG 22416 --- [Back_End] [http-nio-8080-exec-9] o.s.w.s.m.m.a.HttpEntityMethodProcessor  : Using 'application/json', given [*/*] and supported [application/json, application/*+json]
2025-09-19T11:57:59.021+05:30 DEBUG 22416 --- [Back_End] [http-nio-8080-exec-9] o.s.w.s.m.m.a.HttpEntityMethodProcessor  : Writing [com.ijse.gdse72.back_end.dto.ApiResponse@41e5c2b9]
2025-09-19T11:57:59.022+05:30 DEBUG 22416 --- [Back_End] [http-nio-8080-exec-9] o.s.web.servlet.DispatcherServlet        : Completed 200 OK
2025-09-19T11:58:29.010+05:30 DEBUG 22416 --- [Back_End] [http-nio-8080-exec-1] o.s.web.servlet.DispatcherServlet        : GET "/api/classes/statistics/1", parameters={}
2025-09-19T11:58:29.011+05:30 DEBUG 22416 --- [Back_End] [http-nio-8080-exec-1] s.w.s.m.m.a.RequestMappingHandlerMapping : Mapped to com.ijse.gdse72.back_end.controller.ClassController#getTeacherStatistics(Long)
2025-09-19T11:58:29.026+05:30 DEBUG 22416 --- [Back_End] [http-nio-8080-exec-1] o.s.w.s.m.m.a.HttpEntityMethodProcessor  : Using 'application/json', given [*/*] and supported [application/json, application/*+json]
2025-09-19T11:58:29.027+05:30 DEBUG 22416 --- [Back_End] [http-nio-8080-exec-1] o.s.w.s.m.m.a.HttpEntityMethodProcessor  : Writing [com.ijse.gdse72.back_end.dto.ApiResponse@4f2ee2fa]
2025-09-19T11:58:29.027+05:30 DEBUG 22416 --- [Back_End] [http-nio-8080-exec-1] o.s.web.servlet.DispatcherServlet        : Completed 200 OK
2025-09-19T11:58:42.272+05:30 DEBUG 22416 --- [Back_End] [http-nio-8080-exec-8] o.s.web.servlet.DispatcherServlet        : GET "/api/classes/teacher/1", parameters={}
2025-09-19T11:58:42.273+05:30 DEBUG 22416 --- [Back_End] [http-nio-8080-exec-8] s.w.s.m.m.a.RequestMappingHandlerMapping : Mapped to com.ijse.gdse72.back_end.controller.ClassController#getClassesByTeacher(Long)
2025-09-19T11:58:42.289+05:30 DEBUG 22416 --- [Back_End] [http-nio-8080-exec-8] o.s.w.s.m.m.a.HttpEntityMethodProcessor  : Using 'application/json', given [*/*] and supported [application/json, application/*+json]
2025-09-19T11:58:42.289+05:30 DEBUG 22416 --- [Back_End] [http-nio-8080-exec-8] o.s.w.s.m.m.a.HttpEntityMethodProcessor  : Writing [com.ijse.gdse72.back_end.dto.ApiResponse@2cbdaacb]
2025-09-19T11:58:42.291+05:30 DEBUG 22416 --- [Back_End] [http-nio-8080-exec-8] o.s.web.servlet.DispatcherServlet        : Completed 200 OK
2025-09-19T11:58:44.503+05:30 DEBUG 22416 --- [Back_End] [http-nio-8080-exec-9] o.s.web.servlet.DispatcherServlet        : GET "/auth/documents/user/1", parameters={}
2025-09-19T11:58:44.504+05:30 DEBUG 22416 --- [Back_End] [http-nio-8080-exec-9] s.w.s.m.m.a.RequestMappingHandlerMapping : Mapped to com.ijse.gdse72.back_end.controller.DocumentController#getDocumentsByUserId(Long)
2025-09-19T11:58:44.514+05:30 DEBUG 22416 --- [Back_End] [http-nio-8080-exec-9] o.s.w.s.m.m.a.HttpEntityMethodProcessor  : Using 'application/json', given [*/*] and supported [application/json, application/*+json]
2025-09-19T11:58:44.514+05:30 DEBUG 22416 --- [Back_End] [http-nio-8080-exec-9] o.s.w.s.m.m.a.HttpEntityMethodProcessor  : Writing [[com.ijse.gdse72.back_end.dto.DocumentDTO@2fd485b3, com.ijse.gdse72.back_end.dto.DocumentDTO@3abf246 (truncated)...]
2025-09-19T11:58:44.516+05:30 DEBUG 22416 --- [Back_End] [http-nio-8080-exec-9] o.s.web.servlet.DispatcherServlet        : Completed 200 OK
2025-09-19T11:58:47.176+05:30 DEBUG 22416 --- [Back_End] [http-nio-8080-exec-6] o.s.web.servlet.DispatcherServlet        : GET "/auth/user/1", parameters={}
2025-09-19T11:58:47.177+05:30 DEBUG 22416 --- [Back_End] [http-nio-8080-exec-6] s.w.s.m.m.a.RequestMappingHandlerMapping : Mapped to com.ijse.gdse72.back_end.controller.AuthController#getUserById(Long)
2025-09-19T11:58:47.186+05:30 DEBUG 22416 --- [Back_End] [http-nio-8080-exec-6] o.s.w.s.m.m.a.HttpEntityMethodProcessor  : Using 'application/json', given [*/*] and supported [application/json, application/*+json]
2025-09-19T11:58:47.187+05:30 DEBUG 22416 --- [Back_End] [http-nio-8080-exec-6] o.s.w.s.m.m.a.HttpEntityMethodProcessor  : Writing [com.ijse.gdse72.back_end.dto.ApiResponse@2ced8d0a]
2025-09-19T11:58:47.188+05:30 DEBUG 22416 --- [Back_End] [http-nio-8080-exec-6] o.s.web.servlet.DispatcherServlet        : Completed 200 OK
2025-09-19T11:58:47.215+05:30 DEBUG 22416 --- [Back_End] [http-nio-8080-exec-5] o.s.web.servlet.DispatcherServlet        : GET "/api/classes/teacher/1", parameters={}
2025-09-19T11:58:47.215+05:30 DEBUG 22416 --- [Back_End] [http-nio-8080-exec-5] s.w.s.m.m.a.RequestMappingHandlerMapping : Mapped to com.ijse.gdse72.back_end.controller.ClassController#getClassesByTeacher(Long)
2025-09-19T11:58:47.231+05:30 DEBUG 22416 --- [Back_End] [http-nio-8080-exec-5] o.s.w.s.m.m.a.HttpEntityMethodProcessor  : Using 'application/json', given [*/*] and supported [application/json, application/*+json]
2025-09-19T11:58:47.232+05:30 DEBUG 22416 --- [Back_End] [http-nio-8080-exec-5] o.s.w.s.m.m.a.HttpEntityMethodProcessor  : Writing [com.ijse.gdse72.back_end.dto.ApiResponse@30b162c5]
2025-09-19T11:58:47.233+05:30 DEBUG 22416 --- [Back_End] [http-nio-8080-exec-5] o.s.web.servlet.DispatcherServlet        : Completed 200 OK
2025-09-19T11:58:47.237+05:30 DEBUG 22416 --- [Back_End] [http-nio-8080-exec-3] o.s.web.servlet.DispatcherServlet        : GET "/api/classes/statistics/1", parameters={}
2025-09-19T11:58:47.238+05:30 DEBUG 22416 --- [Back_End] [http-nio-8080-exec-3] s.w.s.m.m.a.RequestMappingHandlerMapping : Mapped to com.ijse.gdse72.back_end.controller.ClassController#getTeacherStatistics(Long)
2025-09-19T11:58:47.260+05:30 DEBUG 22416 --- [Back_End] [http-nio-8080-exec-3] o.s.w.s.m.m.a.HttpEntityMethodProcessor  : Using 'application/json', given [*/*] and supported [application/json, application/*+json]
2025-09-19T11:58:47.261+05:30 DEBUG 22416 --- [Back_End] [http-nio-8080-exec-3] o.s.w.s.m.m.a.HttpEntityMethodProcessor  : Writing [com.ijse.gdse72.back_end.dto.ApiResponse@2535799b]
2025-09-19T11:58:47.262+05:30 DEBUG 22416 --- [Back_End] [http-nio-8080-exec-3] o.s.web.servlet.DispatcherServlet        : Completed 200 OK
2025-09-19T11:58:47.651+05:30 DEBUG 22416 --- [Back_End] [http-nio-8080-exec-10] o.s.web.servlet.DispatcherServlet        : GET "/api/classes/statistics/1", parameters={}
2025-09-19T11:58:47.651+05:30 DEBUG 22416 --- [Back_End] [http-nio-8080-exec-10] s.w.s.m.m.a.RequestMappingHandlerMapping : Mapped to com.ijse.gdse72.back_end.controller.ClassController#getTeacherStatistics(Long)
2025-09-19T11:58:47.664+05:30 DEBUG 22416 --- [Back_End] [http-nio-8080-exec-10] o.s.w.s.m.m.a.HttpEntityMethodProcessor  : Using 'application/json', given [*/*] and supported [application/json, application/*+json]
2025-09-19T11:58:47.664+05:30 DEBUG 22416 --- [Back_End] [http-nio-8080-exec-10] o.s.w.s.m.m.a.HttpEntityMethodProcessor  : Writing [com.ijse.gdse72.back_end.dto.ApiResponse@7486a2ae]
2025-09-19T11:58:47.666+05:30 DEBUG 22416 --- [Back_End] [http-nio-8080-exec-10] o.s.web.servlet.DispatcherServlet        : Completed 200 OK
2025-09-19T11:59:17.655+05:30 DEBUG 22416 --- [Back_End] [http-nio-8080-exec-2] o.s.web.servlet.DispatcherServlet        : GET "/api/classes/statistics/1", parameters={}
2025-09-19T11:59:17.656+05:30 DEBUG 22416 --- [Back_End] [http-nio-8080-exec-2] s.w.s.m.m.a.RequestMappingHandlerMapping : Mapped to com.ijse.gdse72.back_end.controller.ClassController#getTeacherStatistics(Long)
2025-09-19T11:59:17.671+05:30 DEBUG 22416 --- [Back_End] [http-nio-8080-exec-2] o.s.w.s.m.m.a.HttpEntityMethodProcessor  : Using 'application/json', given [*/*] and supported [application/json, application/*+json]
2025-09-19T11:59:17.672+05:30 DEBUG 22416 --- [Back_End] [http-nio-8080-exec-2] o.s.w.s.m.m.a.HttpEntityMethodProcessor  : Writing [com.ijse.gdse72.back_end.dto.ApiResponse@798452f7]
2025-09-19T11:59:17.674+05:30 DEBUG 22416 --- [Back_End] [http-nio-8080-exec-2] o.s.web.servlet.DispatcherServlet        : Completed 200 OK
2025-09-19T11:59:18.520+05:30 DEBUG 22416 --- [Back_End] [http-nio-8080-exec-9] o.s.web.servlet.DispatcherServlet        : GET "/api/classes/2", parameters={}
2025-09-19T11:59:18.521+05:30 DEBUG 22416 --- [Back_End] [http-nio-8080-exec-9] s.w.s.m.m.a.RequestMappingHandlerMapping : Mapped to com.ijse.gdse72.back_end.controller.ClassController#getClassById(Long)
2025-09-19T11:59:18.522+05:30 DEBUG 22416 --- [Back_End] [http-nio-8080-exec-6] o.s.web.servlet.DispatcherServlet        : GET "/api/classes/2/users", parameters={}
2025-09-19T11:59:18.522+05:30 DEBUG 22416 --- [Back_End] [http-nio-8080-exec-6] s.w.s.m.m.a.RequestMappingHandlerMapping : Mapped to com.ijse.gdse72.back_end.controller.ClassController#getUsersByClass(Long)
2025-09-19T11:59:18.539+05:30 DEBUG 22416 --- [Back_End] [http-nio-8080-exec-6] o.s.w.s.m.m.a.HttpEntityMethodProcessor  : Using 'application/json', given [application/json, text/javascript, */*;q=0.01] and supported [application/json, application/*+json]
2025-09-19T11:59:18.539+05:30 DEBUG 22416 --- [Back_End] [http-nio-8080-exec-9] o.s.w.s.m.m.a.HttpEntityMethodProcessor  : Using 'application/json', given [*/*] and supported [application/json, application/*+json]
2025-09-19T11:59:18.539+05:30 DEBUG 22416 --- [Back_End] [http-nio-8080-exec-6] o.s.w.s.m.m.a.HttpEntityMethodProcessor  : Writing [com.ijse.gdse72.back_end.dto.ApiResponse@133912e1]
2025-09-19T11:59:18.539+05:30 DEBUG 22416 --- [Back_End] [http-nio-8080-exec-9] o.s.w.s.m.m.a.HttpEntityMethodProcessor  : Writing [com.ijse.gdse72.back_end.dto.ApiResponse@4c69f84c]
2025-09-19T11:59:18.542+05:30 DEBUG 22416 --- [Back_End] [http-nio-8080-exec-9] o.s.web.servlet.DispatcherServlet        : Completed 200 OK
2025-09-19T11:59:18.544+05:30 DEBUG 22416 --- [Back_End] [http-nio-8080-exec-6] o.s.web.servlet.DispatcherServlet        : Completed 200 OK
2025-09-19T11:59:31.578+05:30 DEBUG 22416 --- [Back_End] [http-nio-8080-exec-5] o.s.web.servlet.DispatcherServlet        : GET "/api/classes/2", parameters={}
2025-09-19T11:59:31.578+05:30 DEBUG 22416 --- [Back_End] [http-nio-8080-exec-5] s.w.s.m.m.a.RequestMappingHandlerMapping : Mapped to com.ijse.gdse72.back_end.controller.ClassController#getClassById(Long)
2025-09-19T11:59:31.586+05:30 DEBUG 22416 --- [Back_End] [http-nio-8080-exec-5] o.s.w.s.m.m.a.HttpEntityMethodProcessor  : Using 'application/json', given [*/*] and supported [application/json, application/*+json]
2025-09-19T11:59:31.586+05:30 DEBUG 22416 --- [Back_End] [http-nio-8080-exec-5] o.s.w.s.m.m.a.HttpEntityMethodProcessor  : Writing [com.ijse.gdse72.back_end.dto.ApiResponse@4d33cee4]
2025-09-19T11:59:31.587+05:30 DEBUG 22416 --- [Back_End] [http-nio-8080-exec-5] o.s.web.servlet.DispatcherServlet        : Completed 200 OK
2025-09-19T12:01:46.581+05:30 DEBUG 22416 --- [Back_End] [http-nio-8080-exec-4] o.s.web.servlet.DispatcherServlet        : GET "/auth/documents/user/1", parameters={}
2025-09-19T12:01:46.582+05:30 DEBUG 22416 --- [Back_End] [http-nio-8080-exec-4] s.w.s.m.m.a.RequestMappingHandlerMapping : Mapped to com.ijse.gdse72.back_end.controller.DocumentController#getDocumentsByUserId(Long)
2025-09-19T12:01:46.590+05:30 DEBUG 22416 --- [Back_End] [http-nio-8080-exec-4] o.s.w.s.m.m.a.HttpEntityMethodProcessor  : Using 'application/json', given [*/*] and supported [application/json, application/*+json]
2025-09-19T12:01:46.591+05:30 DEBUG 22416 --- [Back_End] [http-nio-8080-exec-4] o.s.w.s.m.m.a.HttpEntityMethodProcessor  : Writing [[com.ijse.gdse72.back_end.dto.DocumentDTO@6535a348, com.ijse.gdse72.back_end.dto.DocumentDTO@17e374d (truncated)...]
2025-09-19T12:01:46.592+05:30 DEBUG 22416 --- [Back_End] [http-nio-8080-exec-4] o.s.web.servlet.DispatcherServlet        : Completed 200 OK
2025-09-19T12:02:00.404+05:30 DEBUG 22416 --- [Back_End] [http-nio-8080-exec-9] o.s.web.servlet.DispatcherServlet        : GET "/auth/user/1", parameters={}
2025-09-19T12:02:00.405+05:30 DEBUG 22416 --- [Back_End] [http-nio-8080-exec-9] s.w.s.m.m.a.RequestMappingHandlerMapping : Mapped to com.ijse.gdse72.back_end.controller.AuthController#getUserById(Long)
2025-09-19T12:02:00.416+05:30 DEBUG 22416 --- [Back_End] [http-nio-8080-exec-9] o.s.w.s.m.m.a.HttpEntityMethodProcessor  : Using 'application/json', given [*/*] and supported [application/json, application/*+json]
2025-09-19T12:02:00.416+05:30 DEBUG 22416 --- [Back_End] [http-nio-8080-exec-9] o.s.w.s.m.m.a.HttpEntityMethodProcessor  : Writing [com.ijse.gdse72.back_end.dto.ApiResponse@4251ceef]
2025-09-19T12:02:00.419+05:30 DEBUG 22416 --- [Back_End] [http-nio-8080-exec-9] o.s.web.servlet.DispatcherServlet        : Completed 200 OK
2025-09-19T12:02:00.430+05:30 DEBUG 22416 --- [Back_End] [http-nio-8080-exec-5] o.s.web.servlet.DispatcherServlet        : GET "/api/classes/statistics/1", parameters={}
2025-09-19T12:02:00.430+05:30 DEBUG 22416 --- [Back_End] [http-nio-8080-exec-3] o.s.web.servlet.DispatcherServlet        : GET "/api/classes/teacher/1", parameters={}
2025-09-19T12:02:00.431+05:30 DEBUG 22416 --- [Back_End] [http-nio-8080-exec-5] s.w.s.m.m.a.RequestMappingHandlerMapping : Mapped to com.ijse.gdse72.back_end.controller.ClassController#getTeacherStatistics(Long)
2025-09-19T12:02:00.431+05:30 DEBUG 22416 --- [Back_End] [http-nio-8080-exec-3] s.w.s.m.m.a.RequestMappingHandlerMapping : Mapped to com.ijse.gdse72.back_end.controller.ClassController#getClassesByTeacher(Long)
2025-09-19T12:02:00.446+05:30 DEBUG 22416 --- [Back_End] [http-nio-8080-exec-3] o.s.w.s.m.m.a.HttpEntityMethodProcessor  : Using 'application/json', given [*/*] and supported [application/json, application/*+json]
2025-09-19T12:02:00.446+05:30 DEBUG 22416 --- [Back_End] [http-nio-8080-exec-3] o.s.w.s.m.m.a.HttpEntityMethodProcessor  : Writing [com.ijse.gdse72.back_end.dto.ApiResponse@1517005]
2025-09-19T12:02:00.448+05:30 DEBUG 22416 --- [Back_End] [http-nio-8080-exec-3] o.s.web.servlet.DispatcherServlet        : Completed 200 OK
2025-09-19T12:02:00.449+05:30 DEBUG 22416 --- [Back_End] [http-nio-8080-exec-5] o.s.w.s.m.m.a.HttpEntityMethodProcessor  : Using 'application/json', given [*/*] and supported [application/json, application/*+json]
2025-09-19T12:02:00.450+05:30 DEBUG 22416 --- [Back_End] [http-nio-8080-exec-5] o.s.w.s.m.m.a.HttpEntityMethodProcessor  : Writing [com.ijse.gdse72.back_end.dto.ApiResponse@1a3e058c]
2025-09-19T12:02:00.452+05:30 DEBUG 22416 --- [Back_End] [http-nio-8080-exec-5] o.s.web.servlet.DispatcherServlet        : Completed 200 OK
2025-09-19T12:02:00.865+05:30 DEBUG 22416 --- [Back_End] [http-nio-8080-exec-10] o.s.web.servlet.DispatcherServlet        : GET "/api/classes/statistics/1", parameters={}
2025-09-19T12:02:00.866+05:30 DEBUG 22416 --- [Back_End] [http-nio-8080-exec-10] s.w.s.m.m.a.RequestMappingHandlerMapping : Mapped to com.ijse.gdse72.back_end.controller.ClassController#getTeacherStatistics(Long)
2025-09-19T12:02:00.876+05:30 DEBUG 22416 --- [Back_End] [http-nio-8080-exec-10] o.s.w.s.m.m.a.HttpEntityMethodProcessor  : Using 'application/json', given [*/*] and supported [application/json, application/*+json]
2025-09-19T12:02:00.876+05:30 DEBUG 22416 --- [Back_End] [http-nio-8080-exec-10] o.s.w.s.m.m.a.HttpEntityMethodProcessor  : Writing [com.ijse.gdse72.back_end.dto.ApiResponse@420934d9]
2025-09-19T12:02:00.877+05:30 DEBUG 22416 --- [Back_End] [http-nio-8080-exec-10] o.s.web.servlet.DispatcherServlet        : Completed 200 OK
2025-09-19T12:02:31.776+05:30 DEBUG 22416 --- [Back_End] [http-nio-8080-exec-7] o.s.web.servlet.DispatcherServlet        : GET "/api/classes/statistics/1", parameters={}
2025-09-19T12:02:31.777+05:30 DEBUG 22416 --- [Back_End] [http-nio-8080-exec-7] s.w.s.m.m.a.RequestMappingHandlerMapping : Mapped to com.ijse.gdse72.back_end.controller.ClassController#getTeacherStatistics(Long)
2025-09-19T12:02:31.805+05:30 DEBUG 22416 --- [Back_End] [http-nio-8080-exec-7] o.s.w.s.m.m.a.HttpEntityMethodProcessor  : Using 'application/json', given [*/*] and supported [application/json, application/*+json]
2025-09-19T12:02:31.805+05:30 DEBUG 22416 --- [Back_End] [http-nio-8080-exec-7] o.s.w.s.m.m.a.HttpEntityMethodProcessor  : Writing [com.ijse.gdse72.back_end.dto.ApiResponse@7269418e]
2025-09-19T12:02:31.807+05:30 DEBUG 22416 --- [Back_End] [http-nio-8080-exec-7] o.s.web.servlet.DispatcherServlet        : Completed 200 OK
2025-09-19T12:03:01.759+05:30 DEBUG 22416 --- [Back_End] [http-nio-8080-exec-5] o.s.web.servlet.DispatcherServlet        : GET "/api/classes/statistics/1", parameters={}
2025-09-19T12:03:01.760+05:30 DEBUG 22416 --- [Back_End] [http-nio-8080-exec-5] s.w.s.m.m.a.RequestMappingHandlerMapping : Mapped to com.ijse.gdse72.back_end.controller.ClassController#getTeacherStatistics(Long)
2025-09-19T12:03:01.772+05:30 DEBUG 22416 --- [Back_End] [http-nio-8080-exec-5] o.s.w.s.m.m.a.HttpEntityMethodProcessor  : Using 'application/json', given [*/*] and supported [application/json, application/*+json]
2025-09-19T12:03:01.773+05:30 DEBUG 22416 --- [Back_End] [http-nio-8080-exec-5] o.s.w.s.m.m.a.HttpEntityMethodProcessor  : Writing [com.ijse.gdse72.back_end.dto.ApiResponse@1bf77c44]
2025-09-19T12:03:01.774+05:30 DEBUG 22416 --- [Back_End] [http-nio-8080-exec-5] o.s.web.servlet.DispatcherServlet        : Completed 200 OK
2025-09-19T12:03:31.765+05:30 DEBUG 22416 --- [Back_End] [http-nio-8080-exec-8] o.s.web.servlet.DispatcherServlet        : GET "/api/classes/statistics/1", parameters={}
2025-09-19T12:03:31.765+05:30 DEBUG 22416 --- [Back_End] [http-nio-8080-exec-8] s.w.s.m.m.a.RequestMappingHandlerMapping : Mapped to com.ijse.gdse72.back_end.controller.ClassController#getTeacherStatistics(Long)
2025-09-19T12:03:31.775+05:30 DEBUG 22416 --- [Back_End] [http-nio-8080-exec-8] o.s.w.s.m.m.a.HttpEntityMethodProcessor  : Using 'application/json', given [*/*] and supported [application/json, application/*+json]
2025-09-19T12:03:31.775+05:30 DEBUG 22416 --- [Back_End] [http-nio-8080-exec-8] o.s.w.s.m.m.a.HttpEntityMethodProcessor  : Writing [com.ijse.gdse72.back_end.dto.ApiResponse@4ae4357b]
2025-09-19T12:03:31.776+05:30 DEBUG 22416 --- [Back_End] [http-nio-8080-exec-8] o.s.web.servlet.DispatcherServlet        : Completed 200 OK
2025-09-19T12:04:01.757+05:30 DEBUG 22416 --- [Back_End] [http-nio-8080-exec-4] o.s.web.servlet.DispatcherServlet        : GET "/api/classes/statistics/1", parameters={}
2025-09-19T12:04:01.758+05:30 DEBUG 22416 --- [Back_End] [http-nio-8080-exec-4] s.w.s.m.m.a.RequestMappingHandlerMapping : Mapped to com.ijse.gdse72.back_end.controller.ClassController#getTeacherStatistics(Long)
2025-09-19T12:04:01.768+05:30 DEBUG 22416 --- [Back_End] [http-nio-8080-exec-4] o.s.w.s.m.m.a.HttpEntityMethodProcessor  : Using 'application/json', given [*/*] and supported [application/json, application/*+json]
2025-09-19T12:04:01.768+05:30 DEBUG 22416 --- [Back_End] [http-nio-8080-exec-4] o.s.w.s.m.m.a.HttpEntityMethodProcessor  : Writing [com.ijse.gdse72.back_end.dto.ApiResponse@6342f79c]
2025-09-19T12:04:01.769+05:30 DEBUG 22416 --- [Back_End] [http-nio-8080-exec-4] o.s.web.servlet.DispatcherServlet        : Completed 200 OK
2025-09-19T12:04:28.983+05:30 DEBUG 22416 --- [Back_End] [http-nio-8080-exec-7] o.s.web.servlet.DispatcherServlet        : GET "/api/classes/2", parameters={}
2025-09-19T12:04:28.984+05:30 DEBUG 22416 --- [Back_End] [http-nio-8080-exec-7] s.w.s.m.m.a.RequestMappingHandlerMapping : Mapped to com.ijse.gdse72.back_end.controller.ClassController#getClassById(Long)
2025-09-19T12:04:28.994+05:30 DEBUG 22416 --- [Back_End] [http-nio-8080-exec-9] o.s.web.servlet.DispatcherServlet        : GET "/api/classes/2/users", parameters={}
2025-09-19T12:04:28.995+05:30 DEBUG 22416 --- [Back_End] [http-nio-8080-exec-9] s.w.s.m.m.a.RequestMappingHandlerMapping : Mapped to com.ijse.gdse72.back_end.controller.ClassController#getUsersByClass(Long)
2025-09-19T12:04:28.998+05:30 DEBUG 22416 --- [Back_End] [http-nio-8080-exec-7] o.s.w.s.m.m.a.HttpEntityMethodProcessor  : Using 'application/json', given [*/*] and supported [application/json, application/*+json]
2025-09-19T12:04:28.999+05:30 DEBUG 22416 --- [Back_End] [http-nio-8080-exec-7] o.s.w.s.m.m.a.HttpEntityMethodProcessor  : Writing [com.ijse.gdse72.back_end.dto.ApiResponse@615f1a7f]
2025-09-19T12:04:29.001+05:30 DEBUG 22416 --- [Back_End] [http-nio-8080-exec-7] o.s.web.servlet.DispatcherServlet        : Completed 200 OK
2025-09-19T12:04:29.008+05:30 DEBUG 22416 --- [Back_End] [http-nio-8080-exec-9] o.s.w.s.m.m.a.HttpEntityMethodProcessor  : Using 'application/json', given [application/json, text/javascript, */*;q=0.01] and supported [application/json, application/*+json]
2025-09-19T12:04:29.009+05:30 DEBUG 22416 --- [Back_End] [http-nio-8080-exec-9] o.s.w.s.m.m.a.HttpEntityMethodProcessor  : Writing [com.ijse.gdse72.back_end.dto.ApiResponse@4237cba4]
2025-09-19T12:04:29.010+05:30 DEBUG 22416 --- [Back_End] [http-nio-8080-exec-9] o.s.web.servlet.DispatcherServlet        : Completed 200 OK
2025-09-19T12:04:30.838+05:30 DEBUG 22416 --- [Back_End] [http-nio-8080-exec-3] o.s.web.servlet.DispatcherServlet        : GET "/ws-chat/info?t=1758263670818", parameters={masked}
2025-09-19T12:04:30.839+05:30 DEBUG 22416 --- [Back_End] [http-nio-8080-exec-3] o.s.w.s.s.s.WebSocketHandlerMapping      : Mapped to org.springframework.web.socket.sockjs.support.SockJsHttpRequestHandler@1c66272b
2025-09-19T12:04:30.843+05:30 DEBUG 22416 --- [Back_End] [http-nio-8080-exec-3] o.s.w.s.s.t.h.DefaultSockJsService       : Processing transport request: GET http://localhost:8080/ws-chat/info?t=1758263670818
2025-09-19T12:04:30.845+05:30 DEBUG 22416 --- [Back_End] [http-nio-8080-exec-3] o.s.web.servlet.DispatcherServlet        : Completed 200 OK
2025-09-19T12:04:30.854+05:30 DEBUG 22416 --- [Back_End] [http-nio-8080-exec-5] o.s.web.servlet.DispatcherServlet        : GET "/ws-chat/000/3swgo0ur/websocket", parameters={}
2025-09-19T12:04:30.854+05:30 DEBUG 22416 --- [Back_End] [http-nio-8080-exec-5] o.s.w.s.s.s.WebSocketHandlerMapping      : Mapped to org.springframework.web.socket.sockjs.support.SockJsHttpRequestHandler@1c66272b
2025-09-19T12:04:30.856+05:30 DEBUG 22416 --- [Back_End] [http-nio-8080-exec-5] o.s.w.s.s.t.h.DefaultSockJsService       : Processing transport request: GET http://localhost:8080/ws-chat/000/3swgo0ur/websocket
2025-09-19T12:04:30.895+05:30 DEBUG 22416 --- [Back_End] [http-nio-8080-exec-5] o.s.web.servlet.DispatcherServlet        : Completed 101 SWITCHING_PROTOCOLS
2025-09-19T12:04:30.915+05:30 DEBUG 22416 --- [Back_End] [http-nio-8080-exec-5] s.w.s.h.LoggingWebSocketHandlerDecorator : New WebSocketServerSockJsSession[id=3swgo0ur]
2025-09-19T12:04:30.944+05:30 DEBUG 22416 --- [Back_End] [clientInboundChannel-2] org.springframework.web.SimpLogging      : Processing CONNECT session=3swgo0ur
2025-09-19T12:04:30.956+05:30 DEBUG 22416 --- [Back_End] [clientInboundChannel-6] org.springframework.web.SimpLogging      : Processing SUBSCRIBE destination=/topic/messages-user3swgo0ur subscriptionId=sub-0 session=3swgo0ur payload=byte[0]
2025-09-19T12:04:30.968+05:30 DEBUG 22416 --- [Back_End] [http-nio-8080-exec-1] o.s.web.servlet.DispatcherServlet        : GET "/api/chats/1/10", parameters={}
2025-09-19T12:04:30.968+05:30 DEBUG 22416 --- [Back_End] [http-nio-8080-exec-1] s.w.s.m.m.a.RequestMappingHandlerMapping : Mapped to com.ijse.gdse72.back_end.controller.ChatController#getChatHistory(String, String)
2025-09-19T12:04:30.991+05:30 DEBUG 22416 --- [Back_End] [http-nio-8080-exec-1] m.m.a.RequestResponseBodyMethodProcessor : Using 'application/json', given [*/*] and supported [application/json, application/*+json]
2025-09-19T12:04:30.991+05:30 DEBUG 22416 --- [Back_End] [http-nio-8080-exec-1] m.m.a.RequestResponseBodyMethodProcessor : Writing [[]]
2025-09-19T12:04:30.992+05:30 DEBUG 22416 --- [Back_End] [http-nio-8080-exec-1] o.s.web.servlet.DispatcherServlet        : Completed 200 OK
2025-09-19T12:04:32.939+05:30 DEBUG 22416 --- [Back_End] [http-nio-8080-exec-2] o.s.web.servlet.DispatcherServlet        : GET "/api/chats/1/2", parameters={}
2025-09-19T12:04:32.940+05:30 DEBUG 22416 --- [Back_End] [http-nio-8080-exec-2] s.w.s.m.m.a.RequestMappingHandlerMapping : Mapped to com.ijse.gdse72.back_end.controller.ChatController#getChatHistory(String, String)
2025-09-19T12:04:32.949+05:30 DEBUG 22416 --- [Back_End] [http-nio-8080-exec-2] m.m.a.RequestResponseBodyMethodProcessor : Using 'application/json', given [*/*] and supported [application/json, application/*+json]
2025-09-19T12:04:32.953+05:30 DEBUG 22416 --- [Back_End] [http-nio-8080-exec-2] m.m.a.RequestResponseBodyMethodProcessor : Writing [[ChatMessageDTO(chatId=63, senderId=2, receiverId=1, classId=null, message=Sir, I’m a bit confused a (truncated)...]
2025-09-19T12:04:32.955+05:30 DEBUG 22416 --- [Back_End] [http-nio-8080-exec-2] o.s.web.servlet.DispatcherServlet        : Completed 200 OK
2025-09-19T12:04:37.934+05:30 DEBUG 22416 --- [Back_End] [http-nio-8080-exec-7] o.s.web.servlet.DispatcherServlet        : GET "/api/chats/1/4", parameters={}
2025-09-19T12:04:37.934+05:30 DEBUG 22416 --- [Back_End] [http-nio-8080-exec-7] s.w.s.m.m.a.RequestMappingHandlerMapping : Mapped to com.ijse.gdse72.back_end.controller.ChatController#getChatHistory(String, String)
2025-09-19T12:04:37.938+05:30 DEBUG 22416 --- [Back_End] [http-nio-8080-exec-7] m.m.a.RequestResponseBodyMethodProcessor : Using 'application/json', given [*/*] and supported [application/json, application/*+json]
2025-09-19T12:04:37.938+05:30 DEBUG 22416 --- [Back_End] [http-nio-8080-exec-7] m.m.a.RequestResponseBodyMethodProcessor : Writing [[]]
2025-09-19T12:04:37.939+05:30 DEBUG 22416 --- [Back_End] [http-nio-8080-exec-7] o.s.web.servlet.DispatcherServlet        : Completed 200 OK
2025-09-19T12:04:39.421+05:30 DEBUG 22416 --- [Back_End] [http-nio-8080-exec-3] o.s.web.servlet.DispatcherServlet        : GET "/api/chats/1/5", parameters={}
2025-09-19T12:04:39.422+05:30 DEBUG 22416 --- [Back_End] [http-nio-8080-exec-3] s.w.s.m.m.a.RequestMappingHandlerMapping : Mapped to com.ijse.gdse72.back_end.controller.ChatController#getChatHistory(String, String)
2025-09-19T12:04:39.430+05:30 DEBUG 22416 --- [Back_End] [http-nio-8080-exec-3] m.m.a.RequestResponseBodyMethodProcessor : Using 'application/json', given [*/*] and supported [application/json, application/*+json]
2025-09-19T12:04:39.430+05:30 DEBUG 22416 --- [Back_End] [http-nio-8080-exec-3] m.m.a.RequestResponseBodyMethodProcessor : Writing [[]]
2025-09-19T12:04:39.431+05:30 DEBUG 22416 --- [Back_End] [http-nio-8080-exec-3] o.s.web.servlet.DispatcherServlet        : Completed 200 OK
2025-09-19T12:04:40.437+05:30 DEBUG 22416 --- [Back_End] [http-nio-8080-exec-10] o.s.web.servlet.DispatcherServlet        : GET "/api/chats/1/9", parameters={}
2025-09-19T12:04:40.438+05:30 DEBUG 22416 --- [Back_End] [http-nio-8080-exec-10] s.w.s.m.m.a.RequestMappingHandlerMapping : Mapped to com.ijse.gdse72.back_end.controller.ChatController#getChatHistory(String, String)
2025-09-19T12:04:40.451+05:30 DEBUG 22416 --- [Back_End] [http-nio-8080-exec-10] m.m.a.RequestResponseBodyMethodProcessor : Using 'application/json', given [*/*] and supported [application/json, application/*+json]
2025-09-19T12:04:40.451+05:30 DEBUG 22416 --- [Back_End] [http-nio-8080-exec-10] m.m.a.RequestResponseBodyMethodProcessor : Writing [[]]
2025-09-19T12:04:40.452+05:30 DEBUG 22416 --- [Back_End] [http-nio-8080-exec-10] o.s.web.servlet.DispatcherServlet        : Completed 200 OK
2025-09-19T12:04:41.697+05:30 DEBUG 22416 --- [Back_End] [http-nio-8080-exec-1] o.s.web.servlet.DispatcherServlet        : GET "/api/chats/1/10", parameters={}
2025-09-19T12:04:41.697+05:30 DEBUG 22416 --- [Back_End] [http-nio-8080-exec-1] s.w.s.m.m.a.RequestMappingHandlerMapping : Mapped to com.ijse.gdse72.back_end.controller.ChatController#getChatHistory(String, String)
2025-09-19T12:04:41.700+05:30 DEBUG 22416 --- [Back_End] [http-nio-8080-exec-1] m.m.a.RequestResponseBodyMethodProcessor : Using 'application/json', given [*/*] and supported [application/json, application/*+json]
2025-09-19T12:04:41.700+05:30 DEBUG 22416 --- [Back_End] [http-nio-8080-exec-1] m.m.a.RequestResponseBodyMethodProcessor : Writing [[]]
2025-09-19T12:04:41.701+05:30 DEBUG 22416 --- [Back_End] [http-nio-8080-exec-1] o.s.web.servlet.DispatcherServlet        : Completed 200 OK
2025-09-19T12:04:43.726+05:30 DEBUG 22416 --- [Back_End] [http-nio-8080-exec-2] o.s.web.servlet.DispatcherServlet        : GET "/api/chats/1/2", parameters={}
2025-09-19T12:04:43.726+05:30 DEBUG 22416 --- [Back_End] [http-nio-8080-exec-2] s.w.s.m.m.a.RequestMappingHandlerMapping : Mapped to com.ijse.gdse72.back_end.controller.ChatController#getChatHistory(String, String)
2025-09-19T12:04:43.729+05:30 DEBUG 22416 --- [Back_End] [http-nio-8080-exec-2] m.m.a.RequestResponseBodyMethodProcessor : Using 'application/json', given [*/*] and supported [application/json, application/*+json]
2025-09-19T12:04:43.731+05:30 DEBUG 22416 --- [Back_End] [http-nio-8080-exec-2] m.m.a.RequestResponseBodyMethodProcessor : Writing [[ChatMessageDTO(chatId=63, senderId=2, receiverId=1, classId=null, message=Sir, I’m a bit confused a (truncated)...]
2025-09-19T12:04:43.731+05:30 DEBUG 22416 --- [Back_End] [http-nio-8080-exec-2] o.s.web.servlet.DispatcherServlet        : Completed 200 OK
2025-09-19T12:06:00.503+05:30 DEBUG 22416 --- [Back_End] [http-nio-8080-exec-5] o.s.web.servlet.DispatcherServlet        : GET "/api/chats/1/4", parameters={}
2025-09-19T12:06:00.503+05:30 DEBUG 22416 --- [Back_End] [http-nio-8080-exec-5] s.w.s.m.m.a.RequestMappingHandlerMapping : Mapped to com.ijse.gdse72.back_end.controller.ChatController#getChatHistory(String, String)
2025-09-19T12:06:00.507+05:30 DEBUG 22416 --- [Back_End] [http-nio-8080-exec-5] m.m.a.RequestResponseBodyMethodProcessor : Using 'application/json', given [*/*] and supported [application/json, application/*+json]
2025-09-19T12:06:00.507+05:30 DEBUG 22416 --- [Back_End] [http-nio-8080-exec-5] m.m.a.RequestResponseBodyMethodProcessor : Writing [[]]
2025-09-19T12:06:00.508+05:30 DEBUG 22416 --- [Back_End] [http-nio-8080-exec-5] o.s.web.servlet.DispatcherServlet        : Completed 200 OK
2025-09-19T12:06:01.554+05:30 DEBUG 22416 --- [Back_End] [http-nio-8080-exec-10] o.s.web.servlet.DispatcherServlet        : GET "/api/chats/1/4", parameters={}
2025-09-19T12:06:01.555+05:30 DEBUG 22416 --- [Back_End] [http-nio-8080-exec-10] s.w.s.m.m.a.RequestMappingHandlerMapping : Mapped to com.ijse.gdse72.back_end.controller.ChatController#getChatHistory(String, String)
2025-09-19T12:06:01.557+05:30 DEBUG 22416 --- [Back_End] [http-nio-8080-exec-10] m.m.a.RequestResponseBodyMethodProcessor : Using 'application/json', given [*/*] and supported [application/json, application/*+json]
2025-09-19T12:06:01.557+05:30 DEBUG 22416 --- [Back_End] [http-nio-8080-exec-10] m.m.a.RequestResponseBodyMethodProcessor : Writing [[]]
2025-09-19T12:06:01.558+05:30 DEBUG 22416 --- [Back_End] [http-nio-8080-exec-10] o.s.web.servlet.DispatcherServlet        : Completed 200 OK
2025-09-19T12:06:02.491+05:30 DEBUG 22416 --- [Back_End] [http-nio-8080-exec-1] o.s.web.servlet.DispatcherServlet        : GET "/api/chats/1/2", parameters={}
2025-09-19T12:06:02.492+05:30 DEBUG 22416 --- [Back_End] [http-nio-8080-exec-1] s.w.s.m.m.a.RequestMappingHandlerMapping : Mapped to com.ijse.gdse72.back_end.controller.ChatController#getChatHistory(String, String)
2025-09-19T12:06:02.495+05:30 DEBUG 22416 --- [Back_End] [http-nio-8080-exec-1] m.m.a.RequestResponseBodyMethodProcessor : Using 'application/json', given [*/*] and supported [application/json, application/*+json]
2025-09-19T12:06:02.496+05:30 DEBUG 22416 --- [Back_End] [http-nio-8080-exec-1] m.m.a.RequestResponseBodyMethodProcessor : Writing [[ChatMessageDTO(chatId=63, senderId=2, receiverId=1, classId=null, message=Sir, I’m a bit confused a (truncated)...]
2025-09-19T12:06:02.497+05:30 DEBUG 22416 --- [Back_End] [http-nio-8080-exec-1] o.s.web.servlet.DispatcherServlet        : Completed 200 OK
2025-09-19T12:06:08.899+05:30 DEBUG 22416 --- [Back_End] [http-nio-8080-exec-4] s.w.s.h.LoggingWebSocketHandlerDecorator : WebSocketServerSockJsSession[id=3swgo0ur] closed with CloseStatus[code=1000, reason=null]
2025-09-19T12:06:08.899+05:30 DEBUG 22416 --- [Back_End] [http-nio-8080-exec-4] o.s.w.s.m.SubProtocolWebSocketHandler    : Clearing session 3swgo0ur
2025-09-19T12:06:08.901+05:30 DEBUG 22416 --- [Back_End] [clientInboundChannel-8] org.springframework.web.SimpLogging      : Processing DISCONNECT session=3swgo0ur
2025-09-19T12:06:08.902+05:30 DEBUG 22416 --- [Back_End] [clientOutboundChannel-2] o.s.w.s.m.SubProtocolWebSocketHandler    : No session for GenericMessage [payload=byte[0], headers={simpMessageType=DISCONNECT_ACK, simpDisconnectMessage=GenericMessage [payload=byte[0], headers={simpMessageType=DISCONNECT, stompCommand=DISCONNECT, simpSessionAttributes={org.springframework.messaging.simp.SimpAttributes.COMPLETED=true}, simpSessionId=3swgo0ur}], simpSessionId=3swgo0ur}]
2025-09-19T12:06:09.013+05:30 DEBUG 22416 --- [Back_End] [http-nio-8080-exec-2] o.s.web.servlet.DispatcherServlet        : GET "/auth/user/1", parameters={}
2025-09-19T12:06:09.014+05:30 DEBUG 22416 --- [Back_End] [http-nio-8080-exec-2] s.w.s.m.m.a.RequestMappingHandlerMapping : Mapped to com.ijse.gdse72.back_end.controller.AuthController#getUserById(Long)
2025-09-19T12:06:09.026+05:30 DEBUG 22416 --- [Back_End] [http-nio-8080-exec-2] o.s.w.s.m.m.a.HttpEntityMethodProcessor  : Using 'application/json', given [*/*] and supported [application/json, application/*+json]
2025-09-19T12:06:09.027+05:30 DEBUG 22416 --- [Back_End] [http-nio-8080-exec-2] o.s.w.s.m.m.a.HttpEntityMethodProcessor  : Writing [com.ijse.gdse72.back_end.dto.ApiResponse@77ff2148]
2025-09-19T12:06:09.029+05:30 DEBUG 22416 --- [Back_End] [http-nio-8080-exec-2] o.s.web.servlet.DispatcherServlet        : Completed 200 OK
2025-09-19T12:06:09.040+05:30 DEBUG 22416 --- [Back_End] [http-nio-8080-exec-9] o.s.web.servlet.DispatcherServlet        : GET "/api/classes/teacher/1", parameters={}
2025-09-19T12:06:09.041+05:30 DEBUG 22416 --- [Back_End] [http-nio-8080-exec-9] s.w.s.m.m.a.RequestMappingHandlerMapping : Mapped to com.ijse.gdse72.back_end.controller.ClassController#getClassesByTeacher(Long)
2025-09-19T12:06:09.041+05:30 DEBUG 22416 --- [Back_End] [http-nio-8080-exec-3] o.s.web.servlet.DispatcherServlet        : GET "/api/classes/statistics/1", parameters={}
2025-09-19T12:06:09.041+05:30 DEBUG 22416 --- [Back_End] [http-nio-8080-exec-3] s.w.s.m.m.a.RequestMappingHandlerMapping : Mapped to com.ijse.gdse72.back_end.controller.ClassController#getTeacherStatistics(Long)
2025-09-19T12:06:09.056+05:30 DEBUG 22416 --- [Back_End] [http-nio-8080-exec-9] o.s.w.s.m.m.a.HttpEntityMethodProcessor  : Using 'application/json', given [*/*] and supported [application/json, application/*+json]
2025-09-19T12:06:09.057+05:30 DEBUG 22416 --- [Back_End] [http-nio-8080-exec-9] o.s.w.s.m.m.a.HttpEntityMethodProcessor  : Writing [com.ijse.gdse72.back_end.dto.ApiResponse@58d9ca30]
2025-09-19T12:06:09.058+05:30 DEBUG 22416 --- [Back_End] [http-nio-8080-exec-9] o.s.web.servlet.DispatcherServlet        : Completed 200 OK
2025-09-19T12:06:09.060+05:30 DEBUG 22416 --- [Back_End] [http-nio-8080-exec-3] o.s.w.s.m.m.a.HttpEntityMethodProcessor  : Using 'application/json', given [*/*] and supported [application/json, application/*+json]
2025-09-19T12:06:09.060+05:30 DEBUG 22416 --- [Back_End] [http-nio-8080-exec-3] o.s.w.s.m.m.a.HttpEntityMethodProcessor  : Writing [com.ijse.gdse72.back_end.dto.ApiResponse@5860185d]
2025-09-19T12:06:09.061+05:30 DEBUG 22416 --- [Back_End] [http-nio-8080-exec-3] o.s.web.servlet.DispatcherServlet        : Completed 200 OK
2025-09-19T12:06:09.469+05:30 DEBUG 22416 --- [Back_End] [http-nio-8080-exec-5] o.s.web.servlet.DispatcherServlet        : GET "/api/classes/statistics/1", parameters={}
2025-09-19T12:06:09.469+05:30 DEBUG 22416 --- [Back_End] [http-nio-8080-exec-5] s.w.s.m.m.a.RequestMappingHandlerMapping : Mapped to com.ijse.gdse72.back_end.controller.ClassController#getTeacherStatistics(Long)
2025-09-19T12:06:09.481+05:30 DEBUG 22416 --- [Back_End] [http-nio-8080-exec-5] o.s.w.s.m.m.a.HttpEntityMethodProcessor  : Using 'application/json', given [*/*] and supported [application/json, application/*+json]
2025-09-19T12:06:09.481+05:30 DEBUG 22416 --- [Back_End] [http-nio-8080-exec-5] o.s.w.s.m.m.a.HttpEntityMethodProcessor  : Writing [com.ijse.gdse72.back_end.dto.ApiResponse@36c7d09]
2025-09-19T12:06:09.482+05:30 DEBUG 22416 --- [Back_End] [http-nio-8080-exec-5] o.s.web.servlet.DispatcherServlet        : Completed 200 OK
2025-09-19T12:06:15.870+05:30 DEBUG 22416 --- [Back_End] [MessageBroker-2] o.s.w.s.s.t.h.DefaultSockJsService       : Closed 1 sessions: [3swgo0ur]
2025-09-19T12:06:26.196+05:30 DEBUG 22416 --- [Back_End] [http-nio-8080-exec-4] o.s.web.servlet.DispatcherServlet        : GET "/auth/user/2", parameters={}
2025-09-19T12:06:26.197+05:30 DEBUG 22416 --- [Back_End] [http-nio-8080-exec-4] s.w.s.m.m.a.RequestMappingHandlerMapping : Mapped to com.ijse.gdse72.back_end.controller.AuthController#getUserById(Long)
2025-09-19T12:06:26.215+05:30 DEBUG 22416 --- [Back_End] [http-nio-8080-exec-4] o.s.w.s.m.m.a.HttpEntityMethodProcessor  : Using 'application/json', given [*/*] and supported [application/json, application/*+json]
2025-09-19T12:06:26.215+05:30 DEBUG 22416 --- [Back_End] [http-nio-8080-exec-4] o.s.w.s.m.m.a.HttpEntityMethodProcessor  : Writing [com.ijse.gdse72.back_end.dto.ApiResponse@5ca57a0a]
2025-09-19T12:06:26.217+05:30 DEBUG 22416 --- [Back_End] [http-nio-8080-exec-4] o.s.web.servlet.DispatcherServlet        : Completed 200 OK
2025-09-19T12:06:26.212+05:30 ERROR 22416 --- [Back_End] [http-nio-8080-exec-2] c.i.gdse72.back_end.util.JwtAuthFilter   : JWT processing failed

io.jsonwebtoken.MalformedJwtException: JWT strings must contain exactly 2 period characters. Found: 0
	at io.jsonwebtoken.impl.DefaultJwtParser.parse(DefaultJwtParser.java:275) ~[jjwt-impl-0.11.5.jar:0.11.5]
	at io.jsonwebtoken.impl.DefaultJwtParser.parse(DefaultJwtParser.java:529) ~[jjwt-impl-0.11.5.jar:0.11.5]
	at io.jsonwebtoken.impl.DefaultJwtParser.parseClaimsJws(DefaultJwtParser.java:589) ~[jjwt-impl-0.11.5.jar:0.11.5]
	at io.jsonwebtoken.impl.ImmutableJwtParser.parseClaimsJws(ImmutableJwtParser.java:173) ~[jjwt-impl-0.11.5.jar:0.11.5]
	at com.ijse.gdse72.back_end.util.JwtUtil.extractUsername(JwtUtil.java:33) ~[classes/:na]
	at com.ijse.gdse72.back_end.util.JwtAuthFilter.doFilterInternal(JwtAuthFilter.java:48) ~[classes/:na]
	at org.springframework.web.filter.OncePerRequestFilter.doFilter(OncePerRequestFilter.java:116) ~[spring-web-6.2.10.jar:6.2.10]
	at org.springframework.security.web.FilterChainProxy$VirtualFilterChain.doFilter(FilterChainProxy.java:374) ~[spring-security-web-6.5.3.jar:6.5.3]
	at org.springframework.security.web.authentication.logout.LogoutFilter.doFilter(LogoutFilter.java:107) ~[spring-security-web-6.5.3.jar:6.5.3]
	at org.springframework.security.web.authentication.logout.LogoutFilter.doFilter(LogoutFilter.java:93) ~[spring-security-web-6.5.3.jar:6.5.3]
	at org.springframework.security.web.FilterChainProxy$VirtualFilterChain.doFilter(FilterChainProxy.java:374) ~[spring-security-web-6.5.3.jar:6.5.3]
	at org.springframework.web.filter.CorsFilter.doFilterInternal(CorsFilter.java:91) ~[spring-web-6.2.10.jar:6.2.10]
	at org.springframework.web.filter.OncePerRequestFilter.doFilter(OncePerRequestFilter.java:116) ~[spring-web-6.2.10.jar:6.2.10]
	at org.springframework.security.web.FilterChainProxy$VirtualFilterChain.doFilter(FilterChainProxy.java:374) ~[spring-security-web-6.5.3.jar:6.5.3]
	at org.springframework.security.web.header.HeaderWriterFilter.doHeadersAfter(HeaderWriterFilter.java:90) ~[spring-security-web-6.5.3.jar:6.5.3]
	at org.springframework.security.web.header.HeaderWriterFilter.doFilterInternal(HeaderWriterFilter.java:75) ~[spring-security-web-6.5.3.jar:6.5.3]
	at org.springframework.web.filter.OncePerRequestFilter.doFilter(OncePerRequestFilter.java:116) ~[spring-web-6.2.10.jar:6.2.10]
	at org.springframework.security.web.FilterChainProxy$VirtualFilterChain.doFilter(FilterChainProxy.java:374) ~[spring-security-web-6.5.3.jar:6.5.3]
	at org.springframework.security.web.context.SecurityContextHolderFilter.doFilter(SecurityContextHolderFilter.java:82) ~[spring-security-web-6.5.3.jar:6.5.3]
	at org.springframework.security.web.context.SecurityContextHolderFilter.doFilter(SecurityContextHolderFilter.java:69) ~[spring-security-web-6.5.3.jar:6.5.3]
	at org.springframework.security.web.FilterChainProxy$VirtualFilterChain.doFilter(FilterChainProxy.java:374) ~[spring-security-web-6.5.3.jar:6.5.3]
	at org.springframework.security.web.context.request.async.WebAsyncManagerIntegrationFilter.doFilterInternal(WebAsyncManagerIntegrationFilter.java:62) ~[spring-security-web-6.5.3.jar:6.5.3]
	at org.springframework.web.filter.OncePerRequestFilter.doFilter(OncePerRequestFilter.java:116) ~[spring-web-6.2.10.jar:6.2.10]
	at org.springframework.security.web.FilterChainProxy$VirtualFilterChain.doFilter(FilterChainProxy.java:374) ~[spring-security-web-6.5.3.jar:6.5.3]
	at org.springframework.security.web.session.DisableEncodeUrlFilter.doFilterInternal(DisableEncodeUrlFilter.java:42) ~[spring-security-web-6.5.3.jar:6.5.3]
	at org.springframework.web.filter.OncePerRequestFilter.doFilter(OncePerRequestFilter.java:116) ~[spring-web-6.2.10.jar:6.2.10]
	at org.springframework.security.web.FilterChainProxy$VirtualFilterChain.doFilter(FilterChainProxy.java:374) ~[spring-security-web-6.5.3.jar:6.5.3]
	at org.springframework.security.web.FilterChainProxy.doFilterInternal(FilterChainProxy.java:233) ~[spring-security-web-6.5.3.jar:6.5.3]
	at org.springframework.security.web.FilterChainProxy.doFilter(FilterChainProxy.java:191) ~[spring-security-web-6.5.3.jar:6.5.3]
	at org.springframework.web.filter.CompositeFilter$VirtualFilterChain.doFilter(CompositeFilter.java:113) ~[spring-web-6.2.10.jar:6.2.10]
	at org.springframework.web.filter.ServletRequestPathFilter.doFilter(ServletRequestPathFilter.java:52) ~[spring-web-6.2.10.jar:6.2.10]
	at org.springframework.web.filter.CompositeFilter$VirtualFilterChain.doFilter(CompositeFilter.java:113) ~[spring-web-6.2.10.jar:6.2.10]
	at org.springframework.web.filter.CompositeFilter.doFilter(CompositeFilter.java:74) ~[spring-web-6.2.10.jar:6.2.10]
	at org.springframework.security.config.annotation.web.configuration.WebSecurityConfiguration$CompositeFilterChainProxy.doFilter(WebSecurityConfiguration.java:319) ~[spring-security-config-6.5.3.jar:6.5.3]
	at org.springframework.web.filter.CompositeFilter$VirtualFilterChain.doFilter(CompositeFilter.java:113) ~[spring-web-6.2.10.jar:6.2.10]
	at org.springframework.web.servlet.handler.HandlerMappingIntrospector.lambda$createCacheFilter$4(HandlerMappingIntrospector.java:267) ~[spring-webmvc-6.2.10.jar:6.2.10]
	at org.springframework.web.filter.CompositeFilter$VirtualFilterChain.doFilter(CompositeFilter.java:113) ~[spring-web-6.2.10.jar:6.2.10]
	at org.springframework.web.filter.CompositeFilter.doFilter(CompositeFilter.java:74) ~[spring-web-6.2.10.jar:6.2.10]
	at org.springframework.security.config.annotation.web.configuration.WebMvcSecurityConfiguration$CompositeFilterChainProxy.doFilter(WebMvcSecurityConfiguration.java:240) ~[spring-security-config-6.5.3.jar:6.5.3]
	at org.springframework.web.filter.DelegatingFilterProxy.invokeDelegate(DelegatingFilterProxy.java:362) ~[spring-web-6.2.10.jar:6.2.10]
	at org.springframework.web.filter.DelegatingFilterProxy.doFilter(DelegatingFilterProxy.java:278) ~[spring-web-6.2.10.jar:6.2.10]
	at org.apache.catalina.core.ApplicationFilterChain.internalDoFilter(ApplicationFilterChain.java:164) ~[tomcat-embed-core-10.1.44.jar:10.1.44]
	at org.apache.catalina.core.ApplicationFilterChain.doFilter(ApplicationFilterChain.java:140) ~[tomcat-embed-core-10.1.44.jar:10.1.44]
	at org.springframework.web.filter.RequestContextFilter.doFilterInternal(RequestContextFilter.java:100) ~[spring-web-6.2.10.jar:6.2.10]
	at org.springframework.web.filter.OncePerRequestFilter.doFilter(OncePerRequestFilter.java:116) ~[spring-web-6.2.10.jar:6.2.10]
	at org.apache.catalina.core.ApplicationFilterChain.internalDoFilter(ApplicationFilterChain.java:164) ~[tomcat-embed-core-10.1.44.jar:10.1.44]
	at org.apache.catalina.core.ApplicationFilterChain.doFilter(ApplicationFilterChain.java:140) ~[tomcat-embed-core-10.1.44.jar:10.1.44]
	at org.springframework.web.filter.FormContentFilter.doFilterInternal(FormContentFilter.java:93) ~[spring-web-6.2.10.jar:6.2.10]
	at org.springframework.web.filter.OncePerRequestFilter.doFilter(OncePerRequestFilter.java:116) ~[spring-web-6.2.10.jar:6.2.10]
	at org.apache.catalina.core.ApplicationFilterChain.internalDoFilter(ApplicationFilterChain.java:164) ~[tomcat-embed-core-10.1.44.jar:10.1.44]
	at org.apache.catalina.core.ApplicationFilterChain.doFilter(ApplicationFilterChain.java:140) ~[tomcat-embed-core-10.1.44.jar:10.1.44]
	at org.springframework.web.filter.CharacterEncodingFilter.doFilterInternal(CharacterEncodingFilter.java:201) ~[spring-web-6.2.10.jar:6.2.10]
	at org.springframework.web.filter.OncePerRequestFilter.doFilter(OncePerRequestFilter.java:116) ~[spring-web-6.2.10.jar:6.2.10]
	at org.apache.catalina.core.ApplicationFilterChain.internalDoFilter(ApplicationFilterChain.java:164) ~[tomcat-embed-core-10.1.44.jar:10.1.44]
	at org.apache.catalina.core.ApplicationFilterChain.doFilter(ApplicationFilterChain.java:140) ~[tomcat-embed-core-10.1.44.jar:10.1.44]
	at org.apache.catalina.core.StandardWrapperValve.invoke(StandardWrapperValve.java:167) ~[tomcat-embed-core-10.1.44.jar:10.1.44]
	at org.apache.catalina.core.StandardContextValve.invoke(StandardContextValve.java:90) ~[tomcat-embed-core-10.1.44.jar:10.1.44]
	at org.apache.catalina.authenticator.AuthenticatorBase.invoke(AuthenticatorBase.java:483) ~[tomcat-embed-core-10.1.44.jar:10.1.44]
	at org.apache.catalina.core.StandardHostValve.invoke(StandardHostValve.java:116) ~[tomcat-embed-core-10.1.44.jar:10.1.44]
	at org.apache.catalina.valves.ErrorReportValve.invoke(ErrorReportValve.java:93) ~[tomcat-embed-core-10.1.44.jar:10.1.44]
	at org.apache.catalina.core.StandardEngineValve.invoke(StandardEngineValve.java:74) ~[tomcat-embed-core-10.1.44.jar:10.1.44]
	at org.apache.catalina.connector.CoyoteAdapter.service(CoyoteAdapter.java:344) ~[tomcat-embed-core-10.1.44.jar:10.1.44]
	at org.apache.coyote.http11.Http11Processor.service(Http11Processor.java:398) ~[tomcat-embed-core-10.1.44.jar:10.1.44]
	at org.apache.coyote.AbstractProcessorLight.process(AbstractProcessorLight.java:63) ~[tomcat-embed-core-10.1.44.jar:10.1.44]
	at org.apache.coyote.AbstractProtocol$ConnectionHandler.process(AbstractProtocol.java:903) ~[tomcat-embed-core-10.1.44.jar:10.1.44]
	at org.apache.tomcat.util.net.NioEndpoint$SocketProcessor.doRun(NioEndpoint.java:1769) ~[tomcat-embed-core-10.1.44.jar:10.1.44]
	at org.apache.tomcat.util.net.SocketProcessorBase.run(SocketProcessorBase.java:52) ~[tomcat-embed-core-10.1.44.jar:10.1.44]
	at org.apache.tomcat.util.threads.ThreadPoolExecutor.runWorker(ThreadPoolExecutor.java:1189) ~[tomcat-embed-core-10.1.44.jar:10.1.44]
	at org.apache.tomcat.util.threads.ThreadPoolExecutor$Worker.run(ThreadPoolExecutor.java:658) ~[tomcat-embed-core-10.1.44.jar:10.1.44]
	at org.apache.tomcat.util.threads.TaskThread$WrappingRunnable.run(TaskThread.java:63) ~[tomcat-embed-core-10.1.44.jar:10.1.44]
	at java.base/java.lang.Thread.run(Thread.java:1583) ~[na:na]

2025-09-19T12:06:26.211+05:30 ERROR 22416 --- [Back_End] [http-nio-8080-exec-9] c.i.gdse72.back_end.util.JwtAuthFilter   : JWT processing failed

io.jsonwebtoken.MalformedJwtException: JWT strings must contain exactly 2 period characters. Found: 0
	at io.jsonwebtoken.impl.DefaultJwtParser.parse(DefaultJwtParser.java:275) ~[jjwt-impl-0.11.5.jar:0.11.5]
	at io.jsonwebtoken.impl.DefaultJwtParser.parse(DefaultJwtParser.java:529) ~[jjwt-impl-0.11.5.jar:0.11.5]
	at io.jsonwebtoken.impl.DefaultJwtParser.parseClaimsJws(DefaultJwtParser.java:589) ~[jjwt-impl-0.11.5.jar:0.11.5]
	at io.jsonwebtoken.impl.ImmutableJwtParser.parseClaimsJws(ImmutableJwtParser.java:173) ~[jjwt-impl-0.11.5.jar:0.11.5]
	at com.ijse.gdse72.back_end.util.JwtUtil.extractUsername(JwtUtil.java:33) ~[classes/:na]
	at com.ijse.gdse72.back_end.util.JwtAuthFilter.doFilterInternal(JwtAuthFilter.java:48) ~[classes/:na]
	at org.springframework.web.filter.OncePerRequestFilter.doFilter(OncePerRequestFilter.java:116) ~[spring-web-6.2.10.jar:6.2.10]
	at org.springframework.security.web.FilterChainProxy$VirtualFilterChain.doFilter(FilterChainProxy.java:374) ~[spring-security-web-6.5.3.jar:6.5.3]
	at org.springframework.security.web.authentication.logout.LogoutFilter.doFilter(LogoutFilter.java:107) ~[spring-security-web-6.5.3.jar:6.5.3]
	at org.springframework.security.web.authentication.logout.LogoutFilter.doFilter(LogoutFilter.java:93) ~[spring-security-web-6.5.3.jar:6.5.3]
	at org.springframework.security.web.FilterChainProxy$VirtualFilterChain.doFilter(FilterChainProxy.java:374) ~[spring-security-web-6.5.3.jar:6.5.3]
	at org.springframework.web.filter.CorsFilter.doFilterInternal(CorsFilter.java:91) ~[spring-web-6.2.10.jar:6.2.10]
	at org.springframework.web.filter.OncePerRequestFilter.doFilter(OncePerRequestFilter.java:116) ~[spring-web-6.2.10.jar:6.2.10]
	at org.springframework.security.web.FilterChainProxy$VirtualFilterChain.doFilter(FilterChainProxy.java:374) ~[spring-security-web-6.5.3.jar:6.5.3]
	at org.springframework.security.web.header.HeaderWriterFilter.doHeadersAfter(HeaderWriterFilter.java:90) ~[spring-security-web-6.5.3.jar:6.5.3]
	at org.springframework.security.web.header.HeaderWriterFilter.doFilterInternal(HeaderWriterFilter.java:75) ~[spring-security-web-6.5.3.jar:6.5.3]
	at org.springframework.web.filter.OncePerRequestFilter.doFilter(OncePerRequestFilter.java:116) ~[spring-web-6.2.10.jar:6.2.10]
	at org.springframework.security.web.FilterChainProxy$VirtualFilterChain.doFilter(FilterChainProxy.java:374) ~[spring-security-web-6.5.3.jar:6.5.3]
	at org.springframework.security.web.context.SecurityContextHolderFilter.doFilter(SecurityContextHolderFilter.java:82) ~[spring-security-web-6.5.3.jar:6.5.3]
	at org.springframework.security.web.context.SecurityContextHolderFilter.doFilter(SecurityContextHolderFilter.java:69) ~[spring-security-web-6.5.3.jar:6.5.3]
	at org.springframework.security.web.FilterChainProxy$VirtualFilterChain.doFilter(FilterChainProxy.java:374) ~[spring-security-web-6.5.3.jar:6.5.3]
	at org.springframework.security.web.context.request.async.WebAsyncManagerIntegrationFilter.doFilterInternal(WebAsyncManagerIntegrationFilter.java:62) ~[spring-security-web-6.5.3.jar:6.5.3]
	at org.springframework.web.filter.OncePerRequestFilter.doFilter(OncePerRequestFilter.java:116) ~[spring-web-6.2.10.jar:6.2.10]
	at org.springframework.security.web.FilterChainProxy$VirtualFilterChain.doFilter(FilterChainProxy.java:374) ~[spring-security-web-6.5.3.jar:6.5.3]
	at org.springframework.security.web.session.DisableEncodeUrlFilter.doFilterInternal(DisableEncodeUrlFilter.java:42) ~[spring-security-web-6.5.3.jar:6.5.3]
	at org.springframework.web.filter.OncePerRequestFilter.doFilter(OncePerRequestFilter.java:116) ~[spring-web-6.2.10.jar:6.2.10]
	at org.springframework.security.web.FilterChainProxy$VirtualFilterChain.doFilter(FilterChainProxy.java:374) ~[spring-security-web-6.5.3.jar:6.5.3]
	at org.springframework.security.web.FilterChainProxy.doFilterInternal(FilterChainProxy.java:233) ~[spring-security-web-6.5.3.jar:6.5.3]
	at org.springframework.security.web.FilterChainProxy.doFilter(FilterChainProxy.java:191) ~[spring-security-web-6.5.3.jar:6.5.3]
	at org.springframework.web.filter.CompositeFilter$VirtualFilterChain.doFilter(CompositeFilter.java:113) ~[spring-web-6.2.10.jar:6.2.10]
	at org.springframework.web.filter.ServletRequestPathFilter.doFilter(ServletRequestPathFilter.java:52) ~[spring-web-6.2.10.jar:6.2.10]
	at org.springframework.web.filter.CompositeFilter$VirtualFilterChain.doFilter(CompositeFilter.java:113) ~[spring-web-6.2.10.jar:6.2.10]
	at org.springframework.web.filter.CompositeFilter.doFilter(CompositeFilter.java:74) ~[spring-web-6.2.10.jar:6.2.10]
	at org.springframework.security.config.annotation.web.configuration.WebSecurityConfiguration$CompositeFilterChainProxy.doFilter(WebSecurityConfiguration.java:319) ~[spring-security-config-6.5.3.jar:6.5.3]
	at org.springframework.web.filter.CompositeFilter$VirtualFilterChain.doFilter(CompositeFilter.java:113) ~[spring-web-6.2.10.jar:6.2.10]
	at org.springframework.web.servlet.handler.HandlerMappingIntrospector.lambda$createCacheFilter$4(HandlerMappingIntrospector.java:267) ~[spring-webmvc-6.2.10.jar:6.2.10]
	at org.springframework.web.filter.CompositeFilter$VirtualFilterChain.doFilter(CompositeFilter.java:113) ~[spring-web-6.2.10.jar:6.2.10]
	at org.springframework.web.filter.CompositeFilter.doFilter(CompositeFilter.java:74) ~[spring-web-6.2.10.jar:6.2.10]
	at org.springframework.security.config.annotation.web.configuration.WebMvcSecurityConfiguration$CompositeFilterChainProxy.doFilter(WebMvcSecurityConfiguration.java:240) ~[spring-security-config-6.5.3.jar:6.5.3]
	at org.springframework.web.filter.DelegatingFilterProxy.invokeDelegate(DelegatingFilterProxy.java:362) ~[spring-web-6.2.10.jar:6.2.10]
	at org.springframework.web.filter.DelegatingFilterProxy.doFilter(DelegatingFilterProxy.java:278) ~[spring-web-6.2.10.jar:6.2.10]
	at org.apache.catalina.core.ApplicationFilterChain.internalDoFilter(ApplicationFilterChain.java:164) ~[tomcat-embed-core-10.1.44.jar:10.1.44]
	at org.apache.catalina.core.ApplicationFilterChain.doFilter(ApplicationFilterChain.java:140) ~[tomcat-embed-core-10.1.44.jar:10.1.44]
	at org.springframework.web.filter.RequestContextFilter.doFilterInternal(RequestContextFilter.java:100) ~[spring-web-6.2.10.jar:6.2.10]
	at org.springframework.web.filter.OncePerRequestFilter.doFilter(OncePerRequestFilter.java:116) ~[spring-web-6.2.10.jar:6.2.10]
	at org.apache.catalina.core.ApplicationFilterChain.internalDoFilter(ApplicationFilterChain.java:164) ~[tomcat-embed-core-10.1.44.jar:10.1.44]
	at org.apache.catalina.core.ApplicationFilterChain.doFilter(ApplicationFilterChain.java:140) ~[tomcat-embed-core-10.1.44.jar:10.1.44]
	at org.springframework.web.filter.FormContentFilter.doFilterInternal(FormContentFilter.java:93) ~[spring-web-6.2.10.jar:6.2.10]
	at org.springframework.web.filter.OncePerRequestFilter.doFilter(OncePerRequestFilter.java:116) ~[spring-web-6.2.10.jar:6.2.10]
	at org.apache.catalina.core.ApplicationFilterChain.internalDoFilter(ApplicationFilterChain.java:164) ~[tomcat-embed-core-10.1.44.jar:10.1.44]
	at org.apache.catalina.core.ApplicationFilterChain.doFilter(ApplicationFilterChain.java:140) ~[tomcat-embed-core-10.1.44.jar:10.1.44]
	at org.springframework.web.filter.CharacterEncodingFilter.doFilterInternal(CharacterEncodingFilter.java:201) ~[spring-web-6.2.10.jar:6.2.10]
	at org.springframework.web.filter.OncePerRequestFilter.doFilter(OncePerRequestFilter.java:116) ~[spring-web-6.2.10.jar:6.2.10]
	at org.apache.catalina.core.ApplicationFilterChain.internalDoFilter(ApplicationFilterChain.java:164) ~[tomcat-embed-core-10.1.44.jar:10.1.44]
	at org.apache.catalina.core.ApplicationFilterChain.doFilter(ApplicationFilterChain.java:140) ~[tomcat-embed-core-10.1.44.jar:10.1.44]
	at org.apache.catalina.core.StandardWrapperValve.invoke(StandardWrapperValve.java:167) ~[tomcat-embed-core-10.1.44.jar:10.1.44]
	at org.apache.catalina.core.StandardContextValve.invoke(StandardContextValve.java:90) ~[tomcat-embed-core-10.1.44.jar:10.1.44]
	at org.apache.catalina.authenticator.AuthenticatorBase.invoke(AuthenticatorBase.java:483) ~[tomcat-embed-core-10.1.44.jar:10.1.44]
	at org.apache.catalina.core.StandardHostValve.invoke(StandardHostValve.java:116) ~[tomcat-embed-core-10.1.44.jar:10.1.44]
	at org.apache.catalina.valves.ErrorReportValve.invoke(ErrorReportValve.java:93) ~[tomcat-embed-core-10.1.44.jar:10.1.44]
	at org.apache.catalina.core.StandardEngineValve.invoke(StandardEngineValve.java:74) ~[tomcat-embed-core-10.1.44.jar:10.1.44]
	at org.apache.catalina.connector.CoyoteAdapter.service(CoyoteAdapter.java:344) ~[tomcat-embed-core-10.1.44.jar:10.1.44]
	at org.apache.coyote.http11.Http11Processor.service(Http11Processor.java:398) ~[tomcat-embed-core-10.1.44.jar:10.1.44]
	at org.apache.coyote.AbstractProcessorLight.process(AbstractProcessorLight.java:63) ~[tomcat-embed-core-10.1.44.jar:10.1.44]
	at org.apache.coyote.AbstractProtocol$ConnectionHandler.process(AbstractProtocol.java:903) ~[tomcat-embed-core-10.1.44.jar:10.1.44]
	at org.apache.tomcat.util.net.NioEndpoint$SocketProcessor.doRun(NioEndpoint.java:1769) ~[tomcat-embed-core-10.1.44.jar:10.1.44]
	at org.apache.tomcat.util.net.SocketProcessorBase.run(SocketProcessorBase.java:52) ~[tomcat-embed-core-10.1.44.jar:10.1.44]
	at org.apache.tomcat.util.threads.ThreadPoolExecutor.runWorker(ThreadPoolExecutor.java:1189) ~[tomcat-embed-core-10.1.44.jar:10.1.44]
	at org.apache.tomcat.util.threads.ThreadPoolExecutor$Worker.run(ThreadPoolExecutor.java:658) ~[tomcat-embed-core-10.1.44.jar:10.1.44]
	at org.apache.tomcat.util.threads.TaskThread$WrappingRunnable.run(TaskThread.java:63) ~[tomcat-embed-core-10.1.44.jar:10.1.44]
	at java.base/java.lang.Thread.run(Thread.java:1583) ~[na:na]

2025-09-19T12:06:26.777+05:30 ERROR 22416 --- [Back_End] [http-nio-8080-exec-3] c.i.gdse72.back_end.util.JwtAuthFilter   : JWT processing failed

io.jsonwebtoken.MalformedJwtException: JWT strings must contain exactly 2 period characters. Found: 0
	at io.jsonwebtoken.impl.DefaultJwtParser.parse(DefaultJwtParser.java:275) ~[jjwt-impl-0.11.5.jar:0.11.5]
	at io.jsonwebtoken.impl.DefaultJwtParser.parse(DefaultJwtParser.java:529) ~[jjwt-impl-0.11.5.jar:0.11.5]
	at io.jsonwebtoken.impl.DefaultJwtParser.parseClaimsJws(DefaultJwtParser.java:589) ~[jjwt-impl-0.11.5.jar:0.11.5]
	at io.jsonwebtoken.impl.ImmutableJwtParser.parseClaimsJws(ImmutableJwtParser.java:173) ~[jjwt-impl-0.11.5.jar:0.11.5]
	at com.ijse.gdse72.back_end.util.JwtUtil.extractUsername(JwtUtil.java:33) ~[classes/:na]
	at com.ijse.gdse72.back_end.util.JwtAuthFilter.doFilterInternal(JwtAuthFilter.java:48) ~[classes/:na]
	at org.springframework.web.filter.OncePerRequestFilter.doFilter(OncePerRequestFilter.java:116) ~[spring-web-6.2.10.jar:6.2.10]
	at org.springframework.security.web.FilterChainProxy$VirtualFilterChain.doFilter(FilterChainProxy.java:374) ~[spring-security-web-6.5.3.jar:6.5.3]
	at org.springframework.security.web.authentication.logout.LogoutFilter.doFilter(LogoutFilter.java:107) ~[spring-security-web-6.5.3.jar:6.5.3]
	at org.springframework.security.web.authentication.logout.LogoutFilter.doFilter(LogoutFilter.java:93) ~[spring-security-web-6.5.3.jar:6.5.3]
	at org.springframework.security.web.FilterChainProxy$VirtualFilterChain.doFilter(FilterChainProxy.java:374) ~[spring-security-web-6.5.3.jar:6.5.3]
	at org.springframework.web.filter.CorsFilter.doFilterInternal(CorsFilter.java:91) ~[spring-web-6.2.10.jar:6.2.10]
	at org.springframework.web.filter.OncePerRequestFilter.doFilter(OncePerRequestFilter.java:116) ~[spring-web-6.2.10.jar:6.2.10]
	at org.springframework.security.web.FilterChainProxy$VirtualFilterChain.doFilter(FilterChainProxy.java:374) ~[spring-security-web-6.5.3.jar:6.5.3]
	at org.springframework.security.web.header.HeaderWriterFilter.doHeadersAfter(HeaderWriterFilter.java:90) ~[spring-security-web-6.5.3.jar:6.5.3]
	at org.springframework.security.web.header.HeaderWriterFilter.doFilterInternal(HeaderWriterFilter.java:75) ~[spring-security-web-6.5.3.jar:6.5.3]
	at org.springframework.web.filter.OncePerRequestFilter.doFilter(OncePerRequestFilter.java:116) ~[spring-web-6.2.10.jar:6.2.10]
	at org.springframework.security.web.FilterChainProxy$VirtualFilterChain.doFilter(FilterChainProxy.java:374) ~[spring-security-web-6.5.3.jar:6.5.3]
	at org.springframework.security.web.context.SecurityContextHolderFilter.doFilter(SecurityContextHolderFilter.java:82) ~[spring-security-web-6.5.3.jar:6.5.3]
	at org.springframework.security.web.context.SecurityContextHolderFilter.doFilter(SecurityContextHolderFilter.java:69) ~[spring-security-web-6.5.3.jar:6.5.3]
	at org.springframework.security.web.FilterChainProxy$VirtualFilterChain.doFilter(FilterChainProxy.java:374) ~[spring-security-web-6.5.3.jar:6.5.3]
	at org.springframework.security.web.context.request.async.WebAsyncManagerIntegrationFilter.doFilterInternal(WebAsyncManagerIntegrationFilter.java:62) ~[spring-security-web-6.5.3.jar:6.5.3]
	at org.springframework.web.filter.OncePerRequestFilter.doFilter(OncePerRequestFilter.java:116) ~[spring-web-6.2.10.jar:6.2.10]
	at org.springframework.security.web.FilterChainProxy$VirtualFilterChain.doFilter(FilterChainProxy.java:374) ~[spring-security-web-6.5.3.jar:6.5.3]
	at org.springframework.security.web.session.DisableEncodeUrlFilter.doFilterInternal(DisableEncodeUrlFilter.java:42) ~[spring-security-web-6.5.3.jar:6.5.3]
	at org.springframework.web.filter.OncePerRequestFilter.doFilter(OncePerRequestFilter.java:116) ~[spring-web-6.2.10.jar:6.2.10]
	at org.springframework.security.web.FilterChainProxy$VirtualFilterChain.doFilter(FilterChainProxy.java:374) ~[spring-security-web-6.5.3.jar:6.5.3]
	at org.springframework.security.web.FilterChainProxy.doFilterInternal(FilterChainProxy.java:233) ~[spring-security-web-6.5.3.jar:6.5.3]
	at org.springframework.security.web.FilterChainProxy.doFilter(FilterChainProxy.java:191) ~[spring-security-web-6.5.3.jar:6.5.3]
	at org.springframework.web.filter.CompositeFilter$VirtualFilterChain.doFilter(CompositeFilter.java:113) ~[spring-web-6.2.10.jar:6.2.10]
	at org.springframework.web.filter.ServletRequestPathFilter.doFilter(ServletRequestPathFilter.java:52) ~[spring-web-6.2.10.jar:6.2.10]
	at org.springframework.web.filter.CompositeFilter$VirtualFilterChain.doFilter(CompositeFilter.java:113) ~[spring-web-6.2.10.jar:6.2.10]
	at org.springframework.web.filter.CompositeFilter.doFilter(CompositeFilter.java:74) ~[spring-web-6.2.10.jar:6.2.10]
	at org.springframework.security.config.annotation.web.configuration.WebSecurityConfiguration$CompositeFilterChainProxy.doFilter(WebSecurityConfiguration.java:319) ~[spring-security-config-6.5.3.jar:6.5.3]
	at org.springframework.web.filter.CompositeFilter$VirtualFilterChain.doFilter(CompositeFilter.java:113) ~[spring-web-6.2.10.jar:6.2.10]
	at org.springframework.web.servlet.handler.HandlerMappingIntrospector.lambda$createCacheFilter$4(HandlerMappingIntrospector.java:267) ~[spring-webmvc-6.2.10.jar:6.2.10]
	at org.springframework.web.filter.CompositeFilter$VirtualFilterChain.doFilter(CompositeFilter.java:113) ~[spring-web-6.2.10.jar:6.2.10]
	at org.springframework.web.filter.CompositeFilter.doFilter(CompositeFilter.java:74) ~[spring-web-6.2.10.jar:6.2.10]
	at org.springframework.security.config.annotation.web.configuration.WebMvcSecurityConfiguration$CompositeFilterChainProxy.doFilter(WebMvcSecurityConfiguration.java:240) ~[spring-security-config-6.5.3.jar:6.5.3]
	at org.springframework.web.filter.DelegatingFilterProxy.invokeDelegate(DelegatingFilterProxy.java:362) ~[spring-web-6.2.10.jar:6.2.10]
	at org.springframework.web.filter.DelegatingFilterProxy.doFilter(DelegatingFilterProxy.java:278) ~[spring-web-6.2.10.jar:6.2.10]
	at org.apache.catalina.core.ApplicationFilterChain.internalDoFilter(ApplicationFilterChain.java:164) ~[tomcat-embed-core-10.1.44.jar:10.1.44]
	at org.apache.catalina.core.ApplicationFilterChain.doFilter(ApplicationFilterChain.java:140) ~[tomcat-embed-core-10.1.44.jar:10.1.44]
	at org.springframework.web.filter.RequestContextFilter.doFilterInternal(RequestContextFilter.java:100) ~[spring-web-6.2.10.jar:6.2.10]
	at org.springframework.web.filter.OncePerRequestFilter.doFilter(OncePerRequestFilter.java:116) ~[spring-web-6.2.10.jar:6.2.10]
	at org.apache.catalina.core.ApplicationFilterChain.internalDoFilter(ApplicationFilterChain.java:164) ~[tomcat-embed-core-10.1.44.jar:10.1.44]
	at org.apache.catalina.core.ApplicationFilterChain.doFilter(ApplicationFilterChain.java:140) ~[tomcat-embed-core-10.1.44.jar:10.1.44]
	at org.springframework.web.filter.FormContentFilter.doFilterInternal(FormContentFilter.java:93) ~[spring-web-6.2.10.jar:6.2.10]
	at org.springframework.web.filter.OncePerRequestFilter.doFilter(OncePerRequestFilter.java:116) ~[spring-web-6.2.10.jar:6.2.10]
	at org.apache.catalina.core.ApplicationFilterChain.internalDoFilter(ApplicationFilterChain.java:164) ~[tomcat-embed-core-10.1.44.jar:10.1.44]
	at org.apache.catalina.core.ApplicationFilterChain.doFilter(ApplicationFilterChain.java:140) ~[tomcat-embed-core-10.1.44.jar:10.1.44]
	at org.springframework.web.filter.CharacterEncodingFilter.doFilterInternal(CharacterEncodingFilter.java:201) ~[spring-web-6.2.10.jar:6.2.10]
	at org.springframework.web.filter.OncePerRequestFilter.doFilter(OncePerRequestFilter.java:116) ~[spring-web-6.2.10.jar:6.2.10]
	at org.apache.catalina.core.ApplicationFilterChain.internalDoFilter(ApplicationFilterChain.java:164) ~[tomcat-embed-core-10.1.44.jar:10.1.44]
	at org.apache.catalina.core.ApplicationFilterChain.doFilter(ApplicationFilterChain.java:140) ~[tomcat-embed-core-10.1.44.jar:10.1.44]
	at org.apache.catalina.core.StandardWrapperValve.invoke(StandardWrapperValve.java:167) ~[tomcat-embed-core-10.1.44.jar:10.1.44]
	at org.apache.catalina.core.StandardContextValve.invoke(StandardContextValve.java:90) ~[tomcat-embed-core-10.1.44.jar:10.1.44]
	at org.apache.catalina.authenticator.AuthenticatorBase.invoke(AuthenticatorBase.java:483) ~[tomcat-embed-core-10.1.44.jar:10.1.44]
	at org.apache.catalina.core.StandardHostValve.invoke(StandardHostValve.java:116) ~[tomcat-embed-core-10.1.44.jar:10.1.44]
	at org.apache.catalina.valves.ErrorReportValve.invoke(ErrorReportValve.java:93) ~[tomcat-embed-core-10.1.44.jar:10.1.44]
	at org.apache.catalina.core.StandardEngineValve.invoke(StandardEngineValve.java:74) ~[tomcat-embed-core-10.1.44.jar:10.1.44]
	at org.apache.catalina.connector.CoyoteAdapter.service(CoyoteAdapter.java:344) ~[tomcat-embed-core-10.1.44.jar:10.1.44]
	at org.apache.coyote.http11.Http11Processor.service(Http11Processor.java:398) ~[tomcat-embed-core-10.1.44.jar:10.1.44]
	at org.apache.coyote.AbstractProcessorLight.process(AbstractProcessorLight.java:63) ~[tomcat-embed-core-10.1.44.jar:10.1.44]
	at org.apache.coyote.AbstractProtocol$ConnectionHandler.process(AbstractProtocol.java:903) ~[tomcat-embed-core-10.1.44.jar:10.1.44]
	at org.apache.tomcat.util.net.NioEndpoint$SocketProcessor.doRun(NioEndpoint.java:1769) ~[tomcat-embed-core-10.1.44.jar:10.1.44]
	at org.apache.tomcat.util.net.SocketProcessorBase.run(SocketProcessorBase.java:52) ~[tomcat-embed-core-10.1.44.jar:10.1.44]
	at org.apache.tomcat.util.threads.ThreadPoolExecutor.runWorker(ThreadPoolExecutor.java:1189) ~[tomcat-embed-core-10.1.44.jar:10.1.44]
	at org.apache.tomcat.util.threads.ThreadPoolExecutor$Worker.run(ThreadPoolExecutor.java:658) ~[tomcat-embed-core-10.1.44.jar:10.1.44]
	at org.apache.tomcat.util.threads.TaskThread$WrappingRunnable.run(TaskThread.java:63) ~[tomcat-embed-core-10.1.44.jar:10.1.44]
	at java.base/java.lang.Thread.run(Thread.java:1583) ~[na:na]

2025-09-19T12:06:39.765+05:30 DEBUG 22416 --- [Back_End] [http-nio-8080-exec-7] o.s.web.servlet.DispatcherServlet        : GET "/api/classes/statistics/1", parameters={}
2025-09-19T12:06:39.765+05:30 DEBUG 22416 --- [Back_End] [http-nio-8080-exec-7] s.w.s.m.m.a.RequestMappingHandlerMapping : Mapped to com.ijse.gdse72.back_end.controller.ClassController#getTeacherStatistics(Long)
2025-09-19T12:06:39.785+05:30 DEBUG 22416 --- [Back_End] [http-nio-8080-exec-7] o.s.w.s.m.m.a.HttpEntityMethodProcessor  : Using 'application/json', given [*/*] and supported [application/json, application/*+json]
2025-09-19T12:06:39.785+05:30 DEBUG 22416 --- [Back_End] [http-nio-8080-exec-7] o.s.w.s.m.m.a.HttpEntityMethodProcessor  : Writing [com.ijse.gdse72.back_end.dto.ApiResponse@729b9d79]
2025-09-19T12:06:39.786+05:30 DEBUG 22416 --- [Back_End] [http-nio-8080-exec-7] o.s.web.servlet.DispatcherServlet        : Completed 200 OK
2025-09-19T12:07:09.760+05:30 DEBUG 22416 --- [Back_End] [http-nio-8080-exec-9] o.s.web.servlet.DispatcherServlet        : GET "/api/classes/statistics/1", parameters={}
2025-09-19T12:07:09.760+05:30 DEBUG 22416 --- [Back_End] [http-nio-8080-exec-9] s.w.s.m.m.a.RequestMappingHandlerMapping : Mapped to com.ijse.gdse72.back_end.controller.ClassController#getTeacherStatistics(Long)
2025-09-19T12:07:09.771+05:30 DEBUG 22416 --- [Back_End] [http-nio-8080-exec-9] o.s.w.s.m.m.a.HttpEntityMethodProcessor  : Using 'application/json', given [*/*] and supported [application/json, application/*+json]
2025-09-19T12:07:09.771+05:30 DEBUG 22416 --- [Back_End] [http-nio-8080-exec-9] o.s.w.s.m.m.a.HttpEntityMethodProcessor  : Writing [com.ijse.gdse72.back_end.dto.ApiResponse@6dc6fa86]
2025-09-19T12:07:09.772+05:30 DEBUG 22416 --- [Back_End] [http-nio-8080-exec-9] o.s.web.servlet.DispatcherServlet        : Completed 200 OK
2025-09-19T12:07:18.947+05:30 DEBUG 22416 --- [Back_End] [http-nio-8080-exec-1] o.s.web.servlet.DispatcherServlet        : POST "/auth/login", parameters={}
2025-09-19T12:07:18.947+05:30 DEBUG 22416 --- [Back_End] [http-nio-8080-exec-1] s.w.s.m.m.a.RequestMappingHandlerMapping : Mapped to com.ijse.gdse72.back_end.controller.AuthController#login(AuthDTO)
2025-09-19T12:07:18.948+05:30 DEBUG 22416 --- [Back_End] [http-nio-8080-exec-1] m.m.a.RequestResponseBodyMethodProcessor : Read "application/json;charset=UTF-8" to [com.ijse.gdse72.back_end.dto.AuthDTO@4f8af353]
2025-09-19T12:07:19.037+05:30 DEBUG 22416 --- [Back_End] [http-nio-8080-exec-1] o.s.w.s.m.m.a.HttpEntityMethodProcessor  : Using 'application/json', given [*/*] and supported [application/json, application/*+json]
2025-09-19T12:07:19.037+05:30 DEBUG 22416 --- [Back_End] [http-nio-8080-exec-1] o.s.w.s.m.m.a.HttpEntityMethodProcessor  : Writing [com.ijse.gdse72.back_end.dto.ApiResponse@42d7779d]
2025-09-19T12:07:19.039+05:30 DEBUG 22416 --- [Back_End] [http-nio-8080-exec-1] o.s.web.servlet.DispatcherServlet        : Completed 200 OK
2025-09-19T12:07:20.320+05:30 DEBUG 22416 --- [Back_End] [http-nio-8080-exec-10] o.s.web.servlet.DispatcherServlet        : GET "/auth/user/2", parameters={}
2025-09-19T12:07:20.321+05:30 DEBUG 22416 --- [Back_End] [http-nio-8080-exec-10] s.w.s.m.m.a.RequestMappingHandlerMapping : Mapped to com.ijse.gdse72.back_end.controller.AuthController#getUserById(Long)
2025-09-19T12:07:20.333+05:30 DEBUG 22416 --- [Back_End] [http-nio-8080-exec-10] o.s.w.s.m.m.a.HttpEntityMethodProcessor  : Using 'application/json', given [*/*] and supported [application/json, application/*+json]
2025-09-19T12:07:20.333+05:30 DEBUG 22416 --- [Back_End] [http-nio-8080-exec-10] o.s.w.s.m.m.a.HttpEntityMethodProcessor  : Writing [com.ijse.gdse72.back_end.dto.ApiResponse@12d998b5]
2025-09-19T12:07:20.335+05:30 DEBUG 22416 --- [Back_End] [http-nio-8080-exec-10] o.s.web.servlet.DispatcherServlet        : Completed 200 OK
2025-09-19T12:07:20.343+05:30 DEBUG 22416 --- [Back_End] [http-nio-8080-exec-7] o.s.web.servlet.DispatcherServlet        : GET "/api/classes/student/2", parameters={}
2025-09-19T12:07:20.343+05:30 DEBUG 22416 --- [Back_End] [http-nio-8080-exec-6] o.s.web.servlet.DispatcherServlet        : GET "/api/classes/student-statistics/2", parameters={}
2025-09-19T12:07:20.344+05:30 DEBUG 22416 --- [Back_End] [http-nio-8080-exec-7] s.w.s.m.m.a.RequestMappingHandlerMapping : Mapped to com.ijse.gdse72.back_end.controller.ClassController#getClassesByStudent(Long)
2025-09-19T12:07:20.344+05:30 DEBUG 22416 --- [Back_End] [http-nio-8080-exec-6] s.w.s.m.m.a.RequestMappingHandlerMapping : Mapped to com.ijse.gdse72.back_end.controller.ClassController#getStudentClassStatistics(Long)
2025-09-19T12:07:20.361+05:30 DEBUG 22416 --- [Back_End] [http-nio-8080-exec-6] o.s.w.s.m.m.a.HttpEntityMethodProcessor  : Using 'application/json', given [*/*] and supported [application/json, application/*+json]
2025-09-19T12:07:20.361+05:30 DEBUG 22416 --- [Back_End] [http-nio-8080-exec-6] o.s.w.s.m.m.a.HttpEntityMethodProcessor  : Writing [com.ijse.gdse72.back_end.dto.ApiResponse@473a2cb0]
2025-09-19T12:07:20.363+05:30 DEBUG 22416 --- [Back_End] [http-nio-8080-exec-6] o.s.web.servlet.DispatcherServlet        : Completed 200 OK
2025-09-19T12:07:20.365+05:30 DEBUG 22416 --- [Back_End] [http-nio-8080-exec-7] o.s.w.s.m.m.a.HttpEntityMethodProcessor  : Using 'application/json', given [*/*] and supported [application/json, application/*+json]
2025-09-19T12:07:20.366+05:30 DEBUG 22416 --- [Back_End] [http-nio-8080-exec-7] o.s.w.s.m.m.a.HttpEntityMethodProcessor  : Writing [com.ijse.gdse72.back_end.dto.ApiResponse@4adca441]
2025-09-19T12:07:20.367+05:30 DEBUG 22416 --- [Back_End] [http-nio-8080-exec-7] o.s.web.servlet.DispatcherServlet        : Completed 200 OK
2025-09-19T12:07:20.834+05:30 DEBUG 22416 --- [Back_End] [http-nio-8080-exec-4] o.s.web.servlet.DispatcherServlet        : GET "/api/classes/student-statistics/2", parameters={}
2025-09-19T12:07:20.834+05:30 DEBUG 22416 --- [Back_End] [http-nio-8080-exec-4] s.w.s.m.m.a.RequestMappingHandlerMapping : Mapped to com.ijse.gdse72.back_end.controller.ClassController#getStudentClassStatistics(Long)
2025-09-19T12:07:20.848+05:30 DEBUG 22416 --- [Back_End] [http-nio-8080-exec-4] o.s.w.s.m.m.a.HttpEntityMethodProcessor  : Using 'application/json', given [*/*] and supported [application/json, application/*+json]
2025-09-19T12:07:20.848+05:30 DEBUG 22416 --- [Back_End] [http-nio-8080-exec-4] o.s.w.s.m.m.a.HttpEntityMethodProcessor  : Writing [com.ijse.gdse72.back_end.dto.ApiResponse@23db9bff]
2025-09-19T12:07:20.849+05:30 DEBUG 22416 --- [Back_End] [http-nio-8080-exec-4] o.s.web.servlet.DispatcherServlet        : Completed 200 OK
2025-09-19T12:07:22.763+05:30 DEBUG 22416 --- [Back_End] [http-nio-8080-exec-3] o.s.web.servlet.DispatcherServlet        : GET "/ws-chat/info?t=1758263842750", parameters={masked}
2025-09-19T12:07:22.763+05:30 DEBUG 22416 --- [Back_End] [http-nio-8080-exec-3] o.s.w.s.s.s.WebSocketHandlerMapping      : Mapped to org.springframework.web.socket.sockjs.support.SockJsHttpRequestHandler@1c66272b
2025-09-19T12:07:22.764+05:30 DEBUG 22416 --- [Back_End] [http-nio-8080-exec-3] o.s.w.s.s.t.h.DefaultSockJsService       : Processing transport request: GET http://localhost:8080/ws-chat/info?t=1758263842750
2025-09-19T12:07:22.764+05:30 DEBUG 22416 --- [Back_End] [http-nio-8080-exec-3] o.s.web.servlet.DispatcherServlet        : Completed 200 OK
2025-09-19T12:07:22.775+05:30 DEBUG 22416 --- [Back_End] [http-nio-8080-exec-5] o.s.web.servlet.DispatcherServlet        : GET "/ws-chat/372/4sebbh5h/websocket", parameters={}
2025-09-19T12:07:22.775+05:30 DEBUG 22416 --- [Back_End] [http-nio-8080-exec-5] o.s.w.s.s.s.WebSocketHandlerMapping      : Mapped to org.springframework.web.socket.sockjs.support.SockJsHttpRequestHandler@1c66272b
2025-09-19T12:07:22.776+05:30 DEBUG 22416 --- [Back_End] [http-nio-8080-exec-5] o.s.w.s.s.t.h.DefaultSockJsService       : Processing transport request: GET http://localhost:8080/ws-chat/372/4sebbh5h/websocket
2025-09-19T12:07:22.777+05:30 DEBUG 22416 --- [Back_End] [http-nio-8080-exec-5] o.s.web.servlet.DispatcherServlet        : Completed 101 SWITCHING_PROTOCOLS
2025-09-19T12:07:22.778+05:30 DEBUG 22416 --- [Back_End] [http-nio-8080-exec-3] o.s.web.servlet.DispatcherServlet        : GET "/api/classes/2", parameters={}
2025-09-19T12:07:22.779+05:30 DEBUG 22416 --- [Back_End] [http-nio-8080-exec-3] s.w.s.m.m.a.RequestMappingHandlerMapping : Mapped to com.ijse.gdse72.back_end.controller.ClassController#getClassById(Long)
2025-09-19T12:07:22.779+05:30 DEBUG 22416 --- [Back_End] [http-nio-8080-exec-5] s.w.s.h.LoggingWebSocketHandlerDecorator : New WebSocketServerSockJsSession[id=4sebbh5h]
2025-09-19T12:07:22.787+05:30 DEBUG 22416 --- [Back_End] [clientInboundChannel-11] org.springframework.web.SimpLogging      : Processing CONNECT session=4sebbh5h
2025-09-19T12:07:22.792+05:30 DEBUG 22416 --- [Back_End] [http-nio-8080-exec-3] o.s.w.s.m.m.a.HttpEntityMethodProcessor  : Using 'application/json', given [*/*] and supported [application/json, application/*+json]
2025-09-19T12:07:22.793+05:30 DEBUG 22416 --- [Back_End] [http-nio-8080-exec-3] o.s.w.s.m.m.a.HttpEntityMethodProcessor  : Writing [com.ijse.gdse72.back_end.dto.ApiResponse@7180f39c]
2025-09-19T12:07:22.794+05:30 DEBUG 22416 --- [Back_End] [clientInboundChannel-15] org.springframework.web.SimpLogging      : Processing SUBSCRIBE destination=/topic/messages-user4sebbh5h subscriptionId=sub-0 session=4sebbh5h payload=byte[0]
2025-09-19T12:07:22.794+05:30 DEBUG 22416 --- [Back_End] [http-nio-8080-exec-3] o.s.web.servlet.DispatcherServlet        : Completed 200 OK
2025-09-19T12:07:22.804+05:30 DEBUG 22416 --- [Back_End] [http-nio-8080-exec-6] o.s.web.servlet.DispatcherServlet        : GET "/api/classes/2", parameters={}
2025-09-19T12:07:22.804+05:30 DEBUG 22416 --- [Back_End] [http-nio-8080-exec-6] s.w.s.m.m.a.RequestMappingHandlerMapping : Mapped to com.ijse.gdse72.back_end.controller.ClassController#getClassById(Long)
2025-09-19T12:07:22.813+05:30 DEBUG 22416 --- [Back_End] [http-nio-8080-exec-6] o.s.w.s.m.m.a.HttpEntityMethodProcessor  : Using 'application/json', given [*/*] and supported [application/json, application/*+json]
2025-09-19T12:07:22.814+05:30 DEBUG 22416 --- [Back_End] [http-nio-8080-exec-6] o.s.w.s.m.m.a.HttpEntityMethodProcessor  : Writing [com.ijse.gdse72.back_end.dto.ApiResponse@3da8e61a]
2025-09-19T12:07:22.815+05:30 DEBUG 22416 --- [Back_End] [http-nio-8080-exec-6] o.s.web.servlet.DispatcherServlet        : Completed 200 OK
2025-09-19T12:07:22.865+05:30 DEBUG 22416 --- [Back_End] [http-nio-8080-exec-4] o.s.web.servlet.DispatcherServlet        : GET "/api/classes/2/users", parameters={}
2025-09-19T12:07:22.866+05:30 DEBUG 22416 --- [Back_End] [http-nio-8080-exec-4] s.w.s.m.m.a.RequestMappingHandlerMapping : Mapped to com.ijse.gdse72.back_end.controller.ClassController#getUsersByClass(Long)
2025-09-19T12:07:22.873+05:30 DEBUG 22416 --- [Back_End] [http-nio-8080-exec-4] o.s.w.s.m.m.a.HttpEntityMethodProcessor  : Using 'application/json', given [*/*] and supported [application/json, application/*+json]
2025-09-19T12:07:22.874+05:30 DEBUG 22416 --- [Back_End] [http-nio-8080-exec-4] o.s.w.s.m.m.a.HttpEntityMethodProcessor  : Writing [com.ijse.gdse72.back_end.dto.ApiResponse@3affa464]
2025-09-19T12:07:22.876+05:30 DEBUG 22416 --- [Back_End] [http-nio-8080-exec-4] o.s.web.servlet.DispatcherServlet        : Completed 200 OK
2025-09-19T12:07:31.780+05:30 DEBUG 22416 --- [Back_End] [http-nio-8080-exec-10] o.s.web.servlet.DispatcherServlet        : GET "/api/chats/2/1", parameters={}
2025-09-19T12:07:31.780+05:30 DEBUG 22416 --- [Back_End] [http-nio-8080-exec-10] s.w.s.m.m.a.RequestMappingHandlerMapping : Mapped to com.ijse.gdse72.back_end.controller.ChatController#getChatHistory(String, String)
2025-09-19T12:07:31.784+05:30 DEBUG 22416 --- [Back_End] [http-nio-8080-exec-10] m.m.a.RequestResponseBodyMethodProcessor : Using 'application/json', given [*/*] and supported [application/json, application/*+json]
2025-09-19T12:07:31.784+05:30 DEBUG 22416 --- [Back_End] [http-nio-8080-exec-10] m.m.a.RequestResponseBodyMethodProcessor : Writing [[ChatMessageDTO(chatId=63, senderId=2, receiverId=1, classId=null, message=Sir, I’m a bit confused a (truncated)...]
2025-09-19T12:07:31.785+05:30 DEBUG 22416 --- [Back_End] [http-nio-8080-exec-10] o.s.web.servlet.DispatcherServlet        : Completed 200 OK
2025-09-19T12:07:39.479+05:30 DEBUG 22416 --- [Back_End] [http-nio-8080-exec-7] o.s.web.servlet.DispatcherServlet        : GET "/api/classes/statistics/1", parameters={}
2025-09-19T12:07:39.480+05:30 DEBUG 22416 --- [Back_End] [http-nio-8080-exec-7] s.w.s.m.m.a.RequestMappingHandlerMapping : Mapped to com.ijse.gdse72.back_end.controller.ClassController#getTeacherStatistics(Long)
2025-09-19T12:07:39.488+05:30 DEBUG 22416 --- [Back_End] [http-nio-8080-exec-7] o.s.w.s.m.m.a.HttpEntityMethodProcessor  : Using 'application/json', given [*/*] and supported [application/json, application/*+json]
2025-09-19T12:07:39.488+05:30 DEBUG 22416 --- [Back_End] [http-nio-8080-exec-7] o.s.w.s.m.m.a.HttpEntityMethodProcessor  : Writing [com.ijse.gdse72.back_end.dto.ApiResponse@5b7f366]
2025-09-19T12:07:39.489+05:30 DEBUG 22416 --- [Back_End] [http-nio-8080-exec-7] o.s.web.servlet.DispatcherServlet        : Completed 200 OK
2025-09-19T12:08:07.371+05:30 DEBUG 22416 --- [Back_End] [http-nio-8080-exec-2] s.w.s.h.LoggingWebSocketHandlerDecorator : WebSocketServerSockJsSession[id=4sebbh5h] closed with CloseStatus[code=1000, reason=null]
2025-09-19T12:08:07.371+05:30 DEBUG 22416 --- [Back_End] [http-nio-8080-exec-2] o.s.w.s.m.SubProtocolWebSocketHandler    : Clearing session 4sebbh5h
2025-09-19T12:08:07.373+05:30 DEBUG 22416 --- [Back_End] [clientInboundChannel-17] org.springframework.web.SimpLogging      : Processing DISCONNECT session=4sebbh5h
2025-09-19T12:08:07.375+05:30 DEBUG 22416 --- [Back_End] [clientOutboundChannel-4] o.s.w.s.m.SubProtocolWebSocketHandler    : No session for GenericMessage [payload=byte[0], headers={simpMessageType=DISCONNECT_ACK, simpDisconnectMessage=GenericMessage [payload=byte[0], headers={simpMessageType=DISCONNECT, stompCommand=DISCONNECT, simpSessionAttributes={org.springframework.messaging.simp.SimpAttributes.COMPLETED=true}, simpSessionId=4sebbh5h}], simpSessionId=4sebbh5h}]
2025-09-19T12:08:09.508+05:30 DEBUG 22416 --- [Back_End] [http-nio-8080-exec-9] o.s.web.servlet.DispatcherServlet        : GET "/api/classes/statistics/1", parameters={}
2025-09-19T12:08:09.508+05:30 DEBUG 22416 --- [Back_End] [http-nio-8080-exec-9] s.w.s.m.m.a.RequestMappingHandlerMapping : Mapped to com.ijse.gdse72.back_end.controller.ClassController#getTeacherStatistics(Long)
2025-09-19T12:08:09.529+05:30 DEBUG 22416 --- [Back_End] [http-nio-8080-exec-9] o.s.w.s.m.m.a.HttpEntityMethodProcessor  : Using 'application/json', given [*/*] and supported [application/json, application/*+json]
2025-09-19T12:08:09.529+05:30 DEBUG 22416 --- [Back_End] [http-nio-8080-exec-9] o.s.w.s.m.m.a.HttpEntityMethodProcessor  : Writing [com.ijse.gdse72.back_end.dto.ApiResponse@5c1b776a]
2025-09-19T12:08:09.532+05:30 DEBUG 22416 --- [Back_End] [http-nio-8080-exec-9] o.s.web.servlet.DispatcherServlet        : Completed 200 OK
2025-09-19T12:08:15.863+05:30 DEBUG 22416 --- [Back_End] [MessageBroker-6] o.s.w.s.s.t.h.DefaultSockJsService       : Closed 1 sessions: [4sebbh5h]
2025-09-19T12:08:39.488+05:30 DEBUG 22416 --- [Back_End] [http-nio-8080-exec-10] o.s.web.servlet.DispatcherServlet        : GET "/api/classes/statistics/1", parameters={}
2025-09-19T12:08:39.488+05:30 DEBUG 22416 --- [Back_End] [http-nio-8080-exec-10] s.w.s.m.m.a.RequestMappingHandlerMapping : Mapped to com.ijse.gdse72.back_end.controller.ClassController#getTeacherStatistics(Long)
2025-09-19T12:08:39.497+05:30 DEBUG 22416 --- [Back_End] [http-nio-8080-exec-10] o.s.w.s.m.m.a.HttpEntityMethodProcessor  : Using 'application/json', given [*/*] and supported [application/json, application/*+json]
2025-09-19T12:08:39.497+05:30 DEBUG 22416 --- [Back_End] [http-nio-8080-exec-10] o.s.w.s.m.m.a.HttpEntityMethodProcessor  : Writing [com.ijse.gdse72.back_end.dto.ApiResponse@314c9f25]
2025-09-19T12:08:39.498+05:30 DEBUG 22416 --- [Back_End] [http-nio-8080-exec-10] o.s.web.servlet.DispatcherServlet        : Completed 200 OK
2025-09-19T12:09:09.480+05:30 DEBUG 22416 --- [Back_End] [http-nio-8080-exec-7] o.s.web.servlet.DispatcherServlet        : GET "/api/classes/statistics/1", parameters={}
2025-09-19T12:09:09.480+05:30 DEBUG 22416 --- [Back_End] [http-nio-8080-exec-7] s.w.s.m.m.a.RequestMappingHandlerMapping : Mapped to com.ijse.gdse72.back_end.controller.ClassController#getTeacherStatistics(Long)
2025-09-19T12:09:09.488+05:30 DEBUG 22416 --- [Back_End] [http-nio-8080-exec-7] o.s.w.s.m.m.a.HttpEntityMethodProcessor  : Using 'application/json', given [*/*] and supported [application/json, application/*+json]
2025-09-19T12:09:09.488+05:30 DEBUG 22416 --- [Back_End] [http-nio-8080-exec-7] o.s.w.s.m.m.a.HttpEntityMethodProcessor  : Writing [com.ijse.gdse72.back_end.dto.ApiResponse@5618ac55]
2025-09-19T12:09:09.488+05:30 DEBUG 22416 --- [Back_End] [http-nio-8080-exec-7] o.s.web.servlet.DispatcherServlet        : Completed 200 OK
2025-09-19T12:09:39.485+05:30 DEBUG 22416 --- [Back_End] [http-nio-8080-exec-1] o.s.web.servlet.DispatcherServlet        : GET "/api/classes/statistics/1", parameters={}
2025-09-19T12:09:39.485+05:30 DEBUG 22416 --- [Back_End] [http-nio-8080-exec-1] s.w.s.m.m.a.RequestMappingHandlerMapping : Mapped to com.ijse.gdse72.back_end.controller.ClassController#getTeacherStatistics(Long)
2025-09-19T12:09:39.493+05:30 DEBUG 22416 --- [Back_End] [http-nio-8080-exec-1] o.s.w.s.m.m.a.HttpEntityMethodProcessor  : Using 'application/json', given [*/*] and supported [application/json, application/*+json]
2025-09-19T12:09:39.494+05:30 DEBUG 22416 --- [Back_End] [http-nio-8080-exec-1] o.s.w.s.m.m.a.HttpEntityMethodProcessor  : Writing [com.ijse.gdse72.back_end.dto.ApiResponse@2d82ab75]
2025-09-19T12:09:39.494+05:30 DEBUG 22416 --- [Back_End] [http-nio-8080-exec-1] o.s.web.servlet.DispatcherServlet        : Completed 200 OK
2025-09-19T12:10:09.477+05:30 DEBUG 22416 --- [Back_End] [http-nio-8080-exec-8] o.s.web.servlet.DispatcherServlet        : GET "/api/classes/statistics/1", parameters={}
2025-09-19T12:10:09.477+05:30 DEBUG 22416 --- [Back_End] [http-nio-8080-exec-8] s.w.s.m.m.a.RequestMappingHandlerMapping : Mapped to com.ijse.gdse72.back_end.controller.ClassController#getTeacherStatistics(Long)
2025-09-19T12:10:09.486+05:30 DEBUG 22416 --- [Back_End] [http-nio-8080-exec-8] o.s.w.s.m.m.a.HttpEntityMethodProcessor  : Using 'application/json', given [*/*] and supported [application/json, application/*+json]
2025-09-19T12:10:09.486+05:30 DEBUG 22416 --- [Back_End] [http-nio-8080-exec-8] o.s.w.s.m.m.a.HttpEntityMethodProcessor  : Writing [com.ijse.gdse72.back_end.dto.ApiResponse@2348071c]
2025-09-19T12:10:09.487+05:30 DEBUG 22416 --- [Back_End] [http-nio-8080-exec-8] o.s.web.servlet.DispatcherServlet        : Completed 200 OK
2025-09-19T12:10:39.488+05:30 DEBUG 22416 --- [Back_End] [http-nio-8080-exec-6] o.s.web.servlet.DispatcherServlet        : GET "/api/classes/statistics/1", parameters={}
2025-09-19T12:10:39.488+05:30 DEBUG 22416 --- [Back_End] [http-nio-8080-exec-6] s.w.s.m.m.a.RequestMappingHandlerMapping : Mapped to com.ijse.gdse72.back_end.controller.ClassController#getTeacherStatistics(Long)
2025-09-19T12:10:39.508+05:30 DEBUG 22416 --- [Back_End] [http-nio-8080-exec-6] o.s.w.s.m.m.a.HttpEntityMethodProcessor  : Using 'application/json', given [*/*] and supported [application/json, application/*+json]
2025-09-19T12:10:39.509+05:30 DEBUG 22416 --- [Back_End] [http-nio-8080-exec-6] o.s.w.s.m.m.a.HttpEntityMethodProcessor  : Writing [com.ijse.gdse72.back_end.dto.ApiResponse@7e7be461]
2025-09-19T12:10:39.509+05:30 DEBUG 22416 --- [Back_End] [http-nio-8080-exec-6] o.s.web.servlet.DispatcherServlet        : Completed 200 OK
2025-09-19T12:11:09.487+05:30 DEBUG 22416 --- [Back_End] [http-nio-8080-exec-2] o.s.web.servlet.DispatcherServlet        : GET "/api/classes/statistics/1", parameters={}
2025-09-19T12:11:09.487+05:30 DEBUG 22416 --- [Back_End] [http-nio-8080-exec-2] s.w.s.m.m.a.RequestMappingHandlerMapping : Mapped to com.ijse.gdse72.back_end.controller.ClassController#getTeacherStatistics(Long)
2025-09-19T12:11:09.496+05:30 DEBUG 22416 --- [Back_End] [http-nio-8080-exec-2] o.s.w.s.m.m.a.HttpEntityMethodProcessor  : Using 'application/json', given [*/*] and supported [application/json, application/*+json]
2025-09-19T12:11:09.496+05:30 DEBUG 22416 --- [Back_End] [http-nio-8080-exec-2] o.s.w.s.m.m.a.HttpEntityMethodProcessor  : Writing [com.ijse.gdse72.back_end.dto.ApiResponse@7086376]
2025-09-19T12:11:09.497+05:30 DEBUG 22416 --- [Back_End] [http-nio-8080-exec-2] o.s.web.servlet.DispatcherServlet        : Completed 200 OK
2025-09-19T12:11:39.487+05:30 DEBUG 22416 --- [Back_End] [http-nio-8080-exec-5] o.s.web.servlet.DispatcherServlet        : GET "/api/classes/statistics/1", parameters={}
2025-09-19T12:11:39.487+05:30 DEBUG 22416 --- [Back_End] [http-nio-8080-exec-5] s.w.s.m.m.a.RequestMappingHandlerMapping : Mapped to com.ijse.gdse72.back_end.controller.ClassController#getTeacherStatistics(Long)
2025-09-19T12:11:39.494+05:30 DEBUG 22416 --- [Back_End] [http-nio-8080-exec-5] o.s.w.s.m.m.a.HttpEntityMethodProcessor  : Using 'application/json', given [*/*] and supported [application/json, application/*+json]
2025-09-19T12:11:39.494+05:30 DEBUG 22416 --- [Back_End] [http-nio-8080-exec-5] o.s.w.s.m.m.a.HttpEntityMethodProcessor  : Writing [com.ijse.gdse72.back_end.dto.ApiResponse@198524cc]
2025-09-19T12:11:39.495+05:30 DEBUG 22416 --- [Back_End] [http-nio-8080-exec-5] o.s.web.servlet.DispatcherServlet        : Completed 200 OK
2025-09-19T12:12:09.474+05:30 DEBUG 22416 --- [Back_End] [http-nio-8080-exec-3] o.s.web.servlet.DispatcherServlet        : GET "/api/classes/statistics/1", parameters={}
2025-09-19T12:12:09.474+05:30 DEBUG 22416 --- [Back_End] [http-nio-8080-exec-3] s.w.s.m.m.a.RequestMappingHandlerMapping : Mapped to com.ijse.gdse72.back_end.controller.ClassController#getTeacherStatistics(Long)
2025-09-19T12:12:09.482+05:30 DEBUG 22416 --- [Back_End] [http-nio-8080-exec-3] o.s.w.s.m.m.a.HttpEntityMethodProcessor  : Using 'application/json', given [*/*] and supported [application/json, application/*+json]
2025-09-19T12:12:09.482+05:30 DEBUG 22416 --- [Back_End] [http-nio-8080-exec-3] o.s.w.s.m.m.a.HttpEntityMethodProcessor  : Writing [com.ijse.gdse72.back_end.dto.ApiResponse@6fe06bb]
2025-09-19T12:12:09.483+05:30 DEBUG 22416 --- [Back_End] [http-nio-8080-exec-3] o.s.web.servlet.DispatcherServlet        : Completed 200 OK
2025-09-19T12:12:39.484+05:30 DEBUG 22416 --- [Back_End] [http-nio-8080-exec-4] o.s.web.servlet.DispatcherServlet        : GET "/api/classes/statistics/1", parameters={}
2025-09-19T12:12:39.485+05:30 DEBUG 22416 --- [Back_End] [http-nio-8080-exec-4] s.w.s.m.m.a.RequestMappingHandlerMapping : Mapped to com.ijse.gdse72.back_end.controller.ClassController#getTeacherStatistics(Long)
2025-09-19T12:12:39.494+05:30 DEBUG 22416 --- [Back_End] [http-nio-8080-exec-4] o.s.w.s.m.m.a.HttpEntityMethodProcessor  : Using 'application/json', given [*/*] and supported [application/json, application/*+json]
2025-09-19T12:12:39.494+05:30 DEBUG 22416 --- [Back_End] [http-nio-8080-exec-4] o.s.w.s.m.m.a.HttpEntityMethodProcessor  : Writing [com.ijse.gdse72.back_end.dto.ApiResponse@404697ec]
2025-09-19T12:12:39.495+05:30 DEBUG 22416 --- [Back_End] [http-nio-8080-exec-4] o.s.web.servlet.DispatcherServlet        : Completed 200 OK
2025-09-19T12:13:09.760+05:30 DEBUG 22416 --- [Back_End] [http-nio-8080-exec-9] o.s.web.servlet.DispatcherServlet        : GET "/api/classes/statistics/1", parameters={}
2025-09-19T12:13:09.760+05:30 DEBUG 22416 --- [Back_End] [http-nio-8080-exec-9] s.w.s.m.m.a.RequestMappingHandlerMapping : Mapped to com.ijse.gdse72.back_end.controller.ClassController#getTeacherStatistics(Long)
2025-09-19T12:13:09.768+05:30 DEBUG 22416 --- [Back_End] [http-nio-8080-exec-9] o.s.w.s.m.m.a.HttpEntityMethodProcessor  : Using 'application/json', given [*/*] and supported [application/json, application/*+json]
2025-09-19T12:13:09.768+05:30 DEBUG 22416 --- [Back_End] [http-nio-8080-exec-9] o.s.w.s.m.m.a.HttpEntityMethodProcessor  : Writing [com.ijse.gdse72.back_end.dto.ApiResponse@61897620]
2025-09-19T12:13:09.769+05:30 DEBUG 22416 --- [Back_End] [http-nio-8080-exec-9] o.s.web.servlet.DispatcherServlet        : Completed 200 OK
2025-09-19T12:13:39.757+05:30 DEBUG 22416 --- [Back_End] [http-nio-8080-exec-8] o.s.web.servlet.DispatcherServlet        : GET "/api/classes/statistics/1", parameters={}
2025-09-19T12:13:39.758+05:30 DEBUG 22416 --- [Back_End] [http-nio-8080-exec-8] s.w.s.m.m.a.RequestMappingHandlerMapping : Mapped to com.ijse.gdse72.back_end.controller.ClassController#getTeacherStatistics(Long)
2025-09-19T12:13:39.767+05:30 DEBUG 22416 --- [Back_End] [http-nio-8080-exec-8] o.s.w.s.m.m.a.HttpEntityMethodProcessor  : Using 'application/json', given [*/*] and supported [application/json, application/*+json]
2025-09-19T12:13:39.767+05:30 DEBUG 22416 --- [Back_End] [http-nio-8080-exec-8] o.s.w.s.m.m.a.HttpEntityMethodProcessor  : Writing [com.ijse.gdse72.back_end.dto.ApiResponse@6a3fa3ac]
2025-09-19T12:13:39.768+05:30 DEBUG 22416 --- [Back_End] [http-nio-8080-exec-8] o.s.web.servlet.DispatcherServlet        : Completed 200 OK
2025-09-19T12:14:09.980+05:30 DEBUG 22416 --- [Back_End] [http-nio-8080-exec-6] o.s.web.servlet.DispatcherServlet        : GET "/api/classes/statistics/1", parameters={}
2025-09-19T12:14:09.981+05:30 DEBUG 22416 --- [Back_End] [http-nio-8080-exec-6] s.w.s.m.m.a.RequestMappingHandlerMapping : Mapped to com.ijse.gdse72.back_end.controller.ClassController#getTeacherStatistics(Long)
2025-09-19T12:14:10.010+05:30 DEBUG 22416 --- [Back_End] [http-nio-8080-exec-6] o.s.w.s.m.m.a.HttpEntityMethodProcessor  : Using 'application/json', given [*/*] and supported [application/json, application/*+json]
2025-09-19T12:14:10.011+05:30 DEBUG 22416 --- [Back_End] [http-nio-8080-exec-6] o.s.w.s.m.m.a.HttpEntityMethodProcessor  : Writing [com.ijse.gdse72.back_end.dto.ApiResponse@4fa9757]
2025-09-19T12:14:10.013+05:30 DEBUG 22416 --- [Back_End] [http-nio-8080-exec-6] o.s.web.servlet.DispatcherServlet        : Completed 200 OK
2025-09-19T12:14:39.762+05:30 DEBUG 22416 --- [Back_End] [http-nio-8080-exec-2] o.s.web.servlet.DispatcherServlet        : GET "/api/classes/statistics/1", parameters={}
2025-09-19T12:14:39.762+05:30 DEBUG 22416 --- [Back_End] [http-nio-8080-exec-2] s.w.s.m.m.a.RequestMappingHandlerMapping : Mapped to com.ijse.gdse72.back_end.controller.ClassController#getTeacherStatistics(Long)
2025-09-19T12:14:39.770+05:30 DEBUG 22416 --- [Back_End] [http-nio-8080-exec-2] o.s.w.s.m.m.a.HttpEntityMethodProcessor  : Using 'application/json', given [*/*] and supported [application/json, application/*+json]
2025-09-19T12:14:39.770+05:30 DEBUG 22416 --- [Back_End] [http-nio-8080-exec-2] o.s.w.s.m.m.a.HttpEntityMethodProcessor  : Writing [com.ijse.gdse72.back_end.dto.ApiResponse@55de06e4]
2025-09-19T12:14:39.771+05:30 DEBUG 22416 --- [Back_End] [http-nio-8080-exec-2] o.s.web.servlet.DispatcherServlet        : Completed 200 OK
2025-09-19T12:15:09.766+05:30 DEBUG 22416 --- [Back_End] [http-nio-8080-exec-5] o.s.web.servlet.DispatcherServlet        : GET "/api/classes/statistics/1", parameters={}
2025-09-19T12:15:09.766+05:30 DEBUG 22416 --- [Back_End] [http-nio-8080-exec-5] s.w.s.m.m.a.RequestMappingHandlerMapping : Mapped to com.ijse.gdse72.back_end.controller.ClassController#getTeacherStatistics(Long)
2025-09-19T12:15:09.776+05:30 DEBUG 22416 --- [Back_End] [http-nio-8080-exec-5] o.s.w.s.m.m.a.HttpEntityMethodProcessor  : Using 'application/json', given [*/*] and supported [application/json, application/*+json]
2025-09-19T12:15:09.776+05:30 DEBUG 22416 --- [Back_End] [http-nio-8080-exec-5] o.s.w.s.m.m.a.HttpEntityMethodProcessor  : Writing [com.ijse.gdse72.back_end.dto.ApiResponse@5f0451c8]
2025-09-19T12:15:09.777+05:30 DEBUG 22416 --- [Back_End] [http-nio-8080-exec-5] o.s.web.servlet.DispatcherServlet        : Completed 200 OK
2025-09-19T12:15:13.165+05:30  INFO 22416 --- [Back_End] [MessageBroker-8] o.s.w.s.c.WebSocketMessageBrokerStats    : WebSocketSession[0 current WS(0)-HttpStream(0)-HttpPoll(0), 2 total, 0 closed abnormally (0 connect failure, 0 send limit, 0 transport error)], stompSubProtocol[processed CONNECT(2)-CONNECTED(2)-DISCONNECT(0)], stompBrokerRelay[null], inboundChannel[pool size = 0, active threads = 0, queued tasks = 0, completed tasks = 18], outboundChannel[pool size = 0, active threads = 0, queued tasks = 0, completed tasks = 4], sockJsScheduler[pool size = 12, active threads = 1, queued tasks = 1, completed tasks = 134]
2025-09-19T12:15:39.768+05:30 DEBUG 22416 --- [Back_End] [http-nio-8080-exec-10] o.s.web.servlet.DispatcherServlet        : GET "/api/classes/statistics/1", parameters={}
2025-09-19T12:15:39.768+05:30 DEBUG 22416 --- [Back_End] [http-nio-8080-exec-10] s.w.s.m.m.a.RequestMappingHandlerMapping : Mapped to com.ijse.gdse72.back_end.controller.ClassController#getTeacherStatistics(Long)
2025-09-19T12:15:39.776+05:30 DEBUG 22416 --- [Back_End] [http-nio-8080-exec-10] o.s.w.s.m.m.a.HttpEntityMethodProcessor  : Using 'application/json', given [*/*] and supported [application/json, application/*+json]
2025-09-19T12:15:39.777+05:30 DEBUG 22416 --- [Back_End] [http-nio-8080-exec-10] o.s.w.s.m.m.a.HttpEntityMethodProcessor  : Writing [com.ijse.gdse72.back_end.dto.ApiResponse@5920b6a0]
2025-09-19T12:15:39.777+05:30 DEBUG 22416 --- [Back_End] [http-nio-8080-exec-10] o.s.web.servlet.DispatcherServlet        : Completed 200 OK
2025-09-19T12:16:57.764+05:30 DEBUG 22416 --- [Back_End] [http-nio-8080-exec-7] o.s.web.servlet.DispatcherServlet        : GET "/api/classes/statistics/1", parameters={}
2025-09-19T12:16:57.764+05:30 DEBUG 22416 --- [Back_End] [http-nio-8080-exec-7] s.w.s.m.m.a.RequestMappingHandlerMapping : Mapped to com.ijse.gdse72.back_end.controller.ClassController#getTeacherStatistics(Long)
2025-09-19T12:16:57.772+05:30 DEBUG 22416 --- [Back_End] [http-nio-8080-exec-7] o.s.w.s.m.m.a.HttpEntityMethodProcessor  : Using 'application/json', given [*/*] and supported [application/json, application/*+json]
2025-09-19T12:16:57.772+05:30 DEBUG 22416 --- [Back_End] [http-nio-8080-exec-7] o.s.w.s.m.m.a.HttpEntityMethodProcessor  : Writing [com.ijse.gdse72.back_end.dto.ApiResponse@76a87fad]
2025-09-19T12:16:57.773+05:30 DEBUG 22416 --- [Back_End] [http-nio-8080-exec-7] o.s.web.servlet.DispatcherServlet        : Completed 200 OK
2025-09-19T12:17:09.475+05:30 DEBUG 22416 --- [Back_End] [http-nio-8080-exec-1] o.s.web.servlet.DispatcherServlet        : GET "/api/classes/statistics/1", parameters={}
2025-09-19T12:17:09.475+05:30 DEBUG 22416 --- [Back_End] [http-nio-8080-exec-1] s.w.s.m.m.a.RequestMappingHandlerMapping : Mapped to com.ijse.gdse72.back_end.controller.ClassController#getTeacherStatistics(Long)
2025-09-19T12:17:09.483+05:30 DEBUG 22416 --- [Back_End] [http-nio-8080-exec-1] o.s.w.s.m.m.a.HttpEntityMethodProcessor  : Using 'application/json', given [*/*] and supported [application/json, application/*+json]
2025-09-19T12:17:09.483+05:30 DEBUG 22416 --- [Back_End] [http-nio-8080-exec-1] o.s.w.s.m.m.a.HttpEntityMethodProcessor  : Writing [com.ijse.gdse72.back_end.dto.ApiResponse@bd0cc9f]
2025-09-19T12:17:09.484+05:30 DEBUG 22416 --- [Back_End] [http-nio-8080-exec-1] o.s.web.servlet.DispatcherServlet        : Completed 200 OK
2025-09-19T12:17:39.479+05:30 DEBUG 22416 --- [Back_End] [http-nio-8080-exec-8] o.s.web.servlet.DispatcherServlet        : GET "/api/classes/statistics/1", parameters={}
2025-09-19T12:17:39.479+05:30 DEBUG 22416 --- [Back_End] [http-nio-8080-exec-8] s.w.s.m.m.a.RequestMappingHandlerMapping : Mapped to com.ijse.gdse72.back_end.controller.ClassController#getTeacherStatistics(Long)
2025-09-19T12:17:39.487+05:30 DEBUG 22416 --- [Back_End] [http-nio-8080-exec-8] o.s.w.s.m.m.a.HttpEntityMethodProcessor  : Using 'application/json', given [*/*] and supported [application/json, application/*+json]
2025-09-19T12:17:39.487+05:30 DEBUG 22416 --- [Back_End] [http-nio-8080-exec-8] o.s.w.s.m.m.a.HttpEntityMethodProcessor  : Writing [com.ijse.gdse72.back_end.dto.ApiResponse@754bd0f5]
2025-09-19T12:17:39.488+05:30 DEBUG 22416 --- [Back_End] [http-nio-8080-exec-8] o.s.web.servlet.DispatcherServlet        : Completed 200 OK
2025-09-19T12:18:09.479+05:30 DEBUG 22416 --- [Back_End] [http-nio-8080-exec-6] o.s.web.servlet.DispatcherServlet        : GET "/api/classes/statistics/1", parameters={}
2025-09-19T12:18:09.479+05:30 DEBUG 22416 --- [Back_End] [http-nio-8080-exec-6] s.w.s.m.m.a.RequestMappingHandlerMapping : Mapped to com.ijse.gdse72.back_end.controller.ClassController#getTeacherStatistics(Long)
2025-09-19T12:18:09.486+05:30 DEBUG 22416 --- [Back_End] [http-nio-8080-exec-6] o.s.w.s.m.m.a.HttpEntityMethodProcessor  : Using 'application/json', given [*/*] and supported [application/json, application/*+json]
2025-09-19T12:18:09.487+05:30 DEBUG 22416 --- [Back_End] [http-nio-8080-exec-6] o.s.w.s.m.m.a.HttpEntityMethodProcessor  : Writing [com.ijse.gdse72.back_end.dto.ApiResponse@37ef7933]
2025-09-19T12:18:09.487+05:30 DEBUG 22416 --- [Back_End] [http-nio-8080-exec-6] o.s.web.servlet.DispatcherServlet        : Completed 200 OK
2025-09-19T12:18:39.482+05:30 DEBUG 22416 --- [Back_End] [http-nio-8080-exec-4] o.s.web.servlet.DispatcherServlet        : GET "/api/classes/statistics/1", parameters={}
2025-09-19T12:18:39.483+05:30 DEBUG 22416 --- [Back_End] [http-nio-8080-exec-4] s.w.s.m.m.a.RequestMappingHandlerMapping : Mapped to com.ijse.gdse72.back_end.controller.ClassController#getTeacherStatistics(Long)
2025-09-19T12:18:39.490+05:30 DEBUG 22416 --- [Back_End] [http-nio-8080-exec-4] o.s.w.s.m.m.a.HttpEntityMethodProcessor  : Using 'application/json', given [*/*] and supported [application/json, application/*+json]
2025-09-19T12:18:39.490+05:30 DEBUG 22416 --- [Back_End] [http-nio-8080-exec-4] o.s.w.s.m.m.a.HttpEntityMethodProcessor  : Writing [com.ijse.gdse72.back_end.dto.ApiResponse@2ccb7ec3]
2025-09-19T12:18:39.491+05:30 DEBUG 22416 --- [Back_End] [http-nio-8080-exec-4] o.s.web.servlet.DispatcherServlet        : Completed 200 OK
2025-09-19T12:19:09.493+05:30 DEBUG 22416 --- [Back_End] [http-nio-8080-exec-1] o.s.web.servlet.DispatcherServlet        : GET "/api/classes/statistics/1", parameters={}
2025-09-19T12:19:09.494+05:30 DEBUG 22416 --- [Back_End] [http-nio-8080-exec-1] s.w.s.m.m.a.RequestMappingHandlerMapping : Mapped to com.ijse.gdse72.back_end.controller.ClassController#getTeacherStatistics(Long)
2025-09-19T12:19:09.503+05:30 DEBUG 22416 --- [Back_End] [http-nio-8080-exec-1] o.s.w.s.m.m.a.HttpEntityMethodProcessor  : Using 'application/json', given [*/*] and supported [application/json, application/*+json]
2025-09-19T12:19:09.503+05:30 DEBUG 22416 --- [Back_End] [http-nio-8080-exec-1] o.s.w.s.m.m.a.HttpEntityMethodProcessor  : Writing [com.ijse.gdse72.back_end.dto.ApiResponse@559519ae]
2025-09-19T12:19:09.504+05:30 DEBUG 22416 --- [Back_End] [http-nio-8080-exec-1] o.s.web.servlet.DispatcherServlet        : Completed 200 OK
2025-09-19T12:19:39.765+05:30 DEBUG 22416 --- [Back_End] [http-nio-8080-exec-8] o.s.web.servlet.DispatcherServlet        : GET "/api/classes/statistics/1", parameters={}
2025-09-19T12:19:39.766+05:30 DEBUG 22416 --- [Back_End] [http-nio-8080-exec-8] s.w.s.m.m.a.RequestMappingHandlerMapping : Mapped to com.ijse.gdse72.back_end.controller.ClassController#getTeacherStatistics(Long)
2025-09-19T12:19:39.775+05:30 DEBUG 22416 --- [Back_End] [http-nio-8080-exec-8] o.s.w.s.m.m.a.HttpEntityMethodProcessor  : Using 'application/json', given [*/*] and supported [application/json, application/*+json]
2025-09-19T12:19:39.775+05:30 DEBUG 22416 --- [Back_End] [http-nio-8080-exec-8] o.s.w.s.m.m.a.HttpEntityMethodProcessor  : Writing [com.ijse.gdse72.back_end.dto.ApiResponse@1fa169fd]
2025-09-19T12:19:39.776+05:30 DEBUG 22416 --- [Back_End] [http-nio-8080-exec-8] o.s.web.servlet.DispatcherServlet        : Completed 200 OK
2025-09-19T12:20:09.757+05:30 DEBUG 22416 --- [Back_End] [http-nio-8080-exec-3] o.s.web.servlet.DispatcherServlet        : GET "/api/classes/statistics/1", parameters={}
2025-09-19T12:20:09.757+05:30 DEBUG 22416 --- [Back_End] [http-nio-8080-exec-3] s.w.s.m.m.a.RequestMappingHandlerMapping : Mapped to com.ijse.gdse72.back_end.controller.ClassController#getTeacherStatistics(Long)
2025-09-19T12:20:09.771+05:30 DEBUG 22416 --- [Back_End] [http-nio-8080-exec-3] o.s.w.s.m.m.a.HttpEntityMethodProcessor  : Using 'application/json', given [*/*] and supported [application/json, application/*+json]
2025-09-19T12:20:09.771+05:30 DEBUG 22416 --- [Back_End] [http-nio-8080-exec-3] o.s.w.s.m.m.a.HttpEntityMethodProcessor  : Writing [com.ijse.gdse72.back_end.dto.ApiResponse@2147d88c]
2025-09-19T12:20:09.773+05:30 DEBUG 22416 --- [Back_End] [http-nio-8080-exec-3] o.s.web.servlet.DispatcherServlet        : Completed 200 OK
2025-09-19T12:20:57.770+05:30 DEBUG 22416 --- [Back_End] [http-nio-8080-exec-4] o.s.web.servlet.DispatcherServlet        : GET "/api/classes/statistics/1", parameters={}
2025-09-19T12:20:57.770+05:30 DEBUG 22416 --- [Back_End] [http-nio-8080-exec-4] s.w.s.m.m.a.RequestMappingHandlerMapping : Mapped to com.ijse.gdse72.back_end.controller.ClassController#getTeacherStatistics(Long)
2025-09-19T12:20:57.779+05:30 DEBUG 22416 --- [Back_End] [http-nio-8080-exec-4] o.s.w.s.m.m.a.HttpEntityMethodProcessor  : Using 'application/json', given [*/*] and supported [application/json, application/*+json]
2025-09-19T12:20:57.779+05:30 DEBUG 22416 --- [Back_End] [http-nio-8080-exec-4] o.s.w.s.m.m.a.HttpEntityMethodProcessor  : Writing [com.ijse.gdse72.back_end.dto.ApiResponse@29821350]
2025-09-19T12:20:57.780+05:30 DEBUG 22416 --- [Back_End] [http-nio-8080-exec-4] o.s.web.servlet.DispatcherServlet        : Completed 200 OK
2025-09-19T12:21:57.765+05:30 DEBUG 22416 --- [Back_End] [http-nio-8080-exec-9] o.s.web.servlet.DispatcherServlet        : GET "/api/classes/statistics/1", parameters={}
2025-09-19T12:21:57.765+05:30 DEBUG 22416 --- [Back_End] [http-nio-8080-exec-9] s.w.s.m.m.a.RequestMappingHandlerMapping : Mapped to com.ijse.gdse72.back_end.controller.ClassController#getTeacherStatistics(Long)
2025-09-19T12:21:57.773+05:30 DEBUG 22416 --- [Back_End] [http-nio-8080-exec-9] o.s.w.s.m.m.a.HttpEntityMethodProcessor  : Using 'application/json', given [*/*] and supported [application/json, application/*+json]
2025-09-19T12:21:57.774+05:30 DEBUG 22416 --- [Back_End] [http-nio-8080-exec-9] o.s.w.s.m.m.a.HttpEntityMethodProcessor  : Writing [com.ijse.gdse72.back_end.dto.ApiResponse@39c73e20]
2025-09-19T12:21:57.774+05:30 DEBUG 22416 --- [Back_End] [http-nio-8080-exec-9] o.s.web.servlet.DispatcherServlet        : Completed 200 OK
2025-09-19T12:22:38.316+05:30 DEBUG 22416 --- [Back_End] [http-nio-8080-exec-10] o.s.web.servlet.DispatcherServlet        : GET "/api/classes/statistics/1", parameters={}
2025-09-19T12:22:38.317+05:30 DEBUG 22416 --- [Back_End] [http-nio-8080-exec-10] s.w.s.m.m.a.RequestMappingHandlerMapping : Mapped to com.ijse.gdse72.back_end.controller.ClassController#getTeacherStatistics(Long)
2025-09-19T12:22:38.348+05:30 DEBUG 22416 --- [Back_End] [http-nio-8080-exec-10] o.s.w.s.m.m.a.HttpEntityMethodProcessor  : Using 'application/json', given [*/*] and supported [application/json, application/*+json]
2025-09-19T12:22:38.349+05:30 DEBUG 22416 --- [Back_End] [http-nio-8080-exec-10] o.s.w.s.m.m.a.HttpEntityMethodProcessor  : Writing [com.ijse.gdse72.back_end.dto.ApiResponse@bc2d19]
2025-09-19T12:22:38.351+05:30 DEBUG 22416 --- [Back_End] [http-nio-8080-exec-10] o.s.web.servlet.DispatcherServlet        : Completed 200 OK
2025-09-19T12:23:09.762+05:30 DEBUG 22416 --- [Back_End] [http-nio-8080-exec-7] o.s.web.servlet.DispatcherServlet        : GET "/api/classes/statistics/1", parameters={}
2025-09-19T12:23:09.762+05:30 DEBUG 22416 --- [Back_End] [http-nio-8080-exec-7] s.w.s.m.m.a.RequestMappingHandlerMapping : Mapped to com.ijse.gdse72.back_end.controller.ClassController#getTeacherStatistics(Long)
2025-09-19T12:23:09.771+05:30 DEBUG 22416 --- [Back_End] [http-nio-8080-exec-7] o.s.w.s.m.m.a.HttpEntityMethodProcessor  : Using 'application/json', given [*/*] and supported [application/json, application/*+json]
2025-09-19T12:23:09.771+05:30 DEBUG 22416 --- [Back_End] [http-nio-8080-exec-7] o.s.w.s.m.m.a.HttpEntityMethodProcessor  : Writing [com.ijse.gdse72.back_end.dto.ApiResponse@5b5d2633]
2025-09-19T12:23:09.772+05:30 DEBUG 22416 --- [Back_End] [http-nio-8080-exec-7] o.s.web.servlet.DispatcherServlet        : Completed 200 OK
2025-09-19T12:23:39.756+05:30 DEBUG 22416 --- [Back_End] [http-nio-8080-exec-1] o.s.web.servlet.DispatcherServlet        : GET "/api/classes/statistics/1", parameters={}
2025-09-19T12:23:39.756+05:30 DEBUG 22416 --- [Back_End] [http-nio-8080-exec-1] s.w.s.m.m.a.RequestMappingHandlerMapping : Mapped to com.ijse.gdse72.back_end.controller.ClassController#getTeacherStatistics(Long)
2025-09-19T12:23:39.763+05:30 DEBUG 22416 --- [Back_End] [http-nio-8080-exec-1] o.s.w.s.m.m.a.HttpEntityMethodProcessor  : Using 'application/json', given [*/*] and supported [application/json, application/*+json]
2025-09-19T12:23:39.763+05:30 DEBUG 22416 --- [Back_End] [http-nio-8080-exec-1] o.s.w.s.m.m.a.HttpEntityMethodProcessor  : Writing [com.ijse.gdse72.back_end.dto.ApiResponse@3ef28c40]
2025-09-19T12:23:39.764+05:30 DEBUG 22416 --- [Back_End] [http-nio-8080-exec-1] o.s.web.servlet.DispatcherServlet        : Completed 200 OK
2025-09-19T12:24:40.490+05:30 DEBUG 22416 --- [Back_End] [http-nio-8080-exec-8] o.s.web.servlet.DispatcherServlet        : GET "/api/classes/statistics/1", parameters={}
2025-09-19T12:24:40.490+05:30 DEBUG 22416 --- [Back_End] [http-nio-8080-exec-8] s.w.s.m.m.a.RequestMappingHandlerMapping : Mapped to com.ijse.gdse72.back_end.controller.ClassController#getTeacherStatistics(Long)
2025-09-19T12:24:40.503+05:30 DEBUG 22416 --- [Back_End] [http-nio-8080-exec-8] o.s.w.s.m.m.a.HttpEntityMethodProcessor  : Using 'application/json', given [*/*] and supported [application/json, application/*+json]
2025-09-19T12:24:40.504+05:30 DEBUG 22416 --- [Back_End] [http-nio-8080-exec-8] o.s.w.s.m.m.a.HttpEntityMethodProcessor  : Writing [com.ijse.gdse72.back_end.dto.ApiResponse@1344854b]
2025-09-19T12:24:40.505+05:30 DEBUG 22416 --- [Back_End] [http-nio-8080-exec-8] o.s.web.servlet.DispatcherServlet        : Completed 200 OK
2025-09-19T12:25:07.777+05:30 DEBUG 22416 --- [Back_End] [http-nio-8080-exec-6] o.s.web.servlet.DispatcherServlet        : POST "/auth/login", parameters={}
2025-09-19T12:25:07.778+05:30 DEBUG 22416 --- [Back_End] [http-nio-8080-exec-6] s.w.s.m.m.a.RequestMappingHandlerMapping : Mapped to com.ijse.gdse72.back_end.controller.AuthController#login(AuthDTO)
2025-09-19T12:25:07.779+05:30 DEBUG 22416 --- [Back_End] [http-nio-8080-exec-6] m.m.a.RequestResponseBodyMethodProcessor : Read "application/json;charset=UTF-8" to [com.ijse.gdse72.back_end.dto.AuthDTO@433e389e]
2025-09-19T12:25:07.871+05:30 DEBUG 22416 --- [Back_End] [http-nio-8080-exec-6] o.s.w.s.m.m.a.HttpEntityMethodProcessor  : Using 'application/json', given [*/*] and supported [application/json, application/*+json]
2025-09-19T12:25:07.871+05:30 DEBUG 22416 --- [Back_End] [http-nio-8080-exec-6] o.s.w.s.m.m.a.HttpEntityMethodProcessor  : Writing [com.ijse.gdse72.back_end.dto.ApiResponse@6813fdb6]
2025-09-19T12:25:07.872+05:30 DEBUG 22416 --- [Back_End] [http-nio-8080-exec-6] o.s.web.servlet.DispatcherServlet        : Completed 200 OK
2025-09-19T12:25:09.129+05:30 DEBUG 22416 --- [Back_End] [http-nio-8080-exec-7] o.s.web.servlet.DispatcherServlet        : GET "/auth/user/10", parameters={}
2025-09-19T12:25:09.130+05:30 DEBUG 22416 --- [Back_End] [http-nio-8080-exec-7] s.w.s.m.m.a.RequestMappingHandlerMapping : Mapped to com.ijse.gdse72.back_end.controller.AuthController#getUserById(Long)
2025-09-19T12:25:09.139+05:30 DEBUG 22416 --- [Back_End] [http-nio-8080-exec-7] o.s.w.s.m.m.a.HttpEntityMethodProcessor  : Using 'application/json', given [*/*] and supported [application/json, application/*+json]
2025-09-19T12:25:09.139+05:30 DEBUG 22416 --- [Back_End] [http-nio-8080-exec-7] o.s.w.s.m.m.a.HttpEntityMethodProcessor  : Writing [com.ijse.gdse72.back_end.dto.ApiResponse@1f5a7962]
2025-09-19T12:25:09.141+05:30 DEBUG 22416 --- [Back_End] [http-nio-8080-exec-7] o.s.web.servlet.DispatcherServlet        : Completed 200 OK
2025-09-19T12:25:09.176+05:30 DEBUG 22416 --- [Back_End] [http-nio-8080-exec-1] o.s.web.servlet.DispatcherServlet        : GET "/api/classes/student/10", parameters={}
2025-09-19T12:25:09.177+05:30 DEBUG 22416 --- [Back_End] [http-nio-8080-exec-1] s.w.s.m.m.a.RequestMappingHandlerMapping : Mapped to com.ijse.gdse72.back_end.controller.ClassController#getClassesByStudent(Long)
2025-09-19T12:25:09.183+05:30 DEBUG 22416 --- [Back_End] [http-nio-8080-exec-9] o.s.web.servlet.DispatcherServlet        : GET "/api/classes/student-statistics/10", parameters={}
2025-09-19T12:25:09.183+05:30 DEBUG 22416 --- [Back_End] [http-nio-8080-exec-9] s.w.s.m.m.a.RequestMappingHandlerMapping : Mapped to com.ijse.gdse72.back_end.controller.ClassController#getStudentClassStatistics(Long)
2025-09-19T12:25:09.196+05:30 DEBUG 22416 --- [Back_End] [http-nio-8080-exec-1] o.s.w.s.m.m.a.HttpEntityMethodProcessor  : Using 'application/json', given [*/*] and supported [application/json, application/*+json]
2025-09-19T12:25:09.196+05:30 DEBUG 22416 --- [Back_End] [http-nio-8080-exec-1] o.s.w.s.m.m.a.HttpEntityMethodProcessor  : Writing [com.ijse.gdse72.back_end.dto.ApiResponse@41c88505]
2025-09-19T12:25:09.198+05:30 DEBUG 22416 --- [Back_End] [http-nio-8080-exec-1] o.s.web.servlet.DispatcherServlet        : Completed 200 OK
2025-09-19T12:25:09.205+05:30 DEBUG 22416 --- [Back_End] [http-nio-8080-exec-9] o.s.w.s.m.m.a.HttpEntityMethodProcessor  : Using 'application/json', given [*/*] and supported [application/json, application/*+json]
2025-09-19T12:25:09.205+05:30 DEBUG 22416 --- [Back_End] [http-nio-8080-exec-9] o.s.w.s.m.m.a.HttpEntityMethodProcessor  : Writing [com.ijse.gdse72.back_end.dto.ApiResponse@65447bea]
2025-09-19T12:25:09.206+05:30 DEBUG 22416 --- [Back_End] [http-nio-8080-exec-9] o.s.web.servlet.DispatcherServlet        : Completed 200 OK
2025-09-19T12:25:09.627+05:30 DEBUG 22416 --- [Back_End] [http-nio-8080-exec-5] o.s.web.servlet.DispatcherServlet        : GET "/api/classes/student-statistics/10", parameters={}
2025-09-19T12:25:09.628+05:30 DEBUG 22416 --- [Back_End] [http-nio-8080-exec-5] s.w.s.m.m.a.RequestMappingHandlerMapping : Mapped to com.ijse.gdse72.back_end.controller.ClassController#getStudentClassStatistics(Long)
2025-09-19T12:25:09.640+05:30 DEBUG 22416 --- [Back_End] [http-nio-8080-exec-5] o.s.w.s.m.m.a.HttpEntityMethodProcessor  : Using 'application/json', given [*/*] and supported [application/json, application/*+json]
2025-09-19T12:25:09.641+05:30 DEBUG 22416 --- [Back_End] [http-nio-8080-exec-5] o.s.w.s.m.m.a.HttpEntityMethodProcessor  : Writing [com.ijse.gdse72.back_end.dto.ApiResponse@2329764a]
2025-09-19T12:25:09.642+05:30 DEBUG 22416 --- [Back_End] [http-nio-8080-exec-5] o.s.web.servlet.DispatcherServlet        : Completed 200 OK
2025-09-19T12:25:13.061+05:30 DEBUG 22416 --- [Back_End] [http-nio-8080-exec-6] o.s.web.servlet.DispatcherServlet        : GET "/api/classes/available/10", parameters={}
2025-09-19T12:25:13.062+05:30 DEBUG 22416 --- [Back_End] [http-nio-8080-exec-6] s.w.s.m.m.a.RequestMappingHandlerMapping : Mapped to com.ijse.gdse72.back_end.controller.ClassController#getClassesNotJoinedByStudent(Long)
2025-09-19T12:25:13.092+05:30 DEBUG 22416 --- [Back_End] [http-nio-8080-exec-6] o.s.w.s.m.m.a.HttpEntityMethodProcessor  : Using 'application/json', given [*/*] and supported [application/json, application/*+json]
2025-09-19T12:25:13.092+05:30 DEBUG 22416 --- [Back_End] [http-nio-8080-exec-6] o.s.w.s.m.m.a.HttpEntityMethodProcessor  : Writing [com.ijse.gdse72.back_end.dto.ApiResponse@1ada2c7b]
2025-09-19T12:25:13.093+05:30 DEBUG 22416 --- [Back_End] [http-nio-8080-exec-6] o.s.web.servlet.DispatcherServlet        : Completed 200 OK
2025-09-19T12:25:18.314+05:30 DEBUG 22416 --- [Back_End] [http-nio-8080-exec-7] o.s.web.servlet.DispatcherServlet        : GET "/auth/user/10", parameters={}
2025-09-19T12:25:18.314+05:30 DEBUG 22416 --- [Back_End] [http-nio-8080-exec-7] s.w.s.m.m.a.RequestMappingHandlerMapping : Mapped to com.ijse.gdse72.back_end.controller.AuthController#getUserById(Long)
2025-09-19T12:25:18.327+05:30 DEBUG 22416 --- [Back_End] [http-nio-8080-exec-7] o.s.w.s.m.m.a.HttpEntityMethodProcessor  : Using 'application/json', given [*/*] and supported [application/json, application/*+json]
2025-09-19T12:25:18.328+05:30 DEBUG 22416 --- [Back_End] [http-nio-8080-exec-7] o.s.w.s.m.m.a.HttpEntityMethodProcessor  : Writing [com.ijse.gdse72.back_end.dto.ApiResponse@47f68d1a]
2025-09-19T12:25:18.330+05:30 DEBUG 22416 --- [Back_End] [http-nio-8080-exec-7] o.s.web.servlet.DispatcherServlet        : Completed 200 OK
2025-09-19T12:25:18.361+05:30 DEBUG 22416 --- [Back_End] [http-nio-8080-exec-1] o.s.web.servlet.DispatcherServlet        : GET "/api/classes/student/10", parameters={}
2025-09-19T12:25:18.362+05:30 DEBUG 22416 --- [Back_End] [http-nio-8080-exec-1] s.w.s.m.m.a.RequestMappingHandlerMapping : Mapped to com.ijse.gdse72.back_end.controller.ClassController#getClassesByStudent(Long)
2025-09-19T12:25:18.363+05:30 DEBUG 22416 --- [Back_End] [http-nio-8080-exec-9] o.s.web.servlet.DispatcherServlet        : GET "/api/classes/student-statistics/10", parameters={}
2025-09-19T12:25:18.363+05:30 DEBUG 22416 --- [Back_End] [http-nio-8080-exec-9] s.w.s.m.m.a.RequestMappingHandlerMapping : Mapped to com.ijse.gdse72.back_end.controller.ClassController#getStudentClassStatistics(Long)
2025-09-19T12:25:18.380+05:30 DEBUG 22416 --- [Back_End] [http-nio-8080-exec-9] o.s.w.s.m.m.a.HttpEntityMethodProcessor  : Using 'application/json', given [*/*] and supported [application/json, application/*+json]
2025-09-19T12:25:18.380+05:30 DEBUG 22416 --- [Back_End] [http-nio-8080-exec-9] o.s.w.s.m.m.a.HttpEntityMethodProcessor  : Writing [com.ijse.gdse72.back_end.dto.ApiResponse@4c382831]
2025-09-19T12:25:18.382+05:30 DEBUG 22416 --- [Back_End] [http-nio-8080-exec-9] o.s.web.servlet.DispatcherServlet        : Completed 200 OK
2025-09-19T12:25:18.385+05:30 DEBUG 22416 --- [Back_End] [http-nio-8080-exec-1] o.s.w.s.m.m.a.HttpEntityMethodProcessor  : Using 'application/json', given [*/*] and supported [application/json, application/*+json]
2025-09-19T12:25:18.386+05:30 DEBUG 22416 --- [Back_End] [http-nio-8080-exec-1] o.s.w.s.m.m.a.HttpEntityMethodProcessor  : Writing [com.ijse.gdse72.back_end.dto.ApiResponse@3b00bd42]
2025-09-19T12:25:18.387+05:30 DEBUG 22416 --- [Back_End] [http-nio-8080-exec-1] o.s.web.servlet.DispatcherServlet        : Completed 200 OK
2025-09-19T12:25:18.786+05:30 DEBUG 22416 --- [Back_End] [http-nio-8080-exec-5] o.s.web.servlet.DispatcherServlet        : GET "/api/classes/student-statistics/10", parameters={}
2025-09-19T12:25:18.786+05:30 DEBUG 22416 --- [Back_End] [http-nio-8080-exec-5] s.w.s.m.m.a.RequestMappingHandlerMapping : Mapped to com.ijse.gdse72.back_end.controller.ClassController#getStudentClassStatistics(Long)
2025-09-19T12:25:18.797+05:30 DEBUG 22416 --- [Back_End] [http-nio-8080-exec-5] o.s.w.s.m.m.a.HttpEntityMethodProcessor  : Using 'application/json', given [*/*] and supported [application/json, application/*+json]
2025-09-19T12:25:18.797+05:30 DEBUG 22416 --- [Back_End] [http-nio-8080-exec-5] o.s.w.s.m.m.a.HttpEntityMethodProcessor  : Writing [com.ijse.gdse72.back_end.dto.ApiResponse@6226991]
2025-09-19T12:25:18.798+05:30 DEBUG 22416 --- [Back_End] [http-nio-8080-exec-5] o.s.web.servlet.DispatcherServlet        : Completed 200 OK
2025-09-19T12:25:25.755+05:30 DEBUG 22416 --- [Back_End] [http-nio-8080-exec-4] o.s.web.servlet.DispatcherServlet        : GET "/api/classes/available/10", parameters={}
2025-09-19T12:25:25.756+05:30 DEBUG 22416 --- [Back_End] [http-nio-8080-exec-4] s.w.s.m.m.a.RequestMappingHandlerMapping : Mapped to com.ijse.gdse72.back_end.controller.ClassController#getClassesNotJoinedByStudent(Long)
2025-09-19T12:25:25.788+05:30 DEBUG 22416 --- [Back_End] [http-nio-8080-exec-4] o.s.w.s.m.m.a.HttpEntityMethodProcessor  : Using 'application/json', given [*/*] and supported [application/json, application/*+json]
2025-09-19T12:25:25.789+05:30 DEBUG 22416 --- [Back_End] [http-nio-8080-exec-4] o.s.w.s.m.m.a.HttpEntityMethodProcessor  : Writing [com.ijse.gdse72.back_end.dto.ApiResponse@3f3609c1]
2025-09-19T12:25:25.790+05:30 DEBUG 22416 --- [Back_End] [http-nio-8080-exec-4] o.s.web.servlet.DispatcherServlet        : Completed 200 OK
2025-09-19T12:25:31.984+05:30 DEBUG 22416 --- [Back_End] [http-nio-8080-exec-2] o.s.web.servlet.DispatcherServlet        : GET "/auth/user/10", parameters={}
2025-09-19T12:25:31.984+05:30 DEBUG 22416 --- [Back_End] [http-nio-8080-exec-2] s.w.s.m.m.a.RequestMappingHandlerMapping : Mapped to com.ijse.gdse72.back_end.controller.AuthController#getUserById(Long)
2025-09-19T12:25:31.990+05:30 DEBUG 22416 --- [Back_End] [http-nio-8080-exec-1] o.s.web.servlet.DispatcherServlet        : GET "/api/classes/student/10", parameters={}
2025-09-19T12:25:31.991+05:30 DEBUG 22416 --- [Back_End] [http-nio-8080-exec-1] s.w.s.m.m.a.RequestMappingHandlerMapping : Mapped to com.ijse.gdse72.back_end.controller.ClassController#getClassesByStudent(Long)
2025-09-19T12:25:31.993+05:30 DEBUG 22416 --- [Back_End] [http-nio-8080-exec-5] o.s.web.servlet.DispatcherServlet        : GET "/api/classes/student-statistics/10", parameters={}
2025-09-19T12:25:31.994+05:30 DEBUG 22416 --- [Back_End] [http-nio-8080-exec-2] o.s.w.s.m.m.a.HttpEntityMethodProcessor  : Using 'application/json', given [*/*] and supported [application/json, application/*+json]
2025-09-19T12:25:31.994+05:30 DEBUG 22416 --- [Back_End] [http-nio-8080-exec-5] s.w.s.m.m.a.RequestMappingHandlerMapping : Mapped to com.ijse.gdse72.back_end.controller.ClassController#getStudentClassStatistics(Long)
2025-09-19T12:25:31.994+05:30 DEBUG 22416 --- [Back_End] [http-nio-8080-exec-2] o.s.w.s.m.m.a.HttpEntityMethodProcessor  : Writing [com.ijse.gdse72.back_end.dto.ApiResponse@751009dd]
2025-09-19T12:25:31.995+05:30 DEBUG 22416 --- [Back_End] [http-nio-8080-exec-2] o.s.web.servlet.DispatcherServlet        : Completed 200 OK
2025-09-19T12:25:32.012+05:30 DEBUG 22416 --- [Back_End] [http-nio-8080-exec-1] o.s.w.s.m.m.a.HttpEntityMethodProcessor  : Using 'application/json', given [*/*] and supported [application/json, application/*+json]
2025-09-19T12:25:32.013+05:30 DEBUG 22416 --- [Back_End] [http-nio-8080-exec-1] o.s.w.s.m.m.a.HttpEntityMethodProcessor  : Writing [com.ijse.gdse72.back_end.dto.ApiResponse@35722a6d]
2025-09-19T12:25:32.014+05:30 DEBUG 22416 --- [Back_End] [http-nio-8080-exec-1] o.s.web.servlet.DispatcherServlet        : Completed 200 OK
2025-09-19T12:25:32.017+05:30 DEBUG 22416 --- [Back_End] [http-nio-8080-exec-5] o.s.w.s.m.m.a.HttpEntityMethodProcessor  : Using 'application/json', given [*/*] and supported [application/json, application/*+json]
2025-09-19T12:25:32.018+05:30 DEBUG 22416 --- [Back_End] [http-nio-8080-exec-5] o.s.w.s.m.m.a.HttpEntityMethodProcessor  : Writing [com.ijse.gdse72.back_end.dto.ApiResponse@478073f9]
2025-09-19T12:25:32.019+05:30 DEBUG 22416 --- [Back_End] [http-nio-8080-exec-5] o.s.web.servlet.DispatcherServlet        : Completed 200 OK
2025-09-19T12:25:32.446+05:30 DEBUG 22416 --- [Back_End] [http-nio-8080-exec-6] o.s.web.servlet.DispatcherServlet        : GET "/api/classes/student-statistics/10", parameters={}
2025-09-19T12:25:32.446+05:30 DEBUG 22416 --- [Back_End] [http-nio-8080-exec-6] s.w.s.m.m.a.RequestMappingHandlerMapping : Mapped to com.ijse.gdse72.back_end.controller.ClassController#getStudentClassStatistics(Long)
2025-09-19T12:25:32.464+05:30 DEBUG 22416 --- [Back_End] [http-nio-8080-exec-6] o.s.w.s.m.m.a.HttpEntityMethodProcessor  : Using 'application/json', given [*/*] and supported [application/json, application/*+json]
2025-09-19T12:25:32.464+05:30 DEBUG 22416 --- [Back_End] [http-nio-8080-exec-6] o.s.w.s.m.m.a.HttpEntityMethodProcessor  : Writing [com.ijse.gdse72.back_end.dto.ApiResponse@3a466ab7]
2025-09-19T12:25:32.465+05:30 DEBUG 22416 --- [Back_End] [http-nio-8080-exec-6] o.s.web.servlet.DispatcherServlet        : Completed 200 OK
2025-09-19T12:45:13.214+05:30  INFO 22416 --- [Back_End] [MessageBroker-6] o.s.w.s.c.WebSocketMessageBrokerStats    : WebSocketSession[0 current WS(0)-HttpStream(0)-HttpPoll(0), 2 total, 0 closed abnormally (0 connect failure, 0 send limit, 0 transport error)], stompSubProtocol[processed CONNECT(2)-CONNECTED(2)-DISCONNECT(0)], stompBrokerRelay[null], inboundChannel[pool size = 0, active threads = 0, queued tasks = 0, completed tasks = 18], outboundChannel[pool size = 0, active threads = 0, queued tasks = 0, completed tasks = 4], sockJsScheduler[pool size = 12, active threads = 1, queued tasks = 1, completed tasks = 495]
2025-09-19T12:46:33.004+05:30 DEBUG 22416 --- [Back_End] [http-nio-8080-exec-9] o.s.web.servlet.DispatcherServlet        : POST "/auth/login", parameters={}
2025-09-19T12:46:33.005+05:30 DEBUG 22416 --- [Back_End] [http-nio-8080-exec-9] s.w.s.m.m.a.RequestMappingHandlerMapping : Mapped to com.ijse.gdse72.back_end.controller.AuthController#login(AuthDTO)
2025-09-19T12:46:33.038+05:30 DEBUG 22416 --- [Back_End] [http-nio-8080-exec-9] m.m.a.RequestResponseBodyMethodProcessor : Read "application/json;charset=UTF-8" to [com.ijse.gdse72.back_end.dto.AuthDTO@7fd843aa]
2025-09-19T12:46:33.269+05:30 DEBUG 22416 --- [Back_End] [http-nio-8080-exec-9] o.s.w.s.m.m.a.HttpEntityMethodProcessor  : Using 'application/json', given [*/*] and supported [application/json, application/*+json]
2025-09-19T12:46:33.269+05:30 DEBUG 22416 --- [Back_End] [http-nio-8080-exec-9] o.s.w.s.m.m.a.HttpEntityMethodProcessor  : Writing [com.ijse.gdse72.back_end.dto.ApiResponse@298ab536]
2025-09-19T12:46:33.272+05:30 DEBUG 22416 --- [Back_End] [http-nio-8080-exec-9] o.s.web.servlet.DispatcherServlet        : Completed 200 OK
2025-09-19T12:46:34.476+05:30 DEBUG 22416 --- [Back_End] [http-nio-8080-exec-2] o.s.web.servlet.DispatcherServlet        : GET "/auth/user/10", parameters={}
2025-09-19T12:46:34.477+05:30 DEBUG 22416 --- [Back_End] [http-nio-8080-exec-2] s.w.s.m.m.a.RequestMappingHandlerMapping : Mapped to com.ijse.gdse72.back_end.controller.AuthController#getUserById(Long)
2025-09-19T12:46:34.496+05:30 DEBUG 22416 --- [Back_End] [http-nio-8080-exec-2] o.s.w.s.m.m.a.HttpEntityMethodProcessor  : Using 'application/json', given [*/*] and supported [application/json, application/*+json]
2025-09-19T12:46:34.497+05:30 DEBUG 22416 --- [Back_End] [http-nio-8080-exec-2] o.s.w.s.m.m.a.HttpEntityMethodProcessor  : Writing [com.ijse.gdse72.back_end.dto.ApiResponse@3dcc9e13]
2025-09-19T12:46:34.498+05:30 DEBUG 22416 --- [Back_End] [http-nio-8080-exec-2] o.s.web.servlet.DispatcherServlet        : Completed 200 OK
2025-09-19T12:46:34.512+05:30 DEBUG 22416 --- [Back_End] [http-nio-8080-exec-8] o.s.web.servlet.DispatcherServlet        : GET "/api/classes/student-statistics/10", parameters={}
2025-09-19T12:46:34.513+05:30 DEBUG 22416 --- [Back_End] [http-nio-8080-exec-8] s.w.s.m.m.a.RequestMappingHandlerMapping : Mapped to com.ijse.gdse72.back_end.controller.ClassController#getStudentClassStatistics(Long)
2025-09-19T12:46:34.531+05:30 DEBUG 22416 --- [Back_End] [http-nio-8080-exec-10] o.s.web.servlet.DispatcherServlet        : GET "/api/classes/student/10", parameters={}
2025-09-19T12:46:34.532+05:30 DEBUG 22416 --- [Back_End] [http-nio-8080-exec-10] s.w.s.m.m.a.RequestMappingHandlerMapping : Mapped to com.ijse.gdse72.back_end.controller.ClassController#getClassesByStudent(Long)
2025-09-19T12:46:34.543+05:30 DEBUG 22416 --- [Back_End] [http-nio-8080-exec-8] o.s.w.s.m.m.a.HttpEntityMethodProcessor  : Using 'application/json', given [*/*] and supported [application/json, application/*+json]
2025-09-19T12:46:34.543+05:30 DEBUG 22416 --- [Back_End] [http-nio-8080-exec-8] o.s.w.s.m.m.a.HttpEntityMethodProcessor  : Writing [com.ijse.gdse72.back_end.dto.ApiResponse@5fad678c]
2025-09-19T12:46:34.544+05:30 DEBUG 22416 --- [Back_End] [http-nio-8080-exec-8] o.s.web.servlet.DispatcherServlet        : Completed 200 OK
2025-09-19T12:46:34.559+05:30 DEBUG 22416 --- [Back_End] [http-nio-8080-exec-10] o.s.w.s.m.m.a.HttpEntityMethodProcessor  : Using 'application/json', given [*/*] and supported [application/json, application/*+json]
2025-09-19T12:46:34.559+05:30 DEBUG 22416 --- [Back_End] [http-nio-8080-exec-10] o.s.w.s.m.m.a.HttpEntityMethodProcessor  : Writing [com.ijse.gdse72.back_end.dto.ApiResponse@66ca51dc]
2025-09-19T12:46:34.560+05:30 DEBUG 22416 --- [Back_End] [http-nio-8080-exec-10] o.s.web.servlet.DispatcherServlet        : Completed 200 OK
2025-09-19T12:46:34.997+05:30 DEBUG 22416 --- [Back_End] [http-nio-8080-exec-3] o.s.web.servlet.DispatcherServlet        : GET "/api/classes/student-statistics/10", parameters={}
2025-09-19T12:46:34.998+05:30 DEBUG 22416 --- [Back_End] [http-nio-8080-exec-3] s.w.s.m.m.a.RequestMappingHandlerMapping : Mapped to com.ijse.gdse72.back_end.controller.ClassController#getStudentClassStatistics(Long)
2025-09-19T12:46:35.009+05:30 DEBUG 22416 --- [Back_End] [http-nio-8080-exec-3] o.s.w.s.m.m.a.HttpEntityMethodProcessor  : Using 'application/json', given [*/*] and supported [application/json, application/*+json]
2025-09-19T12:46:35.010+05:30 DEBUG 22416 --- [Back_End] [http-nio-8080-exec-3] o.s.w.s.m.m.a.HttpEntityMethodProcessor  : Writing [com.ijse.gdse72.back_end.dto.ApiResponse@62b3668b]
2025-09-19T12:46:35.010+05:30 DEBUG 22416 --- [Back_End] [http-nio-8080-exec-3] o.s.web.servlet.DispatcherServlet        : Completed 200 OK
2025-09-19T12:47:05.389+05:30  INFO 22416 --- [Back_End] [SpringApplicationShutdownHook] o.s.b.w.e.tomcat.GracefulShutdown        : Commencing graceful shutdown. Waiting for active requests to complete
2025-09-19T12:47:05.406+05:30  INFO 22416 --- [Back_End] [tomcat-shutdown] o.s.b.w.e.tomcat.GracefulShutdown        : Graceful shutdown complete
2025-09-19T12:47:05.431+05:30 DEBUG 22416 --- [Back_End] [SpringApplicationShutdownHook] org.springframework.web.SimpLogging      : clientOutboundChannel removed SubProtocolWebSocketHandler[StompSubProtocolHandler[v10.stomp, v11.stomp, v12.stomp]]
2025-09-19T12:47:05.432+05:30 DEBUG 22416 --- [Back_End] [SpringApplicationShutdownHook] org.springframework.web.SimpLogging      : clientInboundChannel removed WebSocketAnnotationMethodMessageHandler[prefixes=[/app/]]
2025-09-19T12:47:05.432+05:30  INFO 22416 --- [Back_End] [SpringApplicationShutdownHook] o.s.m.s.b.SimpleBrokerMessageHandler     : Stopping...
2025-09-19T12:47:05.433+05:30  INFO 22416 --- [Back_End] [SpringApplicationShutdownHook] o.s.m.s.b.SimpleBrokerMessageHandler     : BrokerAvailabilityEvent[available=false, SimpleBrokerMessageHandler [org.springframework.messaging.simp.broker.DefaultSubscriptionRegistry@229050ef]]
2025-09-19T12:47:05.433+05:30 DEBUG 22416 --- [Back_End] [SpringApplicationShutdownHook] org.springframework.web.SimpLogging      : clientInboundChannel removed SimpleBrokerMessageHandler [org.springframework.messaging.simp.broker.DefaultSubscriptionRegistry@229050ef]
2025-09-19T12:47:05.433+05:30 DEBUG 22416 --- [Back_End] [SpringApplicationShutdownHook] org.springframework.web.SimpLogging      : brokerChannel removed SimpleBrokerMessageHandler [org.springframework.messaging.simp.broker.DefaultSubscriptionRegistry@229050ef]
2025-09-19T12:47:05.433+05:30  INFO 22416 --- [Back_End] [SpringApplicationShutdownHook] o.s.m.s.b.SimpleBrokerMessageHandler     : Stopped.
2025-09-19T12:47:05.433+05:30 DEBUG 22416 --- [Back_End] [SpringApplicationShutdownHook] org.springframework.web.SimpLogging      : clientInboundChannel removed UserDestinationMessageHandler[DefaultUserDestinationResolver[prefix=/user/]]
2025-09-19T12:47:05.433+05:30 DEBUG 22416 --- [Back_End] [SpringApplicationShutdownHook] org.springframework.web.SimpLogging      : brokerChannel removed UserDestinationMessageHandler[DefaultUserDestinationResolver[prefix=/user/]]
2025-09-19T12:47:05.457+05:30  INFO 22416 --- [Back_End] [SpringApplicationShutdownHook] j.LocalContainerEntityManagerFactoryBean : Closing JPA EntityManagerFactory for persistence unit 'default'
2025-09-19T12:47:05.483+05:30  INFO 22416 --- [Back_End] [SpringApplicationShutdownHook] com.zaxxer.hikari.HikariDataSource       : HikariPool-1 - Shutdown initiated...
2025-09-19T12:47:05.492+05:30  INFO 22416 --- [Back_End] [SpringApplicationShutdownHook] com.zaxxer.hikari.HikariDataSource       : HikariPool-1 - Shutdown completed.
2025-09-19T12:47:17.739+05:30  INFO 10960 --- [Back_End] [main] com.ijse.gdse72.back_end.Application     : Starting Application using Java 21.0.5 with PID 10960 (E:\AAD\FINAL_PROJECT\LearnLoop\Back_End\target\classes started by Asus in E:\AAD\FINAL_PROJECT\LearnLoop)
2025-09-19T12:47:17.741+05:30  INFO 10960 --- [Back_End] [main] com.ijse.gdse72.back_end.Application     : No active profile set, falling back to 1 default profile: "default"
2025-09-19T12:47:18.619+05:30  INFO 10960 --- [Back_End] [main] .s.d.r.c.RepositoryConfigurationDelegate : Bootstrapping Spring Data JPA repositories in DEFAULT mode.
2025-09-19T12:47:18.697+05:30  INFO 10960 --- [Back_End] [main] .s.d.r.c.RepositoryConfigurationDelegate : Finished Spring Data repository scanning in 68 ms. Found 5 JPA repository interfaces.
2025-09-19T12:47:19.340+05:30  INFO 10960 --- [Back_End] [main] o.s.b.w.embedded.tomcat.TomcatWebServer  : Tomcat initialized with port 8080 (http)
2025-09-19T12:47:19.355+05:30  INFO 10960 --- [Back_End] [main] o.apache.catalina.core.StandardService   : Starting service [Tomcat]
2025-09-19T12:47:19.356+05:30  INFO 10960 --- [Back_End] [main] o.apache.catalina.core.StandardEngine    : Starting Servlet engine: [Apache Tomcat/10.1.44]
2025-09-19T12:47:19.422+05:30  INFO 10960 --- [Back_End] [main] o.a.c.c.C.[Tomcat].[localhost].[/]       : Initializing Spring embedded WebApplicationContext
2025-09-19T12:47:19.422+05:30  INFO 10960 --- [Back_End] [main] w.s.c.ServletWebServerApplicationContext : Root WebApplicationContext: initialization completed in 1637 ms
2025-09-19T12:47:19.590+05:30  INFO 10960 --- [Back_End] [main] o.hibernate.jpa.internal.util.LogHelper  : HHH000204: Processing PersistenceUnitInfo [name: default]
2025-09-19T12:47:19.671+05:30  INFO 10960 --- [Back_End] [main] org.hibernate.Version                    : HHH000412: Hibernate ORM core version 6.6.26.Final
2025-09-19T12:47:19.712+05:30  INFO 10960 --- [Back_End] [main] o.h.c.internal.RegionFactoryInitiator    : HHH000026: Second-level cache disabled
2025-09-19T12:47:20.021+05:30  INFO 10960 --- [Back_End] [main] o.s.o.j.p.SpringPersistenceUnitInfo      : No LoadTimeWeaver setup: ignoring JPA class transformer
2025-09-19T12:47:20.056+05:30  INFO 10960 --- [Back_End] [main] com.zaxxer.hikari.HikariDataSource       : HikariPool-1 - Starting...
2025-09-19T12:47:20.467+05:30  INFO 10960 --- [Back_End] [main] com.zaxxer.hikari.pool.HikariPool        : HikariPool-1 - Added connection com.mysql.cj.jdbc.ConnectionImpl@72e75786
2025-09-19T12:47:20.469+05:30  INFO 10960 --- [Back_End] [main] com.zaxxer.hikari.HikariDataSource       : HikariPool-1 - Start completed.
2025-09-19T12:47:20.543+05:30  WARN 10960 --- [Back_End] [main] org.hibernate.orm.deprecation            : HHH90000025: MySQLDialect does not need to be specified explicitly using 'hibernate.dialect' (remove the property setting and it will be selected by default)
2025-09-19T12:47:20.562+05:30  INFO 10960 --- [Back_End] [main] org.hibernate.orm.connections.pooling    : HHH10001005: Database info:
	Database JDBC URL [Connecting through datasource 'HikariDataSource (HikariPool-1)']
	Database driver: undefined/unknown
	Database version: 8.0.39
	Autocommit mode: undefined/unknown
	Isolation level: undefined/unknown
	Minimum pool size: undefined/unknown
	Maximum pool size: undefined/unknown
2025-09-19T12:47:21.708+05:30  INFO 10960 --- [Back_End] [main] o.h.e.t.j.p.i.JtaPlatformInitiator       : HHH000489: No JTA platform available (set 'hibernate.transaction.jta.platform' to enable JTA platform integration)
2025-09-19T12:47:21.894+05:30  INFO 10960 --- [Back_End] [main] j.LocalContainerEntityManagerFactoryBean : Initialized JPA EntityManagerFactory for persistence unit 'default'
2025-09-19T12:47:22.382+05:30  INFO 10960 --- [Back_End] [main] o.s.d.j.r.query.QueryEnhancerFactory     : Hibernate is in classpath; If applicable, HQL parser will be used.
2025-09-19T12:47:23.619+05:30  WARN 10960 --- [Back_End] [main] JpaBaseConfiguration$JpaWebConfiguration : spring.jpa.open-in-view is enabled by default. Therefore, database queries may be performed during view rendering. Explicitly configure spring.jpa.open-in-view to disable this warning
2025-09-19T12:47:23.666+05:30  INFO 10960 --- [Back_End] [main] eAuthenticationProviderManagerConfigurer : Global AuthenticationManager configured with AuthenticationProvider bean with name authenticationProvider
2025-09-19T12:47:23.667+05:30  WARN 10960 --- [Back_End] [main] r$InitializeUserDetailsManagerConfigurer : Global AuthenticationManager configured with an AuthenticationProvider bean. UserDetailsService beans will not be used by Spring Security for automatically configuring username/password login. Consider removing the AuthenticationProvider bean. Alternatively, consider using the UserDetailsService in a manually instantiated DaoAuthenticationProvider. If the current configuration is intentional, to turn off this warning, increase the logging level of 'org.springframework.security.config.annotation.authentication.configuration.InitializeUserDetailsBeanManagerConfigurer' to ERROR
2025-09-19T12:47:23.812+05:30 DEBUG 10960 --- [Back_End] [main] o.s.w.s.s.s.WebSocketHandlerMapping      : Patterns [/ws-chat/**] in 'stompWebSocketHandlerMapping'
2025-09-19T12:47:23.906+05:30 DEBUG 10960 --- [Back_End] [main] s.w.s.m.m.a.RequestMappingHandlerMapping : 31 mappings in 'requestMappingHandlerMapping'
2025-09-19T12:47:23.969+05:30 DEBUG 10960 --- [Back_End] [main] o.s.w.s.handler.SimpleUrlHandlerMapping  : Patterns [/webjars/**, /**, /uploads/**] in 'resourceHandlerMapping'
2025-09-19T12:47:24.073+05:30 DEBUG 10960 --- [Back_End] [main] .WebSocketAnnotationMethodMessageHandler : 
	c.i.g.b.c.AssignmentController:
	
2025-09-19T12:47:24.073+05:30 DEBUG 10960 --- [Back_End] [main] .WebSocketAnnotationMethodMessageHandler : 
	c.i.g.b.c.AuthController:
	
2025-09-19T12:47:24.077+05:30 DEBUG 10960 --- [Back_End] [main] .WebSocketAnnotationMethodMessageHandler : 
	c.i.g.b.c.ChatController:
	{[MESSAGE],[/sendMessage]}: sendMessage(ChatMessageDTO)
2025-09-19T12:47:24.078+05:30 DEBUG 10960 --- [Back_End] [main] .WebSocketAnnotationMethodMessageHandler : 
	c.i.g.b.c.ClassController:
	
2025-09-19T12:47:24.078+05:30 DEBUG 10960 --- [Back_End] [main] .WebSocketAnnotationMethodMessageHandler : 
	c.i.g.b.c.DocumentController:
	
2025-09-19T12:47:24.078+05:30 DEBUG 10960 --- [Back_End] [main] .WebSocketAnnotationMethodMessageHandler : 
	c.i.g.b.c.FileController:
	
2025-09-19T12:47:24.079+05:30 DEBUG 10960 --- [Back_End] [main] .WebSocketAnnotationMethodMessageHandler : 
	o.s.b.a.w.s.e.BasicErrorController:
	
2025-09-19T12:47:24.191+05:30 DEBUG 10960 --- [Back_End] [main] s.w.s.m.m.a.RequestMappingHandlerAdapter : ControllerAdvice beans: 0 @ModelAttribute, 0 @InitBinder, 1 RequestBodyAdvice, 1 ResponseBodyAdvice
2025-09-19T12:47:24.259+05:30 DEBUG 10960 --- [Back_End] [main] .m.m.a.ExceptionHandlerExceptionResolver : ControllerAdvice beans: 1 @ExceptionHandler, 1 ResponseBodyAdvice
2025-09-19T12:47:24.471+05:30 DEBUG 10960 --- [Back_End] [main] org.springframework.web.SimpLogging      : clientOutboundChannel added SubProtocolWebSocketHandler[StompSubProtocolHandler[v10.stomp, v11.stomp, v12.stomp]]
2025-09-19T12:47:24.472+05:30 DEBUG 10960 --- [Back_End] [main] org.springframework.web.SimpLogging      : clientInboundChannel added WebSocketAnnotationMethodMessageHandler[prefixes=[/app/]]
2025-09-19T12:47:24.472+05:30  INFO 10960 --- [Back_End] [main] o.s.m.s.b.SimpleBrokerMessageHandler     : Starting...
2025-09-19T12:47:24.472+05:30 DEBUG 10960 --- [Back_End] [main] org.springframework.web.SimpLogging      : clientInboundChannel added SimpleBrokerMessageHandler [org.springframework.messaging.simp.broker.DefaultSubscriptionRegistry@10370297]
2025-09-19T12:47:24.472+05:30 DEBUG 10960 --- [Back_End] [main] org.springframework.web.SimpLogging      : brokerChannel added SimpleBrokerMessageHandler [org.springframework.messaging.simp.broker.DefaultSubscriptionRegistry@10370297]
2025-09-19T12:47:24.473+05:30  INFO 10960 --- [Back_End] [main] o.s.m.s.b.SimpleBrokerMessageHandler     : BrokerAvailabilityEvent[available=true, SimpleBrokerMessageHandler [org.springframework.messaging.simp.broker.DefaultSubscriptionRegistry@10370297]]
2025-09-19T12:47:24.474+05:30  INFO 10960 --- [Back_End] [main] o.s.m.s.b.SimpleBrokerMessageHandler     : Started.
2025-09-19T12:47:24.474+05:30 DEBUG 10960 --- [Back_End] [main] org.springframework.web.SimpLogging      : clientInboundChannel added UserDestinationMessageHandler[DefaultUserDestinationResolver[prefix=/user/]]
2025-09-19T12:47:24.474+05:30 DEBUG 10960 --- [Back_End] [main] org.springframework.web.SimpLogging      : brokerChannel added UserDestinationMessageHandler[DefaultUserDestinationResolver[prefix=/user/]]
2025-09-19T12:47:24.500+05:30  INFO 10960 --- [Back_End] [main] o.s.b.w.embedded.tomcat.TomcatWebServer  : Tomcat started on port 8080 (http) with context path '/'
2025-09-19T12:47:24.508+05:30  INFO 10960 --- [Back_End] [main] com.ijse.gdse72.back_end.Application     : Started Application in 7.35 seconds (process running for 8.551)
2025-09-19T12:47:35.077+05:30  INFO 10960 --- [Back_End] [http-nio-8080-exec-1] o.a.c.c.C.[Tomcat].[localhost].[/]       : Initializing Spring DispatcherServlet 'dispatcherServlet'
2025-09-19T12:47:35.077+05:30  INFO 10960 --- [Back_End] [http-nio-8080-exec-1] o.s.web.servlet.DispatcherServlet        : Initializing Servlet 'dispatcherServlet'
2025-09-19T12:47:35.077+05:30 DEBUG 10960 --- [Back_End] [http-nio-8080-exec-1] o.s.web.servlet.DispatcherServlet        : Detected StandardServletMultipartResolver
2025-09-19T12:47:35.078+05:30 DEBUG 10960 --- [Back_End] [http-nio-8080-exec-1] o.s.web.servlet.DispatcherServlet        : Detected AcceptHeaderLocaleResolver
2025-09-19T12:47:35.078+05:30 DEBUG 10960 --- [Back_End] [http-nio-8080-exec-1] o.s.web.servlet.DispatcherServlet        : Detected FixedThemeResolver
2025-09-19T12:47:35.079+05:30 DEBUG 10960 --- [Back_End] [http-nio-8080-exec-1] o.s.web.servlet.DispatcherServlet        : Detected org.springframework.web.servlet.view.DefaultRequestToViewNameTranslator@6c8fa6b3
2025-09-19T12:47:35.079+05:30 DEBUG 10960 --- [Back_End] [http-nio-8080-exec-1] o.s.web.servlet.DispatcherServlet        : Detected org.springframework.web.servlet.support.SessionFlashMapManager@5b14018d
2025-09-19T12:47:35.079+05:30 DEBUG 10960 --- [Back_End] [http-nio-8080-exec-1] o.s.web.servlet.DispatcherServlet        : enableLoggingRequestDetails='false': request parameters and headers will be masked to prevent unsafe logging of potentially sensitive data
2025-09-19T12:47:35.080+05:30  INFO 10960 --- [Back_End] [http-nio-8080-exec-1] o.s.web.servlet.DispatcherServlet        : Completed initialization in 2 ms
2025-09-19T12:47:35.414+05:30 DEBUG 10960 --- [Back_End] [http-nio-8080-exec-3] o.s.web.servlet.DispatcherServlet        : GET "/api/classes/student-statistics/10", parameters={}
2025-09-19T12:47:35.416+05:30 DEBUG 10960 --- [Back_End] [http-nio-8080-exec-3] s.w.s.m.m.a.RequestMappingHandlerMapping : Mapped to com.ijse.gdse72.back_end.controller.ClassController#getStudentClassStatistics(Long)
2025-09-19T12:47:35.552+05:30 DEBUG 10960 --- [Back_End] [http-nio-8080-exec-3] o.s.w.s.m.m.a.HttpEntityMethodProcessor  : Using 'application/json', given [*/*] and supported [application/json, application/*+json]
2025-09-19T12:47:35.554+05:30 DEBUG 10960 --- [Back_End] [http-nio-8080-exec-3] o.s.w.s.m.m.a.HttpEntityMethodProcessor  : Writing [com.ijse.gdse72.back_end.dto.ApiResponse@1a0a9d99]
2025-09-19T12:47:35.577+05:30 DEBUG 10960 --- [Back_End] [http-nio-8080-exec-3] o.s.web.servlet.DispatcherServlet        : Completed 200 OK
2025-09-19T12:48:24.473+05:30  INFO 10960 --- [Back_End] [MessageBroker-1] o.s.w.s.c.WebSocketMessageBrokerStats    : WebSocketSession[0 current WS(0)-HttpStream(0)-HttpPoll(0), 0 total, 0 closed abnormally (0 connect failure, 0 send limit, 0 transport error)], stompSubProtocol[processed CONNECT(0)-CONNECTED(0)-DISCONNECT(0)], stompBrokerRelay[null], inboundChannel[pool size = 0, active threads = 0, queued tasks = 0, completed tasks = 0], outboundChannel[pool size = 0, active threads = 0, queued tasks = 0, completed tasks = 0], sockJsScheduler[pool size = 1, active threads = 1, queued tasks = 0, completed tasks = 0]
2025-09-19T12:49:19.741+05:30 DEBUG 10960 --- [Back_End] [http-nio-8080-exec-5] o.s.web.servlet.DispatcherServlet        : POST "/auth/login", parameters={}
2025-09-19T12:49:19.742+05:30 DEBUG 10960 --- [Back_End] [http-nio-8080-exec-5] s.w.s.m.m.a.RequestMappingHandlerMapping : Mapped to com.ijse.gdse72.back_end.controller.AuthController#login(AuthDTO)
2025-09-19T12:49:19.771+05:30 DEBUG 10960 --- [Back_End] [http-nio-8080-exec-5] m.m.a.RequestResponseBodyMethodProcessor : Read "application/json;charset=UTF-8" to [com.ijse.gdse72.back_end.dto.AuthDTO@b8c434]
2025-09-19T12:49:19.889+05:30 DEBUG 10960 --- [Back_End] [http-nio-8080-exec-5] o.s.w.s.m.m.a.HttpEntityMethodProcessor  : Using 'application/json', given [*/*] and supported [application/json, application/*+json]
2025-09-19T12:49:19.889+05:30 DEBUG 10960 --- [Back_End] [http-nio-8080-exec-5] o.s.w.s.m.m.a.HttpEntityMethodProcessor  : Writing [com.ijse.gdse72.back_end.dto.ApiResponse@3e08076c]
2025-09-19T12:49:19.893+05:30 DEBUG 10960 --- [Back_End] [http-nio-8080-exec-5] o.s.web.servlet.DispatcherServlet        : Completed 200 OK
2025-09-19T12:49:21.064+05:30 DEBUG 10960 --- [Back_End] [http-nio-8080-exec-6] o.s.web.servlet.DispatcherServlet        : GET "/auth/user/2", parameters={}
2025-09-19T12:49:21.065+05:30 DEBUG 10960 --- [Back_End] [http-nio-8080-exec-6] s.w.s.m.m.a.RequestMappingHandlerMapping : Mapped to com.ijse.gdse72.back_end.controller.AuthController#getUserById(Long)
2025-09-19T12:49:21.084+05:30 DEBUG 10960 --- [Back_End] [http-nio-8080-exec-6] o.s.w.s.m.m.a.HttpEntityMethodProcessor  : Using 'application/json', given [*/*] and supported [application/json, application/*+json]
2025-09-19T12:49:21.086+05:30 DEBUG 10960 --- [Back_End] [http-nio-8080-exec-6] o.s.w.s.m.m.a.HttpEntityMethodProcessor  : Writing [com.ijse.gdse72.back_end.dto.ApiResponse@764605b5]
2025-09-19T12:49:21.102+05:30 DEBUG 10960 --- [Back_End] [http-nio-8080-exec-6] o.s.web.servlet.DispatcherServlet        : Completed 200 OK
2025-09-19T12:49:21.105+05:30 DEBUG 10960 --- [Back_End] [http-nio-8080-exec-10] o.s.web.servlet.DispatcherServlet        : GET "/api/classes/student-statistics/2", parameters={}
2025-09-19T12:49:21.105+05:30 DEBUG 10960 --- [Back_End] [http-nio-8080-exec-9] o.s.web.servlet.DispatcherServlet        : GET "/api/classes/student/2", parameters={}
2025-09-19T12:49:21.106+05:30 DEBUG 10960 --- [Back_End] [http-nio-8080-exec-9] s.w.s.m.m.a.RequestMappingHandlerMapping : Mapped to com.ijse.gdse72.back_end.controller.ClassController#getClassesByStudent(Long)
2025-09-19T12:49:21.106+05:30 DEBUG 10960 --- [Back_End] [http-nio-8080-exec-10] s.w.s.m.m.a.RequestMappingHandlerMapping : Mapped to com.ijse.gdse72.back_end.controller.ClassController#getStudentClassStatistics(Long)
2025-09-19T12:49:21.135+05:30 DEBUG 10960 --- [Back_End] [http-nio-8080-exec-10] o.s.w.s.m.m.a.HttpEntityMethodProcessor  : Using 'application/json', given [*/*] and supported [application/json, application/*+json]
2025-09-19T12:49:21.136+05:30 DEBUG 10960 --- [Back_End] [http-nio-8080-exec-10] o.s.w.s.m.m.a.HttpEntityMethodProcessor  : Writing [com.ijse.gdse72.back_end.dto.ApiResponse@4c72b84a]
2025-09-19T12:49:21.137+05:30 DEBUG 10960 --- [Back_End] [http-nio-8080-exec-10] o.s.web.servlet.DispatcherServlet        : Completed 200 OK
2025-09-19T12:49:21.145+05:30 DEBUG 10960 --- [Back_End] [http-nio-8080-exec-9] o.s.w.s.m.m.a.HttpEntityMethodProcessor  : Using 'application/json', given [*/*] and supported [application/json, application/*+json]
2025-09-19T12:49:21.146+05:30 DEBUG 10960 --- [Back_End] [http-nio-8080-exec-9] o.s.w.s.m.m.a.HttpEntityMethodProcessor  : Writing [com.ijse.gdse72.back_end.dto.ApiResponse@535271b]
2025-09-19T12:49:21.154+05:30 DEBUG 10960 --- [Back_End] [http-nio-8080-exec-9] o.s.web.servlet.DispatcherServlet        : Completed 200 OK
2025-09-19T12:49:21.523+05:30 DEBUG 10960 --- [Back_End] [http-nio-8080-exec-1] o.s.web.servlet.DispatcherServlet        : GET "/api/classes/student-statistics/2", parameters={}
2025-09-19T12:49:21.523+05:30 DEBUG 10960 --- [Back_End] [http-nio-8080-exec-1] s.w.s.m.m.a.RequestMappingHandlerMapping : Mapped to com.ijse.gdse72.back_end.controller.ClassController#getStudentClassStatistics(Long)
2025-09-19T12:49:21.540+05:30 DEBUG 10960 --- [Back_End] [http-nio-8080-exec-1] o.s.w.s.m.m.a.HttpEntityMethodProcessor  : Using 'application/json', given [*/*] and supported [application/json, application/*+json]
2025-09-19T12:49:21.540+05:30 DEBUG 10960 --- [Back_End] [http-nio-8080-exec-1] o.s.w.s.m.m.a.HttpEntityMethodProcessor  : Writing [com.ijse.gdse72.back_end.dto.ApiResponse@544ace9]
2025-09-19T12:49:21.541+05:30 DEBUG 10960 --- [Back_End] [http-nio-8080-exec-1] o.s.web.servlet.DispatcherServlet        : Completed 200 OK
2025-09-19T12:49:33.573+05:30 DEBUG 10960 --- [Back_End] [http-nio-8080-exec-4] o.s.web.servlet.DispatcherServlet        : GET "/api/classes/2", parameters={}
2025-09-19T12:49:33.574+05:30 DEBUG 10960 --- [Back_End] [http-nio-8080-exec-5] o.s.web.servlet.DispatcherServlet        : GET "/ws-chat/info?t=1758266373553", parameters={masked}
2025-09-19T12:49:33.575+05:30 DEBUG 10960 --- [Back_End] [http-nio-8080-exec-4] s.w.s.m.m.a.RequestMappingHandlerMapping : Mapped to com.ijse.gdse72.back_end.controller.ClassController#getClassById(Long)
2025-09-19T12:49:33.575+05:30 DEBUG 10960 --- [Back_End] [http-nio-8080-exec-5] o.s.w.s.s.s.WebSocketHandlerMapping      : Mapped to org.springframework.web.socket.sockjs.support.SockJsHttpRequestHandler@28391cc6
2025-09-19T12:49:33.578+05:30 DEBUG 10960 --- [Back_End] [http-nio-8080-exec-5] o.s.w.s.s.t.h.DefaultSockJsService       : Processing transport request: GET http://localhost:8080/ws-chat/info?t=1758266373553
2025-09-19T12:49:33.580+05:30 DEBUG 10960 --- [Back_End] [http-nio-8080-exec-5] o.s.web.servlet.DispatcherServlet        : Completed 200 OK
2025-09-19T12:49:33.592+05:30 DEBUG 10960 --- [Back_End] [http-nio-8080-exec-4] o.s.w.s.m.m.a.HttpEntityMethodProcessor  : Using 'application/json', given [*/*] and supported [application/json, application/*+json]
2025-09-19T12:49:33.593+05:30 DEBUG 10960 --- [Back_End] [http-nio-8080-exec-4] o.s.w.s.m.m.a.HttpEntityMethodProcessor  : Writing [com.ijse.gdse72.back_end.dto.ApiResponse@42ab30a]
2025-09-19T12:49:33.595+05:30 DEBUG 10960 --- [Back_End] [http-nio-8080-exec-4] o.s.web.servlet.DispatcherServlet        : Completed 200 OK
2025-09-19T12:49:33.609+05:30 DEBUG 10960 --- [Back_End] [http-nio-8080-exec-7] o.s.web.servlet.DispatcherServlet        : GET "/api/classes/2", parameters={}
2025-09-19T12:49:33.610+05:30 DEBUG 10960 --- [Back_End] [http-nio-8080-exec-7] s.w.s.m.m.a.RequestMappingHandlerMapping : Mapped to com.ijse.gdse72.back_end.controller.ClassController#getClassById(Long)
2025-09-19T12:49:33.625+05:30 DEBUG 10960 --- [Back_End] [http-nio-8080-exec-7] o.s.w.s.m.m.a.HttpEntityMethodProcessor  : Using 'application/json', given [*/*] and supported [application/json, application/*+json]
2025-09-19T12:49:33.625+05:30 DEBUG 10960 --- [Back_End] [http-nio-8080-exec-7] o.s.w.s.m.m.a.HttpEntityMethodProcessor  : Writing [com.ijse.gdse72.back_end.dto.ApiResponse@7f76ffac]
2025-09-19T12:49:33.627+05:30 DEBUG 10960 --- [Back_End] [http-nio-8080-exec-7] o.s.web.servlet.DispatcherServlet        : Completed 200 OK
2025-09-19T12:49:33.639+05:30 DEBUG 10960 --- [Back_End] [http-nio-8080-exec-8] o.s.web.servlet.DispatcherServlet        : GET "/ws-chat/872/yphd0lb3/websocket", parameters={}
2025-09-19T12:49:33.639+05:30 DEBUG 10960 --- [Back_End] [http-nio-8080-exec-8] o.s.w.s.s.s.WebSocketHandlerMapping      : Mapped to org.springframework.web.socket.sockjs.support.SockJsHttpRequestHandler@28391cc6
2025-09-19T12:49:33.641+05:30 DEBUG 10960 --- [Back_End] [http-nio-8080-exec-8] o.s.w.s.s.t.h.DefaultSockJsService       : Processing transport request: GET http://localhost:8080/ws-chat/872/yphd0lb3/websocket
2025-09-19T12:49:33.665+05:30 DEBUG 10960 --- [Back_End] [http-nio-8080-exec-10] o.s.web.servlet.DispatcherServlet        : GET "/api/classes/2/users", parameters={}
2025-09-19T12:49:33.666+05:30 DEBUG 10960 --- [Back_End] [http-nio-8080-exec-10] s.w.s.m.m.a.RequestMappingHandlerMapping : Mapped to com.ijse.gdse72.back_end.controller.ClassController#getUsersByClass(Long)
2025-09-19T12:49:33.677+05:30 DEBUG 10960 --- [Back_End] [http-nio-8080-exec-10] o.s.w.s.m.m.a.HttpEntityMethodProcessor  : Using 'application/json', given [*/*] and supported [application/json, application/*+json]
2025-09-19T12:49:33.678+05:30 DEBUG 10960 --- [Back_End] [http-nio-8080-exec-10] o.s.w.s.m.m.a.HttpEntityMethodProcessor  : Writing [com.ijse.gdse72.back_end.dto.ApiResponse@2f64783d]
2025-09-19T12:49:33.681+05:30 DEBUG 10960 --- [Back_End] [http-nio-8080-exec-10] o.s.web.servlet.DispatcherServlet        : Completed 200 OK
2025-09-19T12:49:33.693+05:30 DEBUG 10960 --- [Back_End] [http-nio-8080-exec-8] o.s.web.servlet.DispatcherServlet        : Completed 101 SWITCHING_PROTOCOLS
2025-09-19T12:49:33.716+05:30 DEBUG 10960 --- [Back_End] [http-nio-8080-exec-8] s.w.s.h.LoggingWebSocketHandlerDecorator : New WebSocketServerSockJsSession[id=yphd0lb3]
2025-09-19T12:49:33.746+05:30 DEBUG 10960 --- [Back_End] [clientInboundChannel-2] org.springframework.web.SimpLogging      : Processing CONNECT session=yphd0lb3
2025-09-19T12:49:33.758+05:30 DEBUG 10960 --- [Back_End] [clientInboundChannel-6] org.springframework.web.SimpLogging      : Processing SUBSCRIBE destination=/topic/messages-useryphd0lb3 subscriptionId=sub-0 session=yphd0lb3 payload=byte[0]
2025-09-19T12:49:46.173+05:30 DEBUG 10960 --- [Back_End] [http-nio-8080-exec-2] o.s.web.servlet.DispatcherServlet        : GET "/api/classes/2", parameters={}
2025-09-19T12:49:46.174+05:30 DEBUG 10960 --- [Back_End] [http-nio-8080-exec-2] s.w.s.m.m.a.RequestMappingHandlerMapping : Mapped to com.ijse.gdse72.back_end.controller.ClassController#getClassById(Long)
2025-09-19T12:49:46.184+05:30 DEBUG 10960 --- [Back_End] [http-nio-8080-exec-2] o.s.w.s.m.m.a.HttpEntityMethodProcessor  : Using 'application/json', given [*/*] and supported [application/json, application/*+json]
2025-09-19T12:49:46.185+05:30 DEBUG 10960 --- [Back_End] [http-nio-8080-exec-2] o.s.w.s.m.m.a.HttpEntityMethodProcessor  : Writing [com.ijse.gdse72.back_end.dto.ApiResponse@10f30703]
2025-09-19T12:49:46.186+05:30 DEBUG 10960 --- [Back_End] [http-nio-8080-exec-2] o.s.web.servlet.DispatcherServlet        : Completed 200 OK
2025-09-19T12:50:10.821+05:30 DEBUG 10960 --- [Back_End] [http-nio-8080-exec-5] o.s.web.servlet.DispatcherServlet        : GET "/api/chats/2/1", parameters={}
2025-09-19T12:50:10.822+05:30 DEBUG 10960 --- [Back_End] [http-nio-8080-exec-5] s.w.s.m.m.a.RequestMappingHandlerMapping : Mapped to com.ijse.gdse72.back_end.controller.ChatController#getChatHistory(String, String)
2025-09-19T12:50:10.844+05:30 DEBUG 10960 --- [Back_End] [http-nio-8080-exec-5] m.m.a.RequestResponseBodyMethodProcessor : Using 'application/json', given [*/*] and supported [application/json, application/*+json]
2025-09-19T12:50:10.846+05:30 DEBUG 10960 --- [Back_End] [http-nio-8080-exec-5] m.m.a.RequestResponseBodyMethodProcessor : Writing [[ChatMessageDTO(chatId=63, senderId=2, receiverId=1, classId=null, message=Sir, I’m a bit confused a (truncated)...]
2025-09-19T12:50:10.849+05:30 DEBUG 10960 --- [Back_End] [http-nio-8080-exec-5] o.s.web.servlet.DispatcherServlet        : Completed 200 OK
2025-09-19T12:50:15.870+05:30 DEBUG 10960 --- [Back_End] [http-nio-8080-exec-7] o.s.web.servlet.DispatcherServlet        : GET "/api/chats/2/4", parameters={}
2025-09-19T12:50:15.870+05:30 DEBUG 10960 --- [Back_End] [http-nio-8080-exec-7] s.w.s.m.m.a.RequestMappingHandlerMapping : Mapped to com.ijse.gdse72.back_end.controller.ChatController#getChatHistory(String, String)
2025-09-19T12:50:15.876+05:30 DEBUG 10960 --- [Back_End] [http-nio-8080-exec-7] m.m.a.RequestResponseBodyMethodProcessor : Using 'application/json', given [*/*] and supported [application/json, application/*+json]
2025-09-19T12:50:15.877+05:30 DEBUG 10960 --- [Back_End] [http-nio-8080-exec-7] m.m.a.RequestResponseBodyMethodProcessor : Writing [[ChatMessageDTO(chatId=35, senderId=2, receiverId=4, classId=null, message=Hey! Did you finish the w (truncated)...]
2025-09-19T12:50:15.879+05:30 DEBUG 10960 --- [Back_End] [http-nio-8080-exec-7] o.s.web.servlet.DispatcherServlet        : Completed 200 OK
2025-09-19T12:50:20.722+05:30 DEBUG 10960 --- [Back_End] [http-nio-8080-exec-10] o.s.web.servlet.DispatcherServlet        : GET "/api/chats/2/10", parameters={}
2025-09-19T12:50:20.722+05:30 DEBUG 10960 --- [Back_End] [http-nio-8080-exec-10] s.w.s.m.m.a.RequestMappingHandlerMapping : Mapped to com.ijse.gdse72.back_end.controller.ChatController#getChatHistory(String, String)
2025-09-19T12:50:20.735+05:30 DEBUG 10960 --- [Back_End] [http-nio-8080-exec-10] m.m.a.RequestResponseBodyMethodProcessor : Using 'application/json', given [*/*] and supported [application/json, application/*+json]
2025-09-19T12:50:20.735+05:30 DEBUG 10960 --- [Back_End] [http-nio-8080-exec-10] m.m.a.RequestResponseBodyMethodProcessor : Writing [[]]
2025-09-19T12:50:20.737+05:30 DEBUG 10960 --- [Back_End] [http-nio-8080-exec-10] o.s.web.servlet.DispatcherServlet        : Completed 200 OK
2025-09-19T12:50:25.663+05:30 DEBUG 10960 --- [Back_End] [http-nio-8080-exec-1] o.s.web.servlet.DispatcherServlet        : GET "/api/chats/2/1", parameters={}
2025-09-19T12:50:25.664+05:30 DEBUG 10960 --- [Back_End] [http-nio-8080-exec-1] s.w.s.m.m.a.RequestMappingHandlerMapping : Mapped to com.ijse.gdse72.back_end.controller.ChatController#getChatHistory(String, String)
2025-09-19T12:50:25.668+05:30 DEBUG 10960 --- [Back_End] [http-nio-8080-exec-1] m.m.a.RequestResponseBodyMethodProcessor : Using 'application/json', given [*/*] and supported [application/json, application/*+json]
2025-09-19T12:50:25.669+05:30 DEBUG 10960 --- [Back_End] [http-nio-8080-exec-1] m.m.a.RequestResponseBodyMethodProcessor : Writing [[ChatMessageDTO(chatId=63, senderId=2, receiverId=1, classId=null, message=Sir, I’m a bit confused a (truncated)...]
2025-09-19T12:50:25.670+05:30 DEBUG 10960 --- [Back_End] [http-nio-8080-exec-1] o.s.web.servlet.DispatcherServlet        : Completed 200 OK
2025-09-19T12:50:31.496+05:30 DEBUG 10960 --- [Back_End] [http-nio-8080-exec-2] s.w.s.h.LoggingWebSocketHandlerDecorator : WebSocketServerSockJsSession[id=yphd0lb3] closed with CloseStatus[code=1000, reason=null]
2025-09-19T12:50:31.497+05:30 DEBUG 10960 --- [Back_End] [http-nio-8080-exec-2] o.s.w.s.m.SubProtocolWebSocketHandler    : Clearing session yphd0lb3
2025-09-19T12:50:31.499+05:30 DEBUG 10960 --- [Back_End] [clientInboundChannel-8] org.springframework.web.SimpLogging      : Processing DISCONNECT session=yphd0lb3
2025-09-19T12:50:31.501+05:30 DEBUG 10960 --- [Back_End] [clientOutboundChannel-2] o.s.w.s.m.SubProtocolWebSocketHandler    : No session for GenericMessage [payload=byte[0], headers={simpMessageType=DISCONNECT_ACK, simpDisconnectMessage=GenericMessage [payload=byte[0], headers={simpMessageType=DISCONNECT, stompCommand=DISCONNECT, simpSessionAttributes={org.springframework.messaging.simp.SimpAttributes.COMPLETED=true}, simpSessionId=yphd0lb3}], simpSessionId=yphd0lb3}]
2025-09-19T12:50:31.612+05:30 DEBUG 10960 --- [Back_End] [http-nio-8080-exec-7] o.s.web.servlet.DispatcherServlet        : GET "/ws-chat/info?t=1758266431552", parameters={masked}
2025-09-19T12:50:31.614+05:30 DEBUG 10960 --- [Back_End] [http-nio-8080-exec-7] o.s.w.s.s.s.WebSocketHandlerMapping      : Mapped to org.springframework.web.socket.sockjs.support.SockJsHttpRequestHandler@28391cc6
2025-09-19T12:50:31.615+05:30 DEBUG 10960 --- [Back_End] [http-nio-8080-exec-7] o.s.w.s.s.t.h.DefaultSockJsService       : Processing transport request: GET http://localhost:8080/ws-chat/info?t=1758266431552
2025-09-19T12:50:31.616+05:30 DEBUG 10960 --- [Back_End] [http-nio-8080-exec-7] o.s.web.servlet.DispatcherServlet        : Completed 200 OK
2025-09-19T12:50:31.624+05:30 DEBUG 10960 --- [Back_End] [http-nio-8080-exec-4] o.s.web.servlet.DispatcherServlet        : GET "/api/classes/2", parameters={}
2025-09-19T12:50:31.625+05:30 DEBUG 10960 --- [Back_End] [http-nio-8080-exec-4] s.w.s.m.m.a.RequestMappingHandlerMapping : Mapped to com.ijse.gdse72.back_end.controller.ClassController#getClassById(Long)
2025-09-19T12:50:31.645+05:30 DEBUG 10960 --- [Back_End] [http-nio-8080-exec-4] o.s.w.s.m.m.a.HttpEntityMethodProcessor  : Using 'application/json', given [*/*] and supported [application/json, application/*+json]
2025-09-19T12:50:31.646+05:30 DEBUG 10960 --- [Back_End] [http-nio-8080-exec-4] o.s.w.s.m.m.a.HttpEntityMethodProcessor  : Writing [com.ijse.gdse72.back_end.dto.ApiResponse@20636817]
2025-09-19T12:50:31.648+05:30 DEBUG 10960 --- [Back_End] [http-nio-8080-exec-4] o.s.web.servlet.DispatcherServlet        : Completed 200 OK
2025-09-19T12:50:31.663+05:30 DEBUG 10960 --- [Back_End] [http-nio-8080-exec-6] o.s.web.servlet.DispatcherServlet        : GET "/api/classes/2", parameters={}
2025-09-19T12:50:31.663+05:30 DEBUG 10960 --- [Back_End] [http-nio-8080-exec-10] o.s.web.servlet.DispatcherServlet        : GET "/ws-chat/274/tyv3uwvx/websocket", parameters={}
2025-09-19T12:50:31.664+05:30 DEBUG 10960 --- [Back_End] [http-nio-8080-exec-6] s.w.s.m.m.a.RequestMappingHandlerMapping : Mapped to com.ijse.gdse72.back_end.controller.ClassController#getClassById(Long)
2025-09-19T12:50:31.664+05:30 DEBUG 10960 --- [Back_End] [http-nio-8080-exec-10] o.s.w.s.s.s.WebSocketHandlerMapping      : Mapped to org.springframework.web.socket.sockjs.support.SockJsHttpRequestHandler@28391cc6
2025-09-19T12:50:31.665+05:30 DEBUG 10960 --- [Back_End] [http-nio-8080-exec-10] o.s.w.s.s.t.h.DefaultSockJsService       : Processing transport request: GET http://localhost:8080/ws-chat/274/tyv3uwvx/websocket
2025-09-19T12:50:31.666+05:30 DEBUG 10960 --- [Back_End] [http-nio-8080-exec-10] o.s.web.servlet.DispatcherServlet        : Completed 101 SWITCHING_PROTOCOLS
2025-09-19T12:50:31.668+05:30 DEBUG 10960 --- [Back_End] [http-nio-8080-exec-10] s.w.s.h.LoggingWebSocketHandlerDecorator : New WebSocketServerSockJsSession[id=tyv3uwvx]
2025-09-19T12:50:31.679+05:30 DEBUG 10960 --- [Back_End] [http-nio-8080-exec-6] o.s.w.s.m.m.a.HttpEntityMethodProcessor  : Using 'application/json', given [*/*] and supported [application/json, application/*+json]
2025-09-19T12:50:31.680+05:30 DEBUG 10960 --- [Back_End] [http-nio-8080-exec-6] o.s.w.s.m.m.a.HttpEntityMethodProcessor  : Writing [com.ijse.gdse72.back_end.dto.ApiResponse@5c95d6e6]
2025-09-19T12:50:31.681+05:30 DEBUG 10960 --- [Back_End] [http-nio-8080-exec-6] o.s.web.servlet.DispatcherServlet        : Completed 200 OK
2025-09-19T12:50:31.715+05:30 DEBUG 10960 --- [Back_End] [http-nio-8080-exec-9] o.s.web.servlet.DispatcherServlet        : GET "/api/classes/2/users", parameters={}
2025-09-19T12:50:31.716+05:30 DEBUG 10960 --- [Back_End] [http-nio-8080-exec-9] s.w.s.m.m.a.RequestMappingHandlerMapping : Mapped to com.ijse.gdse72.back_end.controller.ClassController#getUsersByClass(Long)
2025-09-19T12:50:31.730+05:30 DEBUG 10960 --- [Back_End] [http-nio-8080-exec-9] o.s.w.s.m.m.a.HttpEntityMethodProcessor  : Using 'application/json', given [*/*] and supported [application/json, application/*+json]
2025-09-19T12:50:31.731+05:30 DEBUG 10960 --- [Back_End] [http-nio-8080-exec-9] o.s.w.s.m.m.a.HttpEntityMethodProcessor  : Writing [com.ijse.gdse72.back_end.dto.ApiResponse@46ab9c4d]
2025-09-19T12:50:31.732+05:30 DEBUG 10960 --- [Back_End] [clientInboundChannel-11] org.springframework.web.SimpLogging      : Processing CONNECT session=tyv3uwvx
2025-09-19T12:50:31.733+05:30 DEBUG 10960 --- [Back_End] [http-nio-8080-exec-9] o.s.web.servlet.DispatcherServlet        : Completed 200 OK
2025-09-19T12:50:31.739+05:30 DEBUG 10960 --- [Back_End] [clientInboundChannel-15] org.springframework.web.SimpLogging      : Processing SUBSCRIBE destination=/topic/messages-usertyv3uwvx subscriptionId=sub-0 session=tyv3uwvx payload=byte[0]
2025-09-19T12:50:38.655+05:30 DEBUG 10960 --- [Back_End] [MessageBroker-7] o.s.w.s.s.t.h.DefaultSockJsService       : Closed 1 sessions: [yphd0lb3]
2025-09-19T12:50:41.827+05:30 DEBUG 10960 --- [Back_End] [http-nio-8080-exec-5] s.w.s.h.LoggingWebSocketHandlerDecorator : WebSocketServerSockJsSession[id=tyv3uwvx] closed with CloseStatus[code=1000, reason=null]
2025-09-19T12:50:41.828+05:30 DEBUG 10960 --- [Back_End] [http-nio-8080-exec-5] o.s.w.s.m.SubProtocolWebSocketHandler    : Clearing session tyv3uwvx
2025-09-19T12:50:41.830+05:30 DEBUG 10960 --- [Back_End] [clientInboundChannel-17] org.springframework.web.SimpLogging      : Processing DISCONNECT session=tyv3uwvx
2025-09-19T12:50:41.831+05:30 DEBUG 10960 --- [Back_End] [clientOutboundChannel-4] o.s.w.s.m.SubProtocolWebSocketHandler    : No session for GenericMessage [payload=byte[0], headers={simpMessageType=DISCONNECT_ACK, simpDisconnectMessage=GenericMessage [payload=byte[0], headers={simpMessageType=DISCONNECT, stompCommand=DISCONNECT, simpSessionAttributes={org.springframework.messaging.simp.SimpAttributes.COMPLETED=true}, simpSessionId=tyv3uwvx}], simpSessionId=tyv3uwvx}]
2025-09-19T12:50:48.652+05:30 DEBUG 10960 --- [Back_End] [MessageBroker-7] o.s.w.s.s.t.h.DefaultSockJsService       : Closed 1 sessions: [tyv3uwvx]
2025-09-19T12:51:20.582+05:30 DEBUG 10960 --- [Back_End] [http-nio-8080-exec-6] o.s.web.servlet.DispatcherServlet        : POST "/auth/login", parameters={}
2025-09-19T12:51:20.583+05:30 DEBUG 10960 --- [Back_End] [http-nio-8080-exec-6] s.w.s.m.m.a.RequestMappingHandlerMapping : Mapped to com.ijse.gdse72.back_end.controller.AuthController#login(AuthDTO)
2025-09-19T12:51:20.584+05:30 DEBUG 10960 --- [Back_End] [http-nio-8080-exec-6] m.m.a.RequestResponseBodyMethodProcessor : Read "application/json;charset=UTF-8" to [com.ijse.gdse72.back_end.dto.AuthDTO@73464704]
2025-09-19T12:51:20.673+05:30 DEBUG 10960 --- [Back_End] [http-nio-8080-exec-6] o.s.w.s.m.m.a.HttpEntityMethodProcessor  : Using 'application/json', given [*/*] and supported [application/json, application/*+json]
2025-09-19T12:51:20.673+05:30 DEBUG 10960 --- [Back_End] [http-nio-8080-exec-6] o.s.w.s.m.m.a.HttpEntityMethodProcessor  : Writing [com.ijse.gdse72.back_end.dto.ApiResponse@47809240]
2025-09-19T12:51:20.674+05:30 DEBUG 10960 --- [Back_End] [http-nio-8080-exec-6] o.s.web.servlet.DispatcherServlet        : Completed 200 OK
2025-09-19T12:51:21.780+05:30 DEBUG 10960 --- [Back_End] [http-nio-8080-exec-8] o.s.web.servlet.DispatcherServlet        : GET "/auth/user/2", parameters={}
2025-09-19T12:51:21.781+05:30 DEBUG 10960 --- [Back_End] [http-nio-8080-exec-8] s.w.s.m.m.a.RequestMappingHandlerMapping : Mapped to com.ijse.gdse72.back_end.controller.AuthController#getUserById(Long)
2025-09-19T12:51:21.794+05:30 DEBUG 10960 --- [Back_End] [http-nio-8080-exec-8] o.s.w.s.m.m.a.HttpEntityMethodProcessor  : Using 'application/json', given [*/*] and supported [application/json, application/*+json]
2025-09-19T12:51:21.795+05:30 DEBUG 10960 --- [Back_End] [http-nio-8080-exec-8] o.s.w.s.m.m.a.HttpEntityMethodProcessor  : Writing [com.ijse.gdse72.back_end.dto.ApiResponse@26d95f6]
2025-09-19T12:51:21.797+05:30 DEBUG 10960 --- [Back_End] [http-nio-8080-exec-8] o.s.web.servlet.DispatcherServlet        : Completed 200 OK
2025-09-19T12:51:21.825+05:30 DEBUG 10960 --- [Back_End] [http-nio-8080-exec-2] o.s.web.servlet.DispatcherServlet        : GET "/api/classes/student/2", parameters={}
2025-09-19T12:51:21.825+05:30 DEBUG 10960 --- [Back_End] [http-nio-8080-exec-2] s.w.s.m.m.a.RequestMappingHandlerMapping : Mapped to com.ijse.gdse72.back_end.controller.ClassController#getClassesByStudent(Long)
2025-09-19T12:51:21.827+05:30 DEBUG 10960 --- [Back_End] [http-nio-8080-exec-5] o.s.web.servlet.DispatcherServlet        : GET "/api/classes/student-statistics/2", parameters={}
2025-09-19T12:51:21.828+05:30 DEBUG 10960 --- [Back_End] [http-nio-8080-exec-5] s.w.s.m.m.a.RequestMappingHandlerMapping : Mapped to com.ijse.gdse72.back_end.controller.ClassController#getStudentClassStatistics(Long)
2025-09-19T12:51:21.846+05:30 DEBUG 10960 --- [Back_End] [http-nio-8080-exec-5] o.s.w.s.m.m.a.HttpEntityMethodProcessor  : Using 'application/json', given [*/*] and supported [application/json, application/*+json]
2025-09-19T12:51:21.846+05:30 DEBUG 10960 --- [Back_End] [http-nio-8080-exec-5] o.s.w.s.m.m.a.HttpEntityMethodProcessor  : Writing [com.ijse.gdse72.back_end.dto.ApiResponse@3d160988]
2025-09-19T12:51:21.846+05:30 DEBUG 10960 --- [Back_End] [http-nio-8080-exec-2] o.s.w.s.m.m.a.HttpEntityMethodProcessor  : Using 'application/json', given [*/*] and supported [application/json, application/*+json]
2025-09-19T12:51:21.847+05:30 DEBUG 10960 --- [Back_End] [http-nio-8080-exec-2] o.s.w.s.m.m.a.HttpEntityMethodProcessor  : Writing [com.ijse.gdse72.back_end.dto.ApiResponse@2feb31b4]
2025-09-19T12:51:21.847+05:30 DEBUG 10960 --- [Back_End] [http-nio-8080-exec-5] o.s.web.servlet.DispatcherServlet        : Completed 200 OK
2025-09-19T12:51:21.848+05:30 DEBUG 10960 --- [Back_End] [http-nio-8080-exec-2] o.s.web.servlet.DispatcherServlet        : Completed 200 OK
2025-09-19T12:51:22.270+05:30 DEBUG 10960 --- [Back_End] [http-nio-8080-exec-7] o.s.web.servlet.DispatcherServlet        : GET "/api/classes/student-statistics/2", parameters={}
2025-09-19T12:51:22.270+05:30 DEBUG 10960 --- [Back_End] [http-nio-8080-exec-7] s.w.s.m.m.a.RequestMappingHandlerMapping : Mapped to com.ijse.gdse72.back_end.controller.ClassController#getStudentClassStatistics(Long)
2025-09-19T12:51:22.278+05:30 DEBUG 10960 --- [Back_End] [http-nio-8080-exec-7] o.s.w.s.m.m.a.HttpEntityMethodProcessor  : Using 'application/json', given [*/*] and supported [application/json, application/*+json]
2025-09-19T12:51:22.278+05:30 DEBUG 10960 --- [Back_End] [http-nio-8080-exec-7] o.s.w.s.m.m.a.HttpEntityMethodProcessor  : Writing [com.ijse.gdse72.back_end.dto.ApiResponse@5f8ca1e1]
2025-09-19T12:51:22.279+05:30 DEBUG 10960 --- [Back_End] [http-nio-8080-exec-7] o.s.web.servlet.DispatcherServlet        : Completed 200 OK
2025-09-19T12:51:26.563+05:30 DEBUG 10960 --- [Back_End] [http-nio-8080-exec-10] o.s.web.servlet.DispatcherServlet        : GET "/ws-chat/info?t=1758266486496", parameters={masked}
2025-09-19T12:51:26.564+05:30 DEBUG 10960 --- [Back_End] [http-nio-8080-exec-10] o.s.w.s.s.s.WebSocketHandlerMapping      : Mapped to org.springframework.web.socket.sockjs.support.SockJsHttpRequestHandler@28391cc6
2025-09-19T12:51:26.564+05:30 DEBUG 10960 --- [Back_End] [http-nio-8080-exec-10] o.s.w.s.s.t.h.DefaultSockJsService       : Processing transport request: GET http://localhost:8080/ws-chat/info?t=1758266486496
2025-09-19T12:51:26.564+05:30 DEBUG 10960 --- [Back_End] [http-nio-8080-exec-10] o.s.web.servlet.DispatcherServlet        : Completed 200 OK
2025-09-19T12:51:26.572+05:30 DEBUG 10960 --- [Back_End] [http-nio-8080-exec-6] o.s.web.servlet.DispatcherServlet        : GET "/api/classes/2", parameters={}
2025-09-19T12:51:26.573+05:30 DEBUG 10960 --- [Back_End] [http-nio-8080-exec-6] s.w.s.m.m.a.RequestMappingHandlerMapping : Mapped to com.ijse.gdse72.back_end.controller.ClassController#getClassById(Long)
2025-09-19T12:51:26.581+05:30 DEBUG 10960 --- [Back_End] [http-nio-8080-exec-8] o.s.web.servlet.DispatcherServlet        : GET "/ws-chat/481/gtb3ncbh/websocket", parameters={}
2025-09-19T12:51:26.581+05:30 DEBUG 10960 --- [Back_End] [http-nio-8080-exec-8] o.s.w.s.s.s.WebSocketHandlerMapping      : Mapped to org.springframework.web.socket.sockjs.support.SockJsHttpRequestHandler@28391cc6
2025-09-19T12:51:26.582+05:30 DEBUG 10960 --- [Back_End] [http-nio-8080-exec-8] o.s.w.s.s.t.h.DefaultSockJsService       : Processing transport request: GET http://localhost:8080/ws-chat/481/gtb3ncbh/websocket
2025-09-19T12:51:26.583+05:30 DEBUG 10960 --- [Back_End] [http-nio-8080-exec-8] o.s.web.servlet.DispatcherServlet        : Completed 101 SWITCHING_PROTOCOLS
2025-09-19T12:51:26.583+05:30 DEBUG 10960 --- [Back_End] [http-nio-8080-exec-6] o.s.w.s.m.m.a.HttpEntityMethodProcessor  : Using 'application/json', given [*/*] and supported [application/json, application/*+json]
2025-09-19T12:51:26.583+05:30 DEBUG 10960 --- [Back_End] [http-nio-8080-exec-6] o.s.w.s.m.m.a.HttpEntityMethodProcessor  : Writing [com.ijse.gdse72.back_end.dto.ApiResponse@16b3c1ba]
2025-09-19T12:51:26.584+05:30 DEBUG 10960 --- [Back_End] [http-nio-8080-exec-8] s.w.s.h.LoggingWebSocketHandlerDecorator : New WebSocketServerSockJsSession[id=gtb3ncbh]
2025-09-19T12:51:26.585+05:30 DEBUG 10960 --- [Back_End] [http-nio-8080-exec-6] o.s.web.servlet.DispatcherServlet        : Completed 200 OK
2025-09-19T12:51:26.590+05:30 DEBUG 10960 --- [Back_End] [clientInboundChannel-20] org.springframework.web.SimpLogging      : Processing CONNECT session=gtb3ncbh
2025-09-19T12:51:26.596+05:30 DEBUG 10960 --- [Back_End] [clientInboundChannel-24] org.springframework.web.SimpLogging      : Processing SUBSCRIBE destination=/topic/messages-usergtb3ncbh subscriptionId=sub-0 session=gtb3ncbh payload=byte[0]
2025-09-19T12:51:26.599+05:30 DEBUG 10960 --- [Back_End] [http-nio-8080-exec-1] o.s.web.servlet.DispatcherServlet        : GET "/api/classes/2", parameters={}
2025-09-19T12:51:26.599+05:30 DEBUG 10960 --- [Back_End] [http-nio-8080-exec-1] s.w.s.m.m.a.RequestMappingHandlerMapping : Mapped to com.ijse.gdse72.back_end.controller.ClassController#getClassById(Long)
2025-09-19T12:51:26.610+05:30 DEBUG 10960 --- [Back_End] [http-nio-8080-exec-1] o.s.w.s.m.m.a.HttpEntityMethodProcessor  : Using 'application/json', given [*/*] and supported [application/json, application/*+json]
2025-09-19T12:51:26.610+05:30 DEBUG 10960 --- [Back_End] [http-nio-8080-exec-1] o.s.w.s.m.m.a.HttpEntityMethodProcessor  : Writing [com.ijse.gdse72.back_end.dto.ApiResponse@224aed93]
2025-09-19T12:51:26.611+05:30 DEBUG 10960 --- [Back_End] [http-nio-8080-exec-1] o.s.web.servlet.DispatcherServlet        : Completed 200 OK
2025-09-19T12:51:26.659+05:30 DEBUG 10960 --- [Back_End] [http-nio-8080-exec-7] o.s.web.servlet.DispatcherServlet        : GET "/api/classes/2/users", parameters={}
2025-09-19T12:51:26.660+05:30 DEBUG 10960 --- [Back_End] [http-nio-8080-exec-7] s.w.s.m.m.a.RequestMappingHandlerMapping : Mapped to com.ijse.gdse72.back_end.controller.ClassController#getUsersByClass(Long)
2025-09-19T12:51:26.666+05:30 DEBUG 10960 --- [Back_End] [http-nio-8080-exec-7] o.s.w.s.m.m.a.HttpEntityMethodProcessor  : Using 'application/json', given [*/*] and supported [application/json, application/*+json]
2025-09-19T12:51:26.666+05:30 DEBUG 10960 --- [Back_End] [http-nio-8080-exec-7] o.s.w.s.m.m.a.HttpEntityMethodProcessor  : Writing [com.ijse.gdse72.back_end.dto.ApiResponse@9dddfac]
2025-09-19T12:51:26.667+05:30 DEBUG 10960 --- [Back_End] [http-nio-8080-exec-7] o.s.web.servlet.DispatcherServlet        : Completed 200 OK
2025-09-19T12:51:36.413+05:30 DEBUG 10960 --- [Back_End] [http-nio-8080-exec-4] o.s.web.servlet.DispatcherServlet        : GET "/api/classes/2", parameters={}
2025-09-19T12:51:36.413+05:30 DEBUG 10960 --- [Back_End] [http-nio-8080-exec-4] s.w.s.m.m.a.RequestMappingHandlerMapping : Mapped to com.ijse.gdse72.back_end.controller.ClassController#getClassById(Long)
2025-09-19T12:51:36.422+05:30 DEBUG 10960 --- [Back_End] [http-nio-8080-exec-4] o.s.w.s.m.m.a.HttpEntityMethodProcessor  : Using 'application/json', given [*/*] and supported [application/json, application/*+json]
2025-09-19T12:51:36.423+05:30 DEBUG 10960 --- [Back_End] [http-nio-8080-exec-4] o.s.w.s.m.m.a.HttpEntityMethodProcessor  : Writing [com.ijse.gdse72.back_end.dto.ApiResponse@5aaa0be8]
2025-09-19T12:51:36.423+05:30 DEBUG 10960 --- [Back_End] [http-nio-8080-exec-4] o.s.web.servlet.DispatcherServlet        : Completed 200 OK
2025-09-19T12:54:58.031+05:30 DEBUG 10960 --- [Back_End] [http-nio-8080-exec-5] s.w.s.h.LoggingWebSocketHandlerDecorator : WebSocketServerSockJsSession[id=gtb3ncbh] closed with CloseStatus[code=1000, reason=null]
2025-09-19T12:54:58.031+05:30 DEBUG 10960 --- [Back_End] [http-nio-8080-exec-5] o.s.w.s.m.SubProtocolWebSocketHandler    : Clearing session gtb3ncbh
2025-09-19T12:54:58.035+05:30 DEBUG 10960 --- [Back_End] [clientInboundChannel-26] org.springframework.web.SimpLogging      : Processing DISCONNECT session=gtb3ncbh
2025-09-19T12:54:58.038+05:30 DEBUG 10960 --- [Back_End] [clientOutboundChannel-6] o.s.w.s.m.SubProtocolWebSocketHandler    : No session for GenericMessage [payload=byte[0], headers={simpMessageType=DISCONNECT_ACK, simpDisconnectMessage=GenericMessage [payload=byte[0], headers={simpMessageType=DISCONNECT, stompCommand=DISCONNECT, simpSessionAttributes={org.springframework.messaging.simp.SimpAttributes.COMPLETED=true}, simpSessionId=gtb3ncbh}], simpSessionId=gtb3ncbh}]
2025-09-19T12:54:58.292+05:30 DEBUG 10960 --- [Back_End] [http-nio-8080-exec-7] o.s.web.servlet.DispatcherServlet        : GET "/api/classes/2", parameters={}
2025-09-19T12:54:58.293+05:30 DEBUG 10960 --- [Back_End] [http-nio-8080-exec-7] s.w.s.m.m.a.RequestMappingHandlerMapping : Mapped to com.ijse.gdse72.back_end.controller.ClassController#getClassById(Long)
2025-09-19T12:54:58.312+05:30 DEBUG 10960 --- [Back_End] [http-nio-8080-exec-3] o.s.web.servlet.DispatcherServlet        : GET "/ws-chat/info?t=1758266698302", parameters={masked}
2025-09-19T12:54:58.313+05:30 DEBUG 10960 --- [Back_End] [http-nio-8080-exec-3] o.s.w.s.s.s.WebSocketHandlerMapping      : Mapped to org.springframework.web.socket.sockjs.support.SockJsHttpRequestHandler@28391cc6
2025-09-19T12:54:58.315+05:30 DEBUG 10960 --- [Back_End] [http-nio-8080-exec-3] o.s.w.s.s.t.h.DefaultSockJsService       : Processing transport request: GET http://localhost:8080/ws-chat/info?t=1758266698302
2025-09-19T12:54:58.316+05:30 DEBUG 10960 --- [Back_End] [http-nio-8080-exec-3] o.s.web.servlet.DispatcherServlet        : Completed 200 OK
2025-09-19T12:54:58.316+05:30 DEBUG 10960 --- [Back_End] [http-nio-8080-exec-7] o.s.w.s.m.m.a.HttpEntityMethodProcessor  : Using 'application/json', given [*/*] and supported [application/json, application/*+json]
2025-09-19T12:54:58.318+05:30 DEBUG 10960 --- [Back_End] [http-nio-8080-exec-7] o.s.w.s.m.m.a.HttpEntityMethodProcessor  : Writing [com.ijse.gdse72.back_end.dto.ApiResponse@743a856b]
2025-09-19T12:54:58.321+05:30 DEBUG 10960 --- [Back_End] [http-nio-8080-exec-7] o.s.web.servlet.DispatcherServlet        : Completed 200 OK
2025-09-19T12:54:58.344+05:30 DEBUG 10960 --- [Back_End] [http-nio-8080-exec-4] o.s.web.servlet.DispatcherServlet        : GET "/api/classes/2", parameters={}
2025-09-19T12:54:58.345+05:30 DEBUG 10960 --- [Back_End] [http-nio-8080-exec-4] s.w.s.m.m.a.RequestMappingHandlerMapping : Mapped to com.ijse.gdse72.back_end.controller.ClassController#getClassById(Long)
2025-09-19T12:54:58.367+05:30 DEBUG 10960 --- [Back_End] [http-nio-8080-exec-10] o.s.web.servlet.DispatcherServlet        : GET "/ws-chat/371/3oue4dsf/websocket", parameters={}
2025-09-19T12:54:58.367+05:30 DEBUG 10960 --- [Back_End] [http-nio-8080-exec-4] o.s.w.s.m.m.a.HttpEntityMethodProcessor  : Using 'application/json', given [*/*] and supported [application/json, application/*+json]
2025-09-19T12:54:58.367+05:30 DEBUG 10960 --- [Back_End] [http-nio-8080-exec-10] o.s.w.s.s.s.WebSocketHandlerMapping      : Mapped to org.springframework.web.socket.sockjs.support.SockJsHttpRequestHandler@28391cc6
2025-09-19T12:54:58.368+05:30 DEBUG 10960 --- [Back_End] [http-nio-8080-exec-4] o.s.w.s.m.m.a.HttpEntityMethodProcessor  : Writing [com.ijse.gdse72.back_end.dto.ApiResponse@2cc5f51b]
2025-09-19T12:54:58.368+05:30 DEBUG 10960 --- [Back_End] [http-nio-8080-exec-10] o.s.w.s.s.t.h.DefaultSockJsService       : Processing transport request: GET http://localhost:8080/ws-chat/371/3oue4dsf/websocket
2025-09-19T12:54:58.370+05:30 DEBUG 10960 --- [Back_End] [http-nio-8080-exec-4] o.s.web.servlet.DispatcherServlet        : Completed 200 OK
2025-09-19T12:54:58.370+05:30 DEBUG 10960 --- [Back_End] [http-nio-8080-exec-10] o.s.web.servlet.DispatcherServlet        : Completed 101 SWITCHING_PROTOCOLS
2025-09-19T12:54:58.373+05:30 DEBUG 10960 --- [Back_End] [http-nio-8080-exec-10] s.w.s.h.LoggingWebSocketHandlerDecorator : New WebSocketServerSockJsSession[id=3oue4dsf]
2025-09-19T12:54:58.382+05:30 DEBUG 10960 --- [Back_End] [clientInboundChannel-29] org.springframework.web.SimpLogging      : Processing CONNECT session=3oue4dsf
2025-09-19T12:54:58.390+05:30 DEBUG 10960 --- [Back_End] [clientInboundChannel-33] org.springframework.web.SimpLogging      : Processing SUBSCRIBE destination=/topic/messages-user3oue4dsf subscriptionId=sub-0 session=3oue4dsf payload=byte[0]
2025-09-19T12:54:58.400+05:30 DEBUG 10960 --- [Back_End] [http-nio-8080-exec-9] o.s.web.servlet.DispatcherServlet        : GET "/api/classes/2/users", parameters={}
2025-09-19T12:54:58.400+05:30 DEBUG 10960 --- [Back_End] [http-nio-8080-exec-9] s.w.s.m.m.a.RequestMappingHandlerMapping : Mapped to com.ijse.gdse72.back_end.controller.ClassController#getUsersByClass(Long)
2025-09-19T12:54:58.414+05:30 DEBUG 10960 --- [Back_End] [http-nio-8080-exec-9] o.s.w.s.m.m.a.HttpEntityMethodProcessor  : Using 'application/json', given [*/*] and supported [application/json, application/*+json]
2025-09-19T12:54:58.414+05:30 DEBUG 10960 --- [Back_End] [http-nio-8080-exec-9] o.s.w.s.m.m.a.HttpEntityMethodProcessor  : Writing [com.ijse.gdse72.back_end.dto.ApiResponse@2f8f46e0]
2025-09-19T12:54:58.416+05:30 DEBUG 10960 --- [Back_End] [http-nio-8080-exec-9] o.s.web.servlet.DispatcherServlet        : Completed 200 OK
2025-09-19T12:55:03.644+05:30 DEBUG 10960 --- [Back_End] [MessageBroker-5] o.s.w.s.s.t.h.DefaultSockJsService       : Closed 1 sessions: [gtb3ncbh]
2025-09-19T12:56:33.072+05:30 DEBUG 10960 --- [Back_End] [http-nio-8080-exec-7] s.w.s.h.LoggingWebSocketHandlerDecorator : WebSocketServerSockJsSession[id=3oue4dsf] closed with CloseStatus[code=1000, reason=null]
2025-09-19T12:56:33.072+05:30 DEBUG 10960 --- [Back_End] [http-nio-8080-exec-7] o.s.w.s.m.SubProtocolWebSocketHandler    : Clearing session 3oue4dsf
2025-09-19T12:56:33.073+05:30 DEBUG 10960 --- [Back_End] [clientInboundChannel-35] org.springframework.web.SimpLogging      : Processing DISCONNECT session=3oue4dsf
2025-09-19T12:56:33.075+05:30 DEBUG 10960 --- [Back_End] [clientOutboundChannel-8] o.s.w.s.m.SubProtocolWebSocketHandler    : No session for GenericMessage [payload=byte[0], headers={simpMessageType=DISCONNECT_ACK, simpDisconnectMessage=GenericMessage [payload=byte[0], headers={simpMessageType=DISCONNECT, stompCommand=DISCONNECT, simpSessionAttributes={org.springframework.messaging.simp.SimpAttributes.COMPLETED=true}, simpSessionId=3oue4dsf}], simpSessionId=3oue4dsf}]
2025-09-19T12:56:33.226+05:30 DEBUG 10960 --- [Back_End] [http-nio-8080-exec-8] o.s.web.servlet.DispatcherServlet        : GET "/ws-chat/info?t=1758266793151", parameters={masked}
2025-09-19T12:56:33.227+05:30 DEBUG 10960 --- [Back_End] [http-nio-8080-exec-8] o.s.w.s.s.s.WebSocketHandlerMapping      : Mapped to org.springframework.web.socket.sockjs.support.SockJsHttpRequestHandler@28391cc6
2025-09-19T12:56:33.227+05:30 DEBUG 10960 --- [Back_End] [http-nio-8080-exec-8] o.s.w.s.s.t.h.DefaultSockJsService       : Processing transport request: GET http://localhost:8080/ws-chat/info?t=1758266793151
2025-09-19T12:56:33.228+05:30 DEBUG 10960 --- [Back_End] [http-nio-8080-exec-8] o.s.web.servlet.DispatcherServlet        : Completed 200 OK
2025-09-19T12:56:33.244+05:30 DEBUG 10960 --- [Back_End] [http-nio-8080-exec-5] o.s.web.servlet.DispatcherServlet        : GET "/ws-chat/509/uauho0ry/websocket", parameters={}
2025-09-19T12:56:33.246+05:30 DEBUG 10960 --- [Back_End] [http-nio-8080-exec-5] o.s.w.s.s.s.WebSocketHandlerMapping      : Mapped to org.springframework.web.socket.sockjs.support.SockJsHttpRequestHandler@28391cc6
2025-09-19T12:56:33.246+05:30 DEBUG 10960 --- [Back_End] [http-nio-8080-exec-5] o.s.w.s.s.t.h.DefaultSockJsService       : Processing transport request: GET http://localhost:8080/ws-chat/509/uauho0ry/websocket
2025-09-19T12:56:33.247+05:30 DEBUG 10960 --- [Back_End] [http-nio-8080-exec-5] o.s.web.servlet.DispatcherServlet        : Completed 101 SWITCHING_PROTOCOLS
2025-09-19T12:56:33.248+05:30 DEBUG 10960 --- [Back_End] [http-nio-8080-exec-5] s.w.s.h.LoggingWebSocketHandlerDecorator : New WebSocketServerSockJsSession[id=uauho0ry]
2025-09-19T12:56:33.253+05:30 DEBUG 10960 --- [Back_End] [http-nio-8080-exec-6] o.s.web.servlet.DispatcherServlet        : GET "/api/classes/2", parameters={}
2025-09-19T12:56:33.253+05:30 DEBUG 10960 --- [Back_End] [http-nio-8080-exec-6] s.w.s.m.m.a.RequestMappingHandlerMapping : Mapped to com.ijse.gdse72.back_end.controller.ClassController#getClassById(Long)
2025-09-19T12:56:33.253+05:30 DEBUG 10960 --- [Back_End] [clientInboundChannel-38] org.springframework.web.SimpLogging      : Processing CONNECT session=uauho0ry
2025-09-19T12:56:33.258+05:30 DEBUG 10960 --- [Back_End] [clientInboundChannel-42] org.springframework.web.SimpLogging      : Processing SUBSCRIBE destination=/topic/messages-useruauho0ry subscriptionId=sub-0 session=uauho0ry payload=byte[0]
2025-09-19T12:56:33.265+05:30 DEBUG 10960 --- [Back_End] [http-nio-8080-exec-6] o.s.w.s.m.m.a.HttpEntityMethodProcessor  : Using 'application/json', given [*/*] and supported [application/json, application/*+json]
2025-09-19T12:56:33.265+05:30 DEBUG 10960 --- [Back_End] [http-nio-8080-exec-6] o.s.w.s.m.m.a.HttpEntityMethodProcessor  : Writing [com.ijse.gdse72.back_end.dto.ApiResponse@732b5adb]
2025-09-19T12:56:33.267+05:30 DEBUG 10960 --- [Back_End] [http-nio-8080-exec-6] o.s.web.servlet.DispatcherServlet        : Completed 200 OK
2025-09-19T12:56:33.279+05:30 DEBUG 10960 --- [Back_End] [http-nio-8080-exec-2] o.s.web.servlet.DispatcherServlet        : GET "/api/classes/2", parameters={}
2025-09-19T12:56:33.279+05:30 DEBUG 10960 --- [Back_End] [http-nio-8080-exec-2] s.w.s.m.m.a.RequestMappingHandlerMapping : Mapped to com.ijse.gdse72.back_end.controller.ClassController#getClassById(Long)
2025-09-19T12:56:33.295+05:30 DEBUG 10960 --- [Back_End] [http-nio-8080-exec-2] o.s.w.s.m.m.a.HttpEntityMethodProcessor  : Using 'application/json', given [*/*] and supported [application/json, application/*+json]
2025-09-19T12:56:33.295+05:30 DEBUG 10960 --- [Back_End] [http-nio-8080-exec-2] o.s.w.s.m.m.a.HttpEntityMethodProcessor  : Writing [com.ijse.gdse72.back_end.dto.ApiResponse@7da35d3f]
2025-09-19T12:56:33.297+05:30 DEBUG 10960 --- [Back_End] [http-nio-8080-exec-2] o.s.web.servlet.DispatcherServlet        : Completed 200 OK
2025-09-19T12:56:33.319+05:30 DEBUG 10960 --- [Back_End] [http-nio-8080-exec-7] o.s.web.servlet.DispatcherServlet        : GET "/api/classes/2/users", parameters={}
2025-09-19T12:56:33.320+05:30 DEBUG 10960 --- [Back_End] [http-nio-8080-exec-7] s.w.s.m.m.a.RequestMappingHandlerMapping : Mapped to com.ijse.gdse72.back_end.controller.ClassController#getUsersByClass(Long)
2025-09-19T12:56:33.331+05:30 DEBUG 10960 --- [Back_End] [http-nio-8080-exec-7] o.s.w.s.m.m.a.HttpEntityMethodProcessor  : Using 'application/json', given [*/*] and supported [application/json, application/*+json]
2025-09-19T12:56:33.331+05:30 DEBUG 10960 --- [Back_End] [http-nio-8080-exec-7] o.s.w.s.m.m.a.HttpEntityMethodProcessor  : Writing [com.ijse.gdse72.back_end.dto.ApiResponse@2e1dc9c3]
2025-09-19T12:56:33.332+05:30 DEBUG 10960 --- [Back_End] [http-nio-8080-exec-7] o.s.web.servlet.DispatcherServlet        : Completed 200 OK
2025-09-19T12:56:38.643+05:30 DEBUG 10960 --- [Back_End] [MessageBroker-6] o.s.w.s.s.t.h.DefaultSockJsService       : Closed 1 sessions: [3oue4dsf]
2025-09-19T12:56:40.992+05:30 DEBUG 10960 --- [Back_End] [http-nio-8080-exec-9] o.s.web.servlet.DispatcherServlet        : GET "/api/chats/2/4", parameters={}
2025-09-19T12:56:40.992+05:30 DEBUG 10960 --- [Back_End] [http-nio-8080-exec-9] s.w.s.m.m.a.RequestMappingHandlerMapping : Mapped to com.ijse.gdse72.back_end.controller.ChatController#getChatHistory(String, String)
2025-09-19T12:56:41.003+05:30 DEBUG 10960 --- [Back_End] [http-nio-8080-exec-9] m.m.a.RequestResponseBodyMethodProcessor : Using 'application/json', given [*/*] and supported [application/json, application/*+json]
2025-09-19T12:56:41.004+05:30 DEBUG 10960 --- [Back_End] [http-nio-8080-exec-9] m.m.a.RequestResponseBodyMethodProcessor : Writing [[ChatMessageDTO(chatId=35, senderId=2, receiverId=4, classId=null, message=Hey! Did you finish the w (truncated)...]
2025-09-19T12:56:41.006+05:30 DEBUG 10960 --- [Back_End] [http-nio-8080-exec-9] o.s.web.servlet.DispatcherServlet        : Completed 200 OK
2025-09-19T12:56:42.888+05:30 DEBUG 10960 --- [Back_End] [http-nio-8080-exec-6] o.s.web.servlet.DispatcherServlet        : GET "/api/classes/2", parameters={}
2025-09-19T12:56:42.889+05:30 DEBUG 10960 --- [Back_End] [http-nio-8080-exec-6] s.w.s.m.m.a.RequestMappingHandlerMapping : Mapped to com.ijse.gdse72.back_end.controller.ClassController#getClassById(Long)
2025-09-19T12:56:42.897+05:30 DEBUG 10960 --- [Back_End] [http-nio-8080-exec-6] o.s.w.s.m.m.a.HttpEntityMethodProcessor  : Using 'application/json', given [*/*] and supported [application/json, application/*+json]
2025-09-19T12:56:42.897+05:30 DEBUG 10960 --- [Back_End] [http-nio-8080-exec-6] o.s.w.s.m.m.a.HttpEntityMethodProcessor  : Writing [com.ijse.gdse72.back_end.dto.ApiResponse@33016bf9]
2025-09-19T12:56:42.898+05:30 DEBUG 10960 --- [Back_End] [http-nio-8080-exec-6] o.s.web.servlet.DispatcherServlet        : Completed 200 OK
2025-09-19T12:56:57.779+05:30 DEBUG 10960 --- [Back_End] [http-nio-8080-exec-3] s.w.s.h.LoggingWebSocketHandlerDecorator : WebSocketServerSockJsSession[id=uauho0ry] closed with CloseStatus[code=1000, reason=null]
2025-09-19T12:56:57.780+05:30 DEBUG 10960 --- [Back_End] [http-nio-8080-exec-3] o.s.w.s.m.SubProtocolWebSocketHandler    : Clearing session uauho0ry
2025-09-19T12:56:57.781+05:30 DEBUG 10960 --- [Back_End] [clientInboundChannel-44] org.springframework.web.SimpLogging      : Processing DISCONNECT session=uauho0ry
2025-09-19T12:56:57.783+05:30 DEBUG 10960 --- [Back_End] [clientOutboundChannel-10] o.s.w.s.m.SubProtocolWebSocketHandler    : No session for GenericMessage [payload=byte[0], headers={simpMessageType=DISCONNECT_ACK, simpDisconnectMessage=GenericMessage [payload=byte[0], headers={simpMessageType=DISCONNECT, stompCommand=DISCONNECT, simpSessionAttributes={org.springframework.messaging.simp.SimpAttributes.COMPLETED=true}, simpSessionId=uauho0ry}], simpSessionId=uauho0ry}]
2025-09-19T12:56:57.893+05:30 DEBUG 10960 --- [Back_End] [http-nio-8080-exec-10] o.s.web.servlet.DispatcherServlet        : GET "/ws-chat/info?t=1758266817842", parameters={masked}
2025-09-19T12:56:57.894+05:30 DEBUG 10960 --- [Back_End] [http-nio-8080-exec-10] o.s.w.s.s.s.WebSocketHandlerMapping      : Mapped to org.springframework.web.socket.sockjs.support.SockJsHttpRequestHandler@28391cc6
2025-09-19T12:56:57.894+05:30 DEBUG 10960 --- [Back_End] [http-nio-8080-exec-10] o.s.w.s.s.t.h.DefaultSockJsService       : Processing transport request: GET http://localhost:8080/ws-chat/info?t=1758266817842
2025-09-19T12:56:57.895+05:30 DEBUG 10960 --- [Back_End] [http-nio-8080-exec-10] o.s.web.servlet.DispatcherServlet        : Completed 200 OK
2025-09-19T12:56:57.934+05:30 DEBUG 10960 --- [Back_End] [http-nio-8080-exec-8] o.s.web.servlet.DispatcherServlet        : GET "/api/classes/2", parameters={}
2025-09-19T12:56:57.935+05:30 DEBUG 10960 --- [Back_End] [http-nio-8080-exec-8] s.w.s.m.m.a.RequestMappingHandlerMapping : Mapped to com.ijse.gdse72.back_end.controller.ClassController#getClassById(Long)
2025-09-19T12:56:57.947+05:30 DEBUG 10960 --- [Back_End] [http-nio-8080-exec-8] o.s.w.s.m.m.a.HttpEntityMethodProcessor  : Using 'application/json', given [*/*] and supported [application/json, application/*+json]
2025-09-19T12:56:57.948+05:30 DEBUG 10960 --- [Back_End] [http-nio-8080-exec-8] o.s.w.s.m.m.a.HttpEntityMethodProcessor  : Writing [com.ijse.gdse72.back_end.dto.ApiResponse@62325b5d]
2025-09-19T12:56:57.949+05:30 DEBUG 10960 --- [Back_End] [http-nio-8080-exec-8] o.s.web.servlet.DispatcherServlet        : Completed 200 OK
2025-09-19T12:56:57.961+05:30 DEBUG 10960 --- [Back_End] [http-nio-8080-exec-9] o.s.web.servlet.DispatcherServlet        : GET "/ws-chat/317/h4q00esv/websocket", parameters={}
2025-09-19T12:56:57.962+05:30 DEBUG 10960 --- [Back_End] [http-nio-8080-exec-9] o.s.w.s.s.s.WebSocketHandlerMapping      : Mapped to org.springframework.web.socket.sockjs.support.SockJsHttpRequestHandler@28391cc6
2025-09-19T12:56:57.963+05:30 DEBUG 10960 --- [Back_End] [http-nio-8080-exec-9] o.s.w.s.s.t.h.DefaultSockJsService       : Processing transport request: GET http://localhost:8080/ws-chat/317/h4q00esv/websocket
2025-09-19T12:56:57.964+05:30 DEBUG 10960 --- [Back_End] [http-nio-8080-exec-9] o.s.web.servlet.DispatcherServlet        : Completed 101 SWITCHING_PROTOCOLS
2025-09-19T12:56:57.966+05:30 DEBUG 10960 --- [Back_End] [http-nio-8080-exec-9] s.w.s.h.LoggingWebSocketHandlerDecorator : New WebSocketServerSockJsSession[id=h4q00esv]
2025-09-19T12:56:57.967+05:30 DEBUG 10960 --- [Back_End] [http-nio-8080-exec-5] o.s.web.servlet.DispatcherServlet        : GET "/api/classes/2", parameters={}
2025-09-19T12:56:57.968+05:30 DEBUG 10960 --- [Back_End] [http-nio-8080-exec-5] s.w.s.m.m.a.RequestMappingHandlerMapping : Mapped to com.ijse.gdse72.back_end.controller.ClassController#getClassById(Long)
2025-09-19T12:56:57.972+05:30 DEBUG 10960 --- [Back_End] [clientInboundChannel-47] org.springframework.web.SimpLogging      : Processing CONNECT session=h4q00esv
2025-09-19T12:56:57.978+05:30 DEBUG 10960 --- [Back_End] [clientInboundChannel-51] org.springframework.web.SimpLogging      : Processing SUBSCRIBE destination=/topic/messages-userh4q00esv subscriptionId=sub-0 session=h4q00esv payload=byte[0]
2025-09-19T12:56:57.982+05:30 DEBUG 10960 --- [Back_End] [http-nio-8080-exec-5] o.s.w.s.m.m.a.HttpEntityMethodProcessor  : Using 'application/json', given [*/*] and supported [application/json, application/*+json]
2025-09-19T12:56:57.983+05:30 DEBUG 10960 --- [Back_End] [http-nio-8080-exec-5] o.s.w.s.m.m.a.HttpEntityMethodProcessor  : Writing [com.ijse.gdse72.back_end.dto.ApiResponse@31cf0d35]
2025-09-19T12:56:57.984+05:30 DEBUG 10960 --- [Back_End] [http-nio-8080-exec-5] o.s.web.servlet.DispatcherServlet        : Completed 200 OK
2025-09-19T12:56:58.005+05:30 DEBUG 10960 --- [Back_End] [http-nio-8080-exec-3] o.s.web.servlet.DispatcherServlet        : GET "/api/classes/2/users", parameters={}
2025-09-19T12:56:58.005+05:30 DEBUG 10960 --- [Back_End] [http-nio-8080-exec-3] s.w.s.m.m.a.RequestMappingHandlerMapping : Mapped to com.ijse.gdse72.back_end.controller.ClassController#getUsersByClass(Long)
2025-09-19T12:56:58.014+05:30 DEBUG 10960 --- [Back_End] [http-nio-8080-exec-3] o.s.w.s.m.m.a.HttpEntityMethodProcessor  : Using 'application/json', given [*/*] and supported [application/json, application/*+json]
2025-09-19T12:56:58.015+05:30 DEBUG 10960 --- [Back_End] [http-nio-8080-exec-3] o.s.w.s.m.m.a.HttpEntityMethodProcessor  : Writing [com.ijse.gdse72.back_end.dto.ApiResponse@2b3a8d90]
2025-09-19T12:56:58.016+05:30 DEBUG 10960 --- [Back_End] [http-nio-8080-exec-3] o.s.web.servlet.DispatcherServlet        : Completed 200 OK
2025-09-19T12:57:03.657+05:30 DEBUG 10960 --- [Back_End] [MessageBroker-9] o.s.w.s.s.t.h.DefaultSockJsService       : Closed 1 sessions: [uauho0ry]
2025-09-19T12:57:20.494+05:30 DEBUG 10960 --- [Back_End] [http-nio-8080-exec-8] s.w.s.h.LoggingWebSocketHandlerDecorator : WebSocketServerSockJsSession[id=h4q00esv] closed with CloseStatus[code=1000, reason=null]
2025-09-19T12:57:20.494+05:30 DEBUG 10960 --- [Back_End] [http-nio-8080-exec-8] o.s.w.s.m.SubProtocolWebSocketHandler    : Clearing session h4q00esv
2025-09-19T12:57:20.496+05:30 DEBUG 10960 --- [Back_End] [clientInboundChannel-53] org.springframework.web.SimpLogging      : Processing DISCONNECT session=h4q00esv
2025-09-19T12:57:20.498+05:30 DEBUG 10960 --- [Back_End] [clientOutboundChannel-12] o.s.w.s.m.SubProtocolWebSocketHandler    : No session for GenericMessage [payload=byte[0], headers={simpMessageType=DISCONNECT_ACK, simpDisconnectMessage=GenericMessage [payload=byte[0], headers={simpMessageType=DISCONNECT, stompCommand=DISCONNECT, simpSessionAttributes={org.springframework.messaging.simp.SimpAttributes.COMPLETED=true}, simpSessionId=h4q00esv}], simpSessionId=h4q00esv}]
2025-09-19T12:57:20.636+05:30 DEBUG 10960 --- [Back_End] [http-nio-8080-exec-6] o.s.web.servlet.DispatcherServlet        : GET "/ws-chat/info?t=1758266840564", parameters={masked}
2025-09-19T12:57:20.637+05:30 DEBUG 10960 --- [Back_End] [http-nio-8080-exec-6] o.s.w.s.s.s.WebSocketHandlerMapping      : Mapped to org.springframework.web.socket.sockjs.support.SockJsHttpRequestHandler@28391cc6
2025-09-19T12:57:20.637+05:30 DEBUG 10960 --- [Back_End] [http-nio-8080-exec-6] o.s.w.s.s.t.h.DefaultSockJsService       : Processing transport request: GET http://localhost:8080/ws-chat/info?t=1758266840564
2025-09-19T12:57:20.638+05:30 DEBUG 10960 --- [Back_End] [http-nio-8080-exec-6] o.s.web.servlet.DispatcherServlet        : Completed 200 OK
2025-09-19T12:57:20.660+05:30 DEBUG 10960 --- [Back_End] [http-nio-8080-exec-5] o.s.web.servlet.DispatcherServlet        : GET "/api/classes/2", parameters={}
2025-09-19T12:57:20.661+05:30 DEBUG 10960 --- [Back_End] [http-nio-8080-exec-5] s.w.s.m.m.a.RequestMappingHandlerMapping : Mapped to com.ijse.gdse72.back_end.controller.ClassController#getClassById(Long)
2025-09-19T12:57:20.678+05:30 DEBUG 10960 --- [Back_End] [http-nio-8080-exec-5] o.s.w.s.m.m.a.HttpEntityMethodProcessor  : Using 'application/json', given [*/*] and supported [application/json, application/*+json]
2025-09-19T12:57:20.678+05:30 DEBUG 10960 --- [Back_End] [http-nio-8080-exec-5] o.s.w.s.m.m.a.HttpEntityMethodProcessor  : Writing [com.ijse.gdse72.back_end.dto.ApiResponse@6963c0dc]
2025-09-19T12:57:20.680+05:30 DEBUG 10960 --- [Back_End] [http-nio-8080-exec-5] o.s.web.servlet.DispatcherServlet        : Completed 200 OK
2025-09-19T12:57:20.682+05:30 DEBUG 10960 --- [Back_End] [http-nio-8080-exec-2] o.s.web.servlet.DispatcherServlet        : GET "/ws-chat/158/utaag5nw/websocket", parameters={}
2025-09-19T12:57:20.683+05:30 DEBUG 10960 --- [Back_End] [http-nio-8080-exec-2] o.s.w.s.s.s.WebSocketHandlerMapping      : Mapped to org.springframework.web.socket.sockjs.support.SockJsHttpRequestHandler@28391cc6
2025-09-19T12:57:20.684+05:30 DEBUG 10960 --- [Back_End] [http-nio-8080-exec-2] o.s.w.s.s.t.h.DefaultSockJsService       : Processing transport request: GET http://localhost:8080/ws-chat/158/utaag5nw/websocket
2025-09-19T12:57:20.685+05:30 DEBUG 10960 --- [Back_End] [http-nio-8080-exec-2] o.s.web.servlet.DispatcherServlet        : Completed 101 SWITCHING_PROTOCOLS
2025-09-19T12:57:20.687+05:30 DEBUG 10960 --- [Back_End] [http-nio-8080-exec-2] s.w.s.h.LoggingWebSocketHandlerDecorator : New WebSocketServerSockJsSession[id=utaag5nw]
2025-09-19T12:57:20.691+05:30 DEBUG 10960 --- [Back_End] [clientInboundChannel-56] org.springframework.web.SimpLogging      : Processing CONNECT session=utaag5nw
2025-09-19T12:57:20.694+05:30 DEBUG 10960 --- [Back_End] [http-nio-8080-exec-3] o.s.web.servlet.DispatcherServlet        : GET "/api/classes/2", parameters={}
2025-09-19T12:57:20.695+05:30 DEBUG 10960 --- [Back_End] [http-nio-8080-exec-3] s.w.s.m.m.a.RequestMappingHandlerMapping : Mapped to com.ijse.gdse72.back_end.controller.ClassController#getClassById(Long)
2025-09-19T12:57:20.696+05:30 DEBUG 10960 --- [Back_End] [clientInboundChannel-34] org.springframework.web.SimpLogging      : Processing SUBSCRIBE destination=/topic/messages-userutaag5nw subscriptionId=sub-0 session=utaag5nw payload=byte[0]
2025-09-19T12:57:20.705+05:30 DEBUG 10960 --- [Back_End] [http-nio-8080-exec-3] o.s.w.s.m.m.a.HttpEntityMethodProcessor  : Using 'application/json', given [*/*] and supported [application/json, application/*+json]
2025-09-19T12:57:20.705+05:30 DEBUG 10960 --- [Back_End] [http-nio-8080-exec-3] o.s.w.s.m.m.a.HttpEntityMethodProcessor  : Writing [com.ijse.gdse72.back_end.dto.ApiResponse@58633df4]
2025-09-19T12:57:20.707+05:30 DEBUG 10960 --- [Back_End] [http-nio-8080-exec-3] o.s.web.servlet.DispatcherServlet        : Completed 200 OK
2025-09-19T12:57:20.729+05:30 DEBUG 10960 --- [Back_End] [http-nio-8080-exec-8] o.s.web.servlet.DispatcherServlet        : GET "/api/classes/2/users", parameters={}
2025-09-19T12:57:20.730+05:30 DEBUG 10960 --- [Back_End] [http-nio-8080-exec-8] s.w.s.m.m.a.RequestMappingHandlerMapping : Mapped to com.ijse.gdse72.back_end.controller.ClassController#getUsersByClass(Long)
2025-09-19T12:57:20.739+05:30 DEBUG 10960 --- [Back_End] [http-nio-8080-exec-8] o.s.w.s.m.m.a.HttpEntityMethodProcessor  : Using 'application/json', given [*/*] and supported [application/json, application/*+json]
2025-09-19T12:57:20.740+05:30 DEBUG 10960 --- [Back_End] [http-nio-8080-exec-8] o.s.w.s.m.m.a.HttpEntityMethodProcessor  : Writing [com.ijse.gdse72.back_end.dto.ApiResponse@4907c860]
2025-09-19T12:57:20.742+05:30 DEBUG 10960 --- [Back_End] [http-nio-8080-exec-8] o.s.web.servlet.DispatcherServlet        : Completed 200 OK
2025-09-19T12:57:28.646+05:30 DEBUG 10960 --- [Back_End] [MessageBroker-3] o.s.w.s.s.t.h.DefaultSockJsService       : Closed 1 sessions: [h4q00esv]
2025-09-19T12:57:43.125+05:30 DEBUG 10960 --- [Back_End] [http-nio-8080-exec-5] s.w.s.h.LoggingWebSocketHandlerDecorator : WebSocketServerSockJsSession[id=utaag5nw] closed with CloseStatus[code=1000, reason=null]
2025-09-19T12:57:43.126+05:30 DEBUG 10960 --- [Back_End] [http-nio-8080-exec-5] o.s.w.s.m.SubProtocolWebSocketHandler    : Clearing session utaag5nw
2025-09-19T12:57:43.127+05:30 DEBUG 10960 --- [Back_End] [clientInboundChannel-59] org.springframework.web.SimpLogging      : Processing DISCONNECT session=utaag5nw
2025-09-19T12:57:43.130+05:30 DEBUG 10960 --- [Back_End] [clientOutboundChannel-14] o.s.w.s.m.SubProtocolWebSocketHandler    : No session for GenericMessage [payload=byte[0], headers={simpMessageType=DISCONNECT_ACK, simpDisconnectMessage=GenericMessage [payload=byte[0], headers={simpMessageType=DISCONNECT, stompCommand=DISCONNECT, simpSessionAttributes={org.springframework.messaging.simp.SimpAttributes.COMPLETED=true}, simpSessionId=utaag5nw}], simpSessionId=utaag5nw}]
2025-09-19T12:57:43.367+05:30 DEBUG 10960 --- [Back_End] [http-nio-8080-exec-4] o.s.web.servlet.DispatcherServlet        : GET "/api/classes/2", parameters={}
2025-09-19T12:57:43.370+05:30 DEBUG 10960 --- [Back_End] [http-nio-8080-exec-4] s.w.s.m.m.a.RequestMappingHandlerMapping : Mapped to com.ijse.gdse72.back_end.controller.ClassController#getClassById(Long)
2025-09-19T12:57:43.389+05:30 DEBUG 10960 --- [Back_End] [http-nio-8080-exec-4] o.s.w.s.m.m.a.HttpEntityMethodProcessor  : Using 'application/json', given [*/*] and supported [application/json, application/*+json]
2025-09-19T12:57:43.390+05:30 DEBUG 10960 --- [Back_End] [http-nio-8080-exec-4] o.s.w.s.m.m.a.HttpEntityMethodProcessor  : Writing [com.ijse.gdse72.back_end.dto.ApiResponse@15e07732]
2025-09-19T12:57:43.392+05:30 DEBUG 10960 --- [Back_End] [http-nio-8080-exec-4] o.s.web.servlet.DispatcherServlet        : Completed 200 OK
2025-09-19T12:57:43.398+05:30 DEBUG 10960 --- [Back_End] [http-nio-8080-exec-3] o.s.web.servlet.DispatcherServlet        : GET "/ws-chat/info?t=1758266863384", parameters={masked}
2025-09-19T12:57:43.400+05:30 DEBUG 10960 --- [Back_End] [http-nio-8080-exec-3] o.s.w.s.s.s.WebSocketHandlerMapping      : Mapped to org.springframework.web.socket.sockjs.support.SockJsHttpRequestHandler@28391cc6
2025-09-19T12:57:43.401+05:30 DEBUG 10960 --- [Back_End] [http-nio-8080-exec-3] o.s.w.s.s.t.h.DefaultSockJsService       : Processing transport request: GET http://localhost:8080/ws-chat/info?t=1758266863384
2025-09-19T12:57:43.402+05:30 DEBUG 10960 --- [Back_End] [http-nio-8080-exec-3] o.s.web.servlet.DispatcherServlet        : Completed 200 OK
2025-09-19T12:57:43.412+05:30 DEBUG 10960 --- [Back_End] [http-nio-8080-exec-7] o.s.web.servlet.DispatcherServlet        : GET "/api/classes/2", parameters={}
2025-09-19T12:57:43.413+05:30 DEBUG 10960 --- [Back_End] [http-nio-8080-exec-7] s.w.s.m.m.a.RequestMappingHandlerMapping : Mapped to com.ijse.gdse72.back_end.controller.ClassController#getClassById(Long)
2025-09-19T12:57:43.433+05:30 DEBUG 10960 --- [Back_End] [http-nio-8080-exec-7] o.s.w.s.m.m.a.HttpEntityMethodProcessor  : Using 'application/json', given [*/*] and supported [application/json, application/*+json]
2025-09-19T12:57:43.434+05:30 DEBUG 10960 --- [Back_End] [http-nio-8080-exec-7] o.s.w.s.m.m.a.HttpEntityMethodProcessor  : Writing [com.ijse.gdse72.back_end.dto.ApiResponse@6a64c33b]
2025-09-19T12:57:43.436+05:30 DEBUG 10960 --- [Back_End] [http-nio-8080-exec-7] o.s.web.servlet.DispatcherServlet        : Completed 200 OK
2025-09-19T12:57:43.479+05:30 DEBUG 10960 --- [Back_End] [http-nio-8080-exec-8] o.s.web.servlet.DispatcherServlet        : GET "/ws-chat/875/fcpsvtez/websocket", parameters={}
2025-09-19T12:57:43.480+05:30 DEBUG 10960 --- [Back_End] [http-nio-8080-exec-8] o.s.w.s.s.s.WebSocketHandlerMapping      : Mapped to org.springframework.web.socket.sockjs.support.SockJsHttpRequestHandler@28391cc6
2025-09-19T12:57:43.480+05:30 DEBUG 10960 --- [Back_End] [http-nio-8080-exec-8] o.s.w.s.s.t.h.DefaultSockJsService       : Processing transport request: GET http://localhost:8080/ws-chat/875/fcpsvtez/websocket
2025-09-19T12:57:43.481+05:30 DEBUG 10960 --- [Back_End] [http-nio-8080-exec-8] o.s.web.servlet.DispatcherServlet        : Completed 101 SWITCHING_PROTOCOLS
2025-09-19T12:57:43.483+05:30 DEBUG 10960 --- [Back_End] [http-nio-8080-exec-8] s.w.s.h.LoggingWebSocketHandlerDecorator : New WebSocketServerSockJsSession[id=fcpsvtez]
2025-09-19T12:57:43.488+05:30 DEBUG 10960 --- [Back_End] [clientInboundChannel-62] org.springframework.web.SimpLogging      : Processing CONNECT session=fcpsvtez
2025-09-19T12:57:43.492+05:30 DEBUG 10960 --- [Back_End] [clientInboundChannel-45] org.springframework.web.SimpLogging      : Processing SUBSCRIBE destination=/topic/messages-userfcpsvtez subscriptionId=sub-0 session=fcpsvtez payload=byte[0]
2025-09-19T12:57:43.498+05:30 DEBUG 10960 --- [Back_End] [http-nio-8080-exec-1] o.s.web.servlet.DispatcherServlet        : GET "/api/classes/2/users", parameters={}
2025-09-19T12:57:43.498+05:30 DEBUG 10960 --- [Back_End] [http-nio-8080-exec-1] s.w.s.m.m.a.RequestMappingHandlerMapping : Mapped to com.ijse.gdse72.back_end.controller.ClassController#getUsersByClass(Long)
2025-09-19T12:57:43.507+05:30 DEBUG 10960 --- [Back_End] [http-nio-8080-exec-1] o.s.w.s.m.m.a.HttpEntityMethodProcessor  : Using 'application/json', given [*/*] and supported [application/json, application/*+json]
2025-09-19T12:57:43.507+05:30 DEBUG 10960 --- [Back_End] [http-nio-8080-exec-1] o.s.w.s.m.m.a.HttpEntityMethodProcessor  : Writing [com.ijse.gdse72.back_end.dto.ApiResponse@29f9cee7]
2025-09-19T12:57:43.509+05:30 DEBUG 10960 --- [Back_End] [http-nio-8080-exec-1] o.s.web.servlet.DispatcherServlet        : Completed 200 OK
2025-09-19T12:57:47.382+05:30 DEBUG 10960 --- [Back_End] [http-nio-8080-exec-3] o.s.web.servlet.DispatcherServlet        : GET "/api/classes/2", parameters={}
2025-09-19T12:57:47.383+05:30 DEBUG 10960 --- [Back_End] [http-nio-8080-exec-3] s.w.s.m.m.a.RequestMappingHandlerMapping : Mapped to com.ijse.gdse72.back_end.controller.ClassController#getClassById(Long)
2025-09-19T12:57:47.392+05:30 DEBUG 10960 --- [Back_End] [http-nio-8080-exec-3] o.s.w.s.m.m.a.HttpEntityMethodProcessor  : Using 'application/json', given [*/*] and supported [application/json, application/*+json]
2025-09-19T12:57:47.393+05:30 DEBUG 10960 --- [Back_End] [http-nio-8080-exec-3] o.s.w.s.m.m.a.HttpEntityMethodProcessor  : Writing [com.ijse.gdse72.back_end.dto.ApiResponse@615f0ce0]
2025-09-19T12:57:47.394+05:30 DEBUG 10960 --- [Back_End] [http-nio-8080-exec-3] o.s.web.servlet.DispatcherServlet        : Completed 200 OK
2025-09-19T12:57:48.655+05:30 DEBUG 10960 --- [Back_End] [MessageBroker-11] o.s.w.s.s.t.h.DefaultSockJsService       : Closed 1 sessions: [utaag5nw]
2025-09-19T12:58:00.400+05:30 DEBUG 10960 --- [Back_End] [http-nio-8080-exec-9] s.w.s.h.LoggingWebSocketHandlerDecorator : WebSocketServerSockJsSession[id=fcpsvtez] closed with CloseStatus[code=1000, reason=null]
2025-09-19T12:58:00.401+05:30 DEBUG 10960 --- [Back_End] [http-nio-8080-exec-9] o.s.w.s.m.SubProtocolWebSocketHandler    : Clearing session fcpsvtez
2025-09-19T12:58:00.402+05:30 DEBUG 10960 --- [Back_End] [clientInboundChannel-66] org.springframework.web.SimpLogging      : Processing DISCONNECT session=fcpsvtez
2025-09-19T12:58:00.404+05:30 DEBUG 10960 --- [Back_End] [clientOutboundChannel-16] o.s.w.s.m.SubProtocolWebSocketHandler    : No session for GenericMessage [payload=byte[0], headers={simpMessageType=DISCONNECT_ACK, simpDisconnectMessage=GenericMessage [payload=byte[0], headers={simpMessageType=DISCONNECT, stompCommand=DISCONNECT, simpSessionAttributes={org.springframework.messaging.simp.SimpAttributes.COMPLETED=true}, simpSessionId=fcpsvtez}], simpSessionId=fcpsvtez}]
2025-09-19T12:58:00.543+05:30 DEBUG 10960 --- [Back_End] [http-nio-8080-exec-5] o.s.web.servlet.DispatcherServlet        : GET "/ws-chat/info?t=1758266880474", parameters={masked}
2025-09-19T12:58:00.544+05:30 DEBUG 10960 --- [Back_End] [http-nio-8080-exec-5] o.s.w.s.s.s.WebSocketHandlerMapping      : Mapped to org.springframework.web.socket.sockjs.support.SockJsHttpRequestHandler@28391cc6
2025-09-19T12:58:00.545+05:30 DEBUG 10960 --- [Back_End] [http-nio-8080-exec-5] o.s.w.s.s.t.h.DefaultSockJsService       : Processing transport request: GET http://localhost:8080/ws-chat/info?t=1758266880474
2025-09-19T12:58:00.545+05:30 DEBUG 10960 --- [Back_End] [http-nio-8080-exec-5] o.s.web.servlet.DispatcherServlet        : Completed 200 OK
2025-09-19T12:58:00.563+05:30 DEBUG 10960 --- [Back_End] [http-nio-8080-exec-1] o.s.web.servlet.DispatcherServlet        : GET "/api/classes/2", parameters={}
2025-09-19T12:58:00.564+05:30 DEBUG 10960 --- [Back_End] [http-nio-8080-exec-1] s.w.s.m.m.a.RequestMappingHandlerMapping : Mapped to com.ijse.gdse72.back_end.controller.ClassController#getClassById(Long)
2025-09-19T12:58:00.576+05:30 DEBUG 10960 --- [Back_End] [http-nio-8080-exec-1] o.s.w.s.m.m.a.HttpEntityMethodProcessor  : Using 'application/json', given [*/*] and supported [application/json, application/*+json]
2025-09-19T12:58:00.577+05:30 DEBUG 10960 --- [Back_End] [http-nio-8080-exec-1] o.s.w.s.m.m.a.HttpEntityMethodProcessor  : Writing [com.ijse.gdse72.back_end.dto.ApiResponse@470bc111]
2025-09-19T12:58:00.578+05:30 DEBUG 10960 --- [Back_End] [http-nio-8080-exec-1] o.s.web.servlet.DispatcherServlet        : Completed 200 OK
2025-09-19T12:58:00.588+05:30 DEBUG 10960 --- [Back_End] [http-nio-8080-exec-10] o.s.web.servlet.DispatcherServlet        : GET "/ws-chat/088/rtlebuh1/websocket", parameters={}
2025-09-19T12:58:00.588+05:30 DEBUG 10960 --- [Back_End] [http-nio-8080-exec-10] o.s.w.s.s.s.WebSocketHandlerMapping      : Mapped to org.springframework.web.socket.sockjs.support.SockJsHttpRequestHandler@28391cc6
2025-09-19T12:58:00.589+05:30 DEBUG 10960 --- [Back_End] [http-nio-8080-exec-10] o.s.w.s.s.t.h.DefaultSockJsService       : Processing transport request: GET http://localhost:8080/ws-chat/088/rtlebuh1/websocket
2025-09-19T12:58:00.590+05:30 DEBUG 10960 --- [Back_End] [http-nio-8080-exec-10] o.s.web.servlet.DispatcherServlet        : Completed 101 SWITCHING_PROTOCOLS
2025-09-19T12:58:00.591+05:30 DEBUG 10960 --- [Back_End] [http-nio-8080-exec-2] o.s.web.servlet.DispatcherServlet        : GET "/api/classes/2", parameters={}
2025-09-19T12:58:00.591+05:30 DEBUG 10960 --- [Back_End] [http-nio-8080-exec-2] s.w.s.m.m.a.RequestMappingHandlerMapping : Mapped to com.ijse.gdse72.back_end.controller.ClassController#getClassById(Long)
2025-09-19T12:58:00.592+05:30 DEBUG 10960 --- [Back_End] [http-nio-8080-exec-10] s.w.s.h.LoggingWebSocketHandlerDecorator : New WebSocketServerSockJsSession[id=rtlebuh1]
2025-09-19T12:58:00.596+05:30 DEBUG 10960 --- [Back_End] [clientInboundChannel-69] org.springframework.web.SimpLogging      : Processing CONNECT session=rtlebuh1
2025-09-19T12:58:00.600+05:30 DEBUG 10960 --- [Back_End] [clientInboundChannel-54] org.springframework.web.SimpLogging      : Processing SUBSCRIBE destination=/topic/messages-userrtlebuh1 subscriptionId=sub-0 session=rtlebuh1 payload=byte[0]
2025-09-19T12:58:00.604+05:30 DEBUG 10960 --- [Back_End] [http-nio-8080-exec-2] o.s.w.s.m.m.a.HttpEntityMethodProcessor  : Using 'application/json', given [*/*] and supported [application/json, application/*+json]
2025-09-19T12:58:00.604+05:30 DEBUG 10960 --- [Back_End] [http-nio-8080-exec-2] o.s.w.s.m.m.a.HttpEntityMethodProcessor  : Writing [com.ijse.gdse72.back_end.dto.ApiResponse@3711b95c]
2025-09-19T12:58:00.606+05:30 DEBUG 10960 --- [Back_End] [http-nio-8080-exec-2] o.s.web.servlet.DispatcherServlet        : Completed 200 OK
2025-09-19T12:58:00.628+05:30 DEBUG 10960 --- [Back_End] [http-nio-8080-exec-9] o.s.web.servlet.DispatcherServlet        : GET "/api/classes/2/users", parameters={}
2025-09-19T12:58:00.629+05:30 DEBUG 10960 --- [Back_End] [http-nio-8080-exec-9] s.w.s.m.m.a.RequestMappingHandlerMapping : Mapped to com.ijse.gdse72.back_end.controller.ClassController#getUsersByClass(Long)
2025-09-19T12:58:00.642+05:30 DEBUG 10960 --- [Back_End] [http-nio-8080-exec-9] o.s.w.s.m.m.a.HttpEntityMethodProcessor  : Using 'application/json', given [*/*] and supported [application/json, application/*+json]
2025-09-19T12:58:00.643+05:30 DEBUG 10960 --- [Back_End] [http-nio-8080-exec-9] o.s.w.s.m.m.a.HttpEntityMethodProcessor  : Writing [com.ijse.gdse72.back_end.dto.ApiResponse@35386a2b]
2025-09-19T12:58:00.644+05:30 DEBUG 10960 --- [Back_End] [http-nio-8080-exec-9] o.s.web.servlet.DispatcherServlet        : Completed 200 OK
2025-09-19T12:58:01.407+05:30 DEBUG 10960 --- [Back_End] [http-nio-8080-exec-8] s.w.s.h.LoggingWebSocketHandlerDecorator : WebSocketServerSockJsSession[id=rtlebuh1] closed with CloseStatus[code=1000, reason=null]
2025-09-19T12:58:01.407+05:30 DEBUG 10960 --- [Back_End] [http-nio-8080-exec-8] o.s.w.s.m.SubProtocolWebSocketHandler    : Clearing session rtlebuh1
2025-09-19T12:58:01.408+05:30 DEBUG 10960 --- [Back_End] [clientInboundChannel-55] org.springframework.web.SimpLogging      : Processing DISCONNECT session=rtlebuh1
2025-09-19T12:58:01.409+05:30 DEBUG 10960 --- [Back_End] [clientOutboundChannel-18] o.s.w.s.m.SubProtocolWebSocketHandler    : No session for GenericMessage [payload=byte[0], headers={simpMessageType=DISCONNECT_ACK, simpDisconnectMessage=GenericMessage [payload=byte[0], headers={simpMessageType=DISCONNECT, stompCommand=DISCONNECT, simpSessionAttributes={org.springframework.messaging.simp.SimpAttributes.COMPLETED=true}, simpSessionId=rtlebuh1}], simpSessionId=rtlebuh1}]
2025-09-19T12:58:01.520+05:30 DEBUG 10960 --- [Back_End] [http-nio-8080-exec-5] o.s.web.servlet.DispatcherServlet        : GET "/ws-chat/info?t=1758266881459", parameters={masked}
2025-09-19T12:58:01.521+05:30 DEBUG 10960 --- [Back_End] [http-nio-8080-exec-5] o.s.w.s.s.s.WebSocketHandlerMapping      : Mapped to org.springframework.web.socket.sockjs.support.SockJsHttpRequestHandler@28391cc6
2025-09-19T12:58:01.522+05:30 DEBUG 10960 --- [Back_End] [http-nio-8080-exec-5] o.s.w.s.s.t.h.DefaultSockJsService       : Processing transport request: GET http://localhost:8080/ws-chat/info?t=1758266881459
2025-09-19T12:58:01.523+05:30 DEBUG 10960 --- [Back_End] [http-nio-8080-exec-5] o.s.web.servlet.DispatcherServlet        : Completed 200 OK
2025-09-19T12:58:01.533+05:30 DEBUG 10960 --- [Back_End] [http-nio-8080-exec-6] o.s.web.servlet.DispatcherServlet        : GET "/api/classes/2", parameters={}
2025-09-19T12:58:01.533+05:30 DEBUG 10960 --- [Back_End] [http-nio-8080-exec-6] s.w.s.m.m.a.RequestMappingHandlerMapping : Mapped to com.ijse.gdse72.back_end.controller.ClassController#getClassById(Long)
2025-09-19T12:58:01.550+05:30 DEBUG 10960 --- [Back_End] [http-nio-8080-exec-6] o.s.w.s.m.m.a.HttpEntityMethodProcessor  : Using 'application/json', given [*/*] and supported [application/json, application/*+json]
2025-09-19T12:58:01.550+05:30 DEBUG 10960 --- [Back_End] [http-nio-8080-exec-6] o.s.w.s.m.m.a.HttpEntityMethodProcessor  : Writing [com.ijse.gdse72.back_end.dto.ApiResponse@559a0845]
2025-09-19T12:58:01.552+05:30 DEBUG 10960 --- [Back_End] [http-nio-8080-exec-6] o.s.web.servlet.DispatcherServlet        : Completed 200 OK
2025-09-19T12:58:01.563+05:30 DEBUG 10960 --- [Back_End] [http-nio-8080-exec-10] o.s.web.servlet.DispatcherServlet        : GET "/ws-chat/019/30dgy1d3/websocket", parameters={}
2025-09-19T12:58:01.563+05:30 DEBUG 10960 --- [Back_End] [http-nio-8080-exec-1] o.s.web.servlet.DispatcherServlet        : GET "/api/classes/2", parameters={}
2025-09-19T12:58:01.564+05:30 DEBUG 10960 --- [Back_End] [http-nio-8080-exec-1] s.w.s.m.m.a.RequestMappingHandlerMapping : Mapped to com.ijse.gdse72.back_end.controller.ClassController#getClassById(Long)
2025-09-19T12:58:01.564+05:30 DEBUG 10960 --- [Back_End] [http-nio-8080-exec-10] o.s.w.s.s.s.WebSocketHandlerMapping      : Mapped to org.springframework.web.socket.sockjs.support.SockJsHttpRequestHandler@28391cc6
2025-09-19T12:58:01.564+05:30 DEBUG 10960 --- [Back_End] [http-nio-8080-exec-10] o.s.w.s.s.t.h.DefaultSockJsService       : Processing transport request: GET http://localhost:8080/ws-chat/019/30dgy1d3/websocket
2025-09-19T12:58:01.565+05:30 DEBUG 10960 --- [Back_End] [http-nio-8080-exec-10] o.s.web.servlet.DispatcherServlet        : Completed 101 SWITCHING_PROTOCOLS
2025-09-19T12:58:01.566+05:30 DEBUG 10960 --- [Back_End] [http-nio-8080-exec-10] s.w.s.h.LoggingWebSocketHandlerDecorator : New WebSocketServerSockJsSession[id=30dgy1d3]
2025-09-19T12:58:01.570+05:30 DEBUG 10960 --- [Back_End] [clientInboundChannel-36] org.springframework.web.SimpLogging      : Processing CONNECT session=30dgy1d3
2025-09-19T12:58:01.574+05:30 DEBUG 10960 --- [Back_End] [clientInboundChannel-58] org.springframework.web.SimpLogging      : Processing SUBSCRIBE destination=/topic/messages-user30dgy1d3 subscriptionId=sub-0 session=30dgy1d3 payload=byte[0]
2025-09-19T12:58:01.576+05:30 DEBUG 10960 --- [Back_End] [http-nio-8080-exec-1] o.s.w.s.m.m.a.HttpEntityMethodProcessor  : Using 'application/json', given [*/*] and supported [application/json, application/*+json]
2025-09-19T12:58:01.577+05:30 DEBUG 10960 --- [Back_End] [http-nio-8080-exec-1] o.s.w.s.m.m.a.HttpEntityMethodProcessor  : Writing [com.ijse.gdse72.back_end.dto.ApiResponse@d9959dc]
2025-09-19T12:58:01.578+05:30 DEBUG 10960 --- [Back_End] [http-nio-8080-exec-1] o.s.web.servlet.DispatcherServlet        : Completed 200 OK
2025-09-19T12:58:01.591+05:30 DEBUG 10960 --- [Back_End] [http-nio-8080-exec-2] o.s.web.servlet.DispatcherServlet        : GET "/api/classes/2/users", parameters={}
2025-09-19T12:58:01.591+05:30 DEBUG 10960 --- [Back_End] [http-nio-8080-exec-2] s.w.s.m.m.a.RequestMappingHandlerMapping : Mapped to com.ijse.gdse72.back_end.controller.ClassController#getUsersByClass(Long)
2025-09-19T12:58:01.599+05:30 DEBUG 10960 --- [Back_End] [http-nio-8080-exec-2] o.s.w.s.m.m.a.HttpEntityMethodProcessor  : Using 'application/json', given [*/*] and supported [application/json, application/*+json]
2025-09-19T12:58:01.599+05:30 DEBUG 10960 --- [Back_End] [http-nio-8080-exec-2] o.s.w.s.m.m.a.HttpEntityMethodProcessor  : Writing [com.ijse.gdse72.back_end.dto.ApiResponse@75b323ca]
2025-09-19T12:58:01.600+05:30 DEBUG 10960 --- [Back_End] [http-nio-8080-exec-2] o.s.web.servlet.DispatcherServlet        : Completed 200 OK
2025-09-19T12:58:08.656+05:30 DEBUG 10960 --- [Back_End] [MessageBroker-11] o.s.w.s.s.t.h.DefaultSockJsService       : Closed 2 sessions: [rtlebuh1, fcpsvtez]
2025-09-19T13:00:02.398+05:30 DEBUG 10960 --- [Back_End] [http-nio-8080-exec-6] o.s.web.servlet.DispatcherServlet        : GET "/api/classes/2", parameters={}
2025-09-19T13:00:02.398+05:30 DEBUG 10960 --- [Back_End] [http-nio-8080-exec-6] s.w.s.m.m.a.RequestMappingHandlerMapping : Mapped to com.ijse.gdse72.back_end.controller.ClassController#getClassById(Long)
2025-09-19T13:00:02.408+05:30 DEBUG 10960 --- [Back_End] [http-nio-8080-exec-6] o.s.w.s.m.m.a.HttpEntityMethodProcessor  : Using 'application/json', given [*/*] and supported [application/json, application/*+json]
2025-09-19T13:00:02.408+05:30 DEBUG 10960 --- [Back_End] [http-nio-8080-exec-6] o.s.w.s.m.m.a.HttpEntityMethodProcessor  : Writing [com.ijse.gdse72.back_end.dto.ApiResponse@99b27f6]
2025-09-19T13:00:02.409+05:30 DEBUG 10960 --- [Back_End] [http-nio-8080-exec-6] o.s.web.servlet.DispatcherServlet        : Completed 200 OK
2025-09-19T13:02:14.388+05:30 DEBUG 10960 --- [Back_End] [http-nio-8080-exec-4] s.w.s.h.LoggingWebSocketHandlerDecorator : WebSocketServerSockJsSession[id=30dgy1d3] closed with CloseStatus[code=1000, reason=null]
2025-09-19T13:02:14.388+05:30 DEBUG 10960 --- [Back_End] [http-nio-8080-exec-4] o.s.w.s.m.SubProtocolWebSocketHandler    : Clearing session 30dgy1d3
2025-09-19T13:02:14.389+05:30 DEBUG 10960 --- [Back_End] [clientInboundChannel-73] org.springframework.web.SimpLogging      : Processing DISCONNECT session=30dgy1d3
2025-09-19T13:02:14.427+05:30 DEBUG 10960 --- [Back_End] [clientOutboundChannel-20] o.s.w.s.m.SubProtocolWebSocketHandler    : No session for GenericMessage [payload=byte[0], headers={simpMessageType=DISCONNECT_ACK, simpDisconnectMessage=GenericMessage [payload=byte[0], headers={simpMessageType=DISCONNECT, stompCommand=DISCONNECT, simpSessionAttributes={org.springframework.messaging.simp.SimpAttributes.COMPLETED=true}, simpSessionId=30dgy1d3}], simpSessionId=30dgy1d3}]
2025-09-19T13:02:23.658+05:30 DEBUG 10960 --- [Back_End] [MessageBroker-4] o.s.w.s.s.t.h.DefaultSockJsService       : Closed 1 sessions: [30dgy1d3]
2025-09-19T13:03:00.037+05:30 DEBUG 10960 --- [Back_End] [http-nio-8080-exec-2] o.s.web.servlet.DispatcherServlet        : GET "/api/classes/2", parameters={}
2025-09-19T13:03:00.038+05:30 DEBUG 10960 --- [Back_End] [http-nio-8080-exec-2] s.w.s.m.m.a.RequestMappingHandlerMapping : Mapped to com.ijse.gdse72.back_end.controller.ClassController#getClassById(Long)
2025-09-19T13:03:00.039+05:30 DEBUG 10960 --- [Back_End] [http-nio-8080-exec-8] o.s.web.servlet.DispatcherServlet        : GET "/ws-chat/info?t=1758267180017", parameters={masked}
2025-09-19T13:03:00.040+05:30 DEBUG 10960 --- [Back_End] [http-nio-8080-exec-8] o.s.w.s.s.s.WebSocketHandlerMapping      : Mapped to org.springframework.web.socket.sockjs.support.SockJsHttpRequestHandler@28391cc6
2025-09-19T13:03:00.041+05:30 DEBUG 10960 --- [Back_End] [http-nio-8080-exec-8] o.s.w.s.s.t.h.DefaultSockJsService       : Processing transport request: GET http://localhost:8080/ws-chat/info?t=1758267180017
2025-09-19T13:03:00.041+05:30 DEBUG 10960 --- [Back_End] [http-nio-8080-exec-8] o.s.web.servlet.DispatcherServlet        : Completed 200 OK
2025-09-19T13:03:00.060+05:30 DEBUG 10960 --- [Back_End] [http-nio-8080-exec-7] o.s.web.servlet.DispatcherServlet        : GET "/ws-chat/717/zlgujpzj/websocket", parameters={}
2025-09-19T13:03:00.062+05:30 DEBUG 10960 --- [Back_End] [http-nio-8080-exec-2] o.s.w.s.m.m.a.HttpEntityMethodProcessor  : Using 'application/json', given [*/*] and supported [application/json, application/*+json]
2025-09-19T13:03:00.062+05:30 DEBUG 10960 --- [Back_End] [http-nio-8080-exec-7] o.s.w.s.s.s.WebSocketHandlerMapping      : Mapped to org.springframework.web.socket.sockjs.support.SockJsHttpRequestHandler@28391cc6
2025-09-19T13:03:00.063+05:30 DEBUG 10960 --- [Back_End] [http-nio-8080-exec-2] o.s.w.s.m.m.a.HttpEntityMethodProcessor  : Writing [com.ijse.gdse72.back_end.dto.ApiResponse@4195c29c]
2025-09-19T13:03:00.063+05:30 DEBUG 10960 --- [Back_End] [http-nio-8080-exec-7] o.s.w.s.s.t.h.DefaultSockJsService       : Processing transport request: GET http://localhost:8080/ws-chat/717/zlgujpzj/websocket
2025-09-19T13:03:00.065+05:30 DEBUG 10960 --- [Back_End] [http-nio-8080-exec-2] o.s.web.servlet.DispatcherServlet        : Completed 200 OK
2025-09-19T13:03:00.066+05:30 DEBUG 10960 --- [Back_End] [http-nio-8080-exec-7] o.s.web.servlet.DispatcherServlet        : Completed 101 SWITCHING_PROTOCOLS
2025-09-19T13:03:00.070+05:30 DEBUG 10960 --- [Back_End] [http-nio-8080-exec-7] s.w.s.h.LoggingWebSocketHandlerDecorator : New WebSocketServerSockJsSession[id=zlgujpzj]
2025-09-19T13:03:00.087+05:30 DEBUG 10960 --- [Back_End] [clientInboundChannel-76] org.springframework.web.SimpLogging      : Processing CONNECT session=zlgujpzj
2025-09-19T13:03:00.091+05:30 DEBUG 10960 --- [Back_End] [http-nio-8080-exec-9] o.s.web.servlet.DispatcherServlet        : GET "/api/classes/2", parameters={}
2025-09-19T13:03:00.091+05:30 DEBUG 10960 --- [Back_End] [http-nio-8080-exec-9] s.w.s.m.m.a.RequestMappingHandlerMapping : Mapped to com.ijse.gdse72.back_end.controller.ClassController#getClassById(Long)
2025-09-19T13:03:00.094+05:30 DEBUG 10960 --- [Back_End] [clientInboundChannel-80] org.springframework.web.SimpLogging      : Processing SUBSCRIBE destination=/topic/messages-userzlgujpzj subscriptionId=sub-0 session=zlgujpzj payload=byte[0]
2025-09-19T13:03:00.109+05:30 DEBUG 10960 --- [Back_End] [http-nio-8080-exec-9] o.s.w.s.m.m.a.HttpEntityMethodProcessor  : Using 'application/json', given [*/*] and supported [application/json, application/*+json]
2025-09-19T13:03:00.109+05:30 DEBUG 10960 --- [Back_End] [http-nio-8080-exec-9] o.s.w.s.m.m.a.HttpEntityMethodProcessor  : Writing [com.ijse.gdse72.back_end.dto.ApiResponse@6a4efded]
2025-09-19T13:03:00.110+05:30 DEBUG 10960 --- [Back_End] [http-nio-8080-exec-9] o.s.web.servlet.DispatcherServlet        : Completed 200 OK
2025-09-19T13:03:00.143+05:30 DEBUG 10960 --- [Back_End] [http-nio-8080-exec-4] o.s.web.servlet.DispatcherServlet        : GET "/api/classes/2/users", parameters={}
2025-09-19T13:03:00.143+05:30 DEBUG 10960 --- [Back_End] [http-nio-8080-exec-4] s.w.s.m.m.a.RequestMappingHandlerMapping : Mapped to com.ijse.gdse72.back_end.controller.ClassController#getUsersByClass(Long)
2025-09-19T13:03:00.157+05:30 DEBUG 10960 --- [Back_End] [http-nio-8080-exec-4] o.s.w.s.m.m.a.HttpEntityMethodProcessor  : Using 'application/json', given [*/*] and supported [application/json, application/*+json]
2025-09-19T13:03:00.157+05:30 DEBUG 10960 --- [Back_End] [http-nio-8080-exec-4] o.s.w.s.m.m.a.HttpEntityMethodProcessor  : Writing [com.ijse.gdse72.back_end.dto.ApiResponse@40688b26]
2025-09-19T13:03:00.158+05:30 DEBUG 10960 --- [Back_End] [http-nio-8080-exec-4] o.s.web.servlet.DispatcherServlet        : Completed 200 OK
2025-09-19T13:03:57.240+05:30 DEBUG 10960 --- [Back_End] [http-nio-8080-exec-2] s.w.s.h.LoggingWebSocketHandlerDecorator : WebSocketServerSockJsSession[id=zlgujpzj] closed with CloseStatus[code=1000, reason=null]
2025-09-19T13:03:57.240+05:30 DEBUG 10960 --- [Back_End] [http-nio-8080-exec-2] o.s.w.s.m.SubProtocolWebSocketHandler    : Clearing session zlgujpzj
2025-09-19T13:03:57.242+05:30 DEBUG 10960 --- [Back_End] [clientInboundChannel-82] org.springframework.web.SimpLogging      : Processing DISCONNECT session=zlgujpzj
2025-09-19T13:03:57.244+05:30 DEBUG 10960 --- [Back_End] [clientOutboundChannel-22] o.s.w.s.m.SubProtocolWebSocketHandler    : No session for GenericMessage [payload=byte[0], headers={simpMessageType=DISCONNECT_ACK, simpDisconnectMessage=GenericMessage [payload=byte[0], headers={simpMessageType=DISCONNECT, stompCommand=DISCONNECT, simpSessionAttributes={org.springframework.messaging.simp.SimpAttributes.COMPLETED=true}, simpSessionId=zlgujpzj}], simpSessionId=zlgujpzj}]
2025-09-19T13:03:57.506+05:30 DEBUG 10960 --- [Back_End] [http-nio-8080-exec-6] o.s.web.servlet.DispatcherServlet        : GET "/api/classes/2", parameters={}
2025-09-19T13:03:57.506+05:30 DEBUG 10960 --- [Back_End] [http-nio-8080-exec-6] s.w.s.m.m.a.RequestMappingHandlerMapping : Mapped to com.ijse.gdse72.back_end.controller.ClassController#getClassById(Long)
2025-09-19T13:03:57.518+05:30 DEBUG 10960 --- [Back_End] [http-nio-8080-exec-9] o.s.web.servlet.DispatcherServlet        : GET "/ws-chat/info?t=1758267237507", parameters={masked}
2025-09-19T13:03:57.518+05:30 DEBUG 10960 --- [Back_End] [http-nio-8080-exec-9] o.s.w.s.s.s.WebSocketHandlerMapping      : Mapped to org.springframework.web.socket.sockjs.support.SockJsHttpRequestHandler@28391cc6
2025-09-19T13:03:57.519+05:30 DEBUG 10960 --- [Back_End] [http-nio-8080-exec-9] o.s.w.s.s.t.h.DefaultSockJsService       : Processing transport request: GET http://localhost:8080/ws-chat/info?t=1758267237507
2025-09-19T13:03:57.521+05:30 DEBUG 10960 --- [Back_End] [http-nio-8080-exec-9] o.s.web.servlet.DispatcherServlet        : Completed 200 OK
2025-09-19T13:03:57.528+05:30 DEBUG 10960 --- [Back_End] [http-nio-8080-exec-6] o.s.w.s.m.m.a.HttpEntityMethodProcessor  : Using 'application/json', given [*/*] and supported [application/json, application/*+json]
2025-09-19T13:03:57.529+05:30 DEBUG 10960 --- [Back_End] [http-nio-8080-exec-6] o.s.w.s.m.m.a.HttpEntityMethodProcessor  : Writing [com.ijse.gdse72.back_end.dto.ApiResponse@4c4d97e3]
2025-09-19T13:03:57.535+05:30 DEBUG 10960 --- [Back_End] [http-nio-8080-exec-6] o.s.web.servlet.DispatcherServlet        : Completed 200 OK
2025-09-19T13:03:57.556+05:30 DEBUG 10960 --- [Back_End] [http-nio-8080-exec-10] o.s.web.servlet.DispatcherServlet        : GET "/api/classes/2", parameters={}
2025-09-19T13:03:57.557+05:30 DEBUG 10960 --- [Back_End] [http-nio-8080-exec-10] s.w.s.m.m.a.RequestMappingHandlerMapping : Mapped to com.ijse.gdse72.back_end.controller.ClassController#getClassById(Long)
2025-09-19T13:03:57.572+05:30 DEBUG 10960 --- [Back_End] [http-nio-8080-exec-4] o.s.web.servlet.DispatcherServlet        : GET "/ws-chat/606/orhpxbxd/websocket", parameters={}
2025-09-19T13:03:57.573+05:30 DEBUG 10960 --- [Back_End] [http-nio-8080-exec-4] o.s.w.s.s.s.WebSocketHandlerMapping      : Mapped to org.springframework.web.socket.sockjs.support.SockJsHttpRequestHandler@28391cc6
2025-09-19T13:03:57.574+05:30 DEBUG 10960 --- [Back_End] [http-nio-8080-exec-4] o.s.w.s.s.t.h.DefaultSockJsService       : Processing transport request: GET http://localhost:8080/ws-chat/606/orhpxbxd/websocket
2025-09-19T13:03:57.576+05:30 DEBUG 10960 --- [Back_End] [http-nio-8080-exec-4] o.s.web.servlet.DispatcherServlet        : Completed 101 SWITCHING_PROTOCOLS
2025-09-19T13:03:57.578+05:30 DEBUG 10960 --- [Back_End] [http-nio-8080-exec-4] s.w.s.h.LoggingWebSocketHandlerDecorator : New WebSocketServerSockJsSession[id=orhpxbxd]
2025-09-19T13:03:57.580+05:30 DEBUG 10960 --- [Back_End] [http-nio-8080-exec-10] o.s.w.s.m.m.a.HttpEntityMethodProcessor  : Using 'application/json', given [*/*] and supported [application/json, application/*+json]
2025-09-19T13:03:57.580+05:30 DEBUG 10960 --- [Back_End] [http-nio-8080-exec-10] o.s.w.s.m.m.a.HttpEntityMethodProcessor  : Writing [com.ijse.gdse72.back_end.dto.ApiResponse@4eee4cbd]
2025-09-19T13:03:57.583+05:30 DEBUG 10960 --- [Back_End] [http-nio-8080-exec-10] o.s.web.servlet.DispatcherServlet        : Completed 200 OK
2025-09-19T13:03:57.612+05:30 DEBUG 10960 --- [Back_End] [clientInboundChannel-85] org.springframework.web.SimpLogging      : Processing CONNECT session=orhpxbxd
2025-09-19T13:03:57.621+05:30 DEBUG 10960 --- [Back_End] [clientInboundChannel-89] org.springframework.web.SimpLogging      : Processing SUBSCRIBE destination=/topic/messages-userorhpxbxd subscriptionId=sub-0 session=orhpxbxd payload=byte[0]
2025-09-19T13:03:57.636+05:30 DEBUG 10960 --- [Back_End] [http-nio-8080-exec-2] o.s.web.servlet.DispatcherServlet        : GET "/api/classes/2/users", parameters={}
2025-09-19T13:03:57.637+05:30 DEBUG 10960 --- [Back_End] [http-nio-8080-exec-2] s.w.s.m.m.a.RequestMappingHandlerMapping : Mapped to com.ijse.gdse72.back_end.controller.ClassController#getUsersByClass(Long)
2025-09-19T13:03:57.647+05:30 DEBUG 10960 --- [Back_End] [http-nio-8080-exec-2] o.s.w.s.m.m.a.HttpEntityMethodProcessor  : Using 'application/json', given [*/*] and supported [application/json, application/*+json]
2025-09-19T13:03:57.648+05:30 DEBUG 10960 --- [Back_End] [http-nio-8080-exec-2] o.s.w.s.m.m.a.HttpEntityMethodProcessor  : Writing [com.ijse.gdse72.back_end.dto.ApiResponse@20325c93]
2025-09-19T13:03:57.650+05:30 DEBUG 10960 --- [Back_End] [http-nio-8080-exec-2] o.s.web.servlet.DispatcherServlet        : Completed 200 OK
2025-09-19T13:04:03.650+05:30 DEBUG 10960 --- [Back_End] [MessageBroker-9] o.s.w.s.s.t.h.DefaultSockJsService       : Closed 1 sessions: [zlgujpzj]
2025-09-19T13:04:24.507+05:30 DEBUG 10960 --- [Back_End] [http-nio-8080-exec-6] s.w.s.h.LoggingWebSocketHandlerDecorator : WebSocketServerSockJsSession[id=orhpxbxd] closed with CloseStatus[code=1000, reason=null]
2025-09-19T13:04:24.507+05:30 DEBUG 10960 --- [Back_End] [http-nio-8080-exec-6] o.s.w.s.m.SubProtocolWebSocketHandler    : Clearing session orhpxbxd
2025-09-19T13:04:24.509+05:30 DEBUG 10960 --- [Back_End] [clientInboundChannel-91] org.springframework.web.SimpLogging      : Processing DISCONNECT session=orhpxbxd
2025-09-19T13:04:24.512+05:30 DEBUG 10960 --- [Back_End] [clientOutboundChannel-24] o.s.w.s.m.SubProtocolWebSocketHandler    : No session for GenericMessage [payload=byte[0], headers={simpMessageType=DISCONNECT_ACK, simpDisconnectMessage=GenericMessage [payload=byte[0], headers={simpMessageType=DISCONNECT, stompCommand=DISCONNECT, simpSessionAttributes={org.springframework.messaging.simp.SimpAttributes.COMPLETED=true}, simpSessionId=orhpxbxd}], simpSessionId=orhpxbxd}]
2025-09-19T13:04:24.730+05:30 DEBUG 10960 --- [Back_End] [http-nio-8080-exec-3] o.s.web.servlet.DispatcherServlet        : GET "/api/classes/2", parameters={}
2025-09-19T13:04:24.731+05:30 DEBUG 10960 --- [Back_End] [http-nio-8080-exec-3] s.w.s.m.m.a.RequestMappingHandlerMapping : Mapped to com.ijse.gdse72.back_end.controller.ClassController#getClassById(Long)
2025-09-19T13:04:24.750+05:30 DEBUG 10960 --- [Back_End] [http-nio-8080-exec-3] o.s.w.s.m.m.a.HttpEntityMethodProcessor  : Using 'application/json', given [*/*] and supported [application/json, application/*+json]
2025-09-19T13:04:24.751+05:30 DEBUG 10960 --- [Back_End] [http-nio-8080-exec-3] o.s.w.s.m.m.a.HttpEntityMethodProcessor  : Writing [com.ijse.gdse72.back_end.dto.ApiResponse@5ea9dbf8]
2025-09-19T13:04:24.752+05:30 DEBUG 10960 --- [Back_End] [http-nio-8080-exec-3] o.s.web.servlet.DispatcherServlet        : Completed 200 OK
2025-09-19T13:04:24.769+05:30 DEBUG 10960 --- [Back_End] [http-nio-8080-exec-8] o.s.web.servlet.DispatcherServlet        : GET "/ws-chat/info?t=1758267264741", parameters={masked}
2025-09-19T13:04:24.770+05:30 DEBUG 10960 --- [Back_End] [http-nio-8080-exec-8] o.s.w.s.s.s.WebSocketHandlerMapping      : Mapped to org.springframework.web.socket.sockjs.support.SockJsHttpRequestHandler@28391cc6
2025-09-19T13:04:24.770+05:30 DEBUG 10960 --- [Back_End] [http-nio-8080-exec-8] o.s.w.s.s.t.h.DefaultSockJsService       : Processing transport request: GET http://localhost:8080/ws-chat/info?t=1758267264741
2025-09-19T13:04:24.771+05:30 DEBUG 10960 --- [Back_End] [http-nio-8080-exec-1] o.s.web.servlet.DispatcherServlet        : GET "/api/classes/2", parameters={}
2025-09-19T13:04:24.771+05:30 DEBUG 10960 --- [Back_End] [http-nio-8080-exec-8] o.s.web.servlet.DispatcherServlet        : Completed 200 OK
2025-09-19T13:04:24.771+05:30 DEBUG 10960 --- [Back_End] [http-nio-8080-exec-1] s.w.s.m.m.a.RequestMappingHandlerMapping : Mapped to com.ijse.gdse72.back_end.controller.ClassController#getClassById(Long)
2025-09-19T13:04:24.785+05:30 DEBUG 10960 --- [Back_End] [http-nio-8080-exec-1] o.s.w.s.m.m.a.HttpEntityMethodProcessor  : Using 'application/json', given [*/*] and supported [application/json, application/*+json]
2025-09-19T13:04:24.785+05:30 DEBUG 10960 --- [Back_End] [http-nio-8080-exec-1] o.s.w.s.m.m.a.HttpEntityMethodProcessor  : Writing [com.ijse.gdse72.back_end.dto.ApiResponse@71da6bfd]
2025-09-19T13:04:24.787+05:30 DEBUG 10960 --- [Back_End] [http-nio-8080-exec-1] o.s.web.servlet.DispatcherServlet        : Completed 200 OK
2025-09-19T13:04:24.796+05:30 DEBUG 10960 --- [Back_End] [http-nio-8080-exec-2] o.s.web.servlet.DispatcherServlet        : GET "/ws-chat/251/cn3qzr1x/websocket", parameters={}
2025-09-19T13:04:24.798+05:30 DEBUG 10960 --- [Back_End] [http-nio-8080-exec-2] o.s.w.s.s.s.WebSocketHandlerMapping      : Mapped to org.springframework.web.socket.sockjs.support.SockJsHttpRequestHandler@28391cc6
2025-09-19T13:04:24.798+05:30 DEBUG 10960 --- [Back_End] [http-nio-8080-exec-2] o.s.w.s.s.t.h.DefaultSockJsService       : Processing transport request: GET http://localhost:8080/ws-chat/251/cn3qzr1x/websocket
2025-09-19T13:04:24.800+05:30 DEBUG 10960 --- [Back_End] [http-nio-8080-exec-2] o.s.web.servlet.DispatcherServlet        : Completed 101 SWITCHING_PROTOCOLS
2025-09-19T13:04:24.802+05:30 DEBUG 10960 --- [Back_End] [http-nio-8080-exec-2] s.w.s.h.LoggingWebSocketHandlerDecorator : New WebSocketServerSockJsSession[id=cn3qzr1x]
2025-09-19T13:04:24.808+05:30 DEBUG 10960 --- [Back_End] [clientInboundChannel-94] org.springframework.web.SimpLogging      : Processing CONNECT session=cn3qzr1x
2025-09-19T13:04:24.814+05:30 DEBUG 10960 --- [Back_End] [clientInboundChannel-98] org.springframework.web.SimpLogging      : Processing SUBSCRIBE destination=/topic/messages-usercn3qzr1x subscriptionId=sub-0 session=cn3qzr1x payload=byte[0]
2025-09-19T13:04:24.816+05:30 DEBUG 10960 --- [Back_End] [http-nio-8080-exec-9] o.s.web.servlet.DispatcherServlet        : GET "/api/classes/2/users", parameters={}
2025-09-19T13:04:24.816+05:30 DEBUG 10960 --- [Back_End] [http-nio-8080-exec-9] s.w.s.m.m.a.RequestMappingHandlerMapping : Mapped to com.ijse.gdse72.back_end.controller.ClassController#getUsersByClass(Long)
2025-09-19T13:04:24.824+05:30 DEBUG 10960 --- [Back_End] [http-nio-8080-exec-9] o.s.w.s.m.m.a.HttpEntityMethodProcessor  : Using 'application/json', given [*/*] and supported [application/json, application/*+json]
2025-09-19T13:04:24.824+05:30 DEBUG 10960 --- [Back_End] [http-nio-8080-exec-9] o.s.w.s.m.m.a.HttpEntityMethodProcessor  : Writing [com.ijse.gdse72.back_end.dto.ApiResponse@3f5d7a12]
2025-09-19T13:04:24.825+05:30 DEBUG 10960 --- [Back_End] [http-nio-8080-exec-9] o.s.web.servlet.DispatcherServlet        : Completed 200 OK
2025-09-19T13:04:33.646+05:30 DEBUG 10960 --- [Back_End] [MessageBroker-7] o.s.w.s.s.t.h.DefaultSockJsService       : Closed 1 sessions: [orhpxbxd]
2025-09-19T13:04:52.145+05:30 DEBUG 10960 --- [Back_End] [http-nio-8080-exec-8] s.w.s.h.LoggingWebSocketHandlerDecorator : WebSocketServerSockJsSession[id=cn3qzr1x] closed with CloseStatus[code=1000, reason=null]
2025-09-19T13:04:52.146+05:30 DEBUG 10960 --- [Back_End] [http-nio-8080-exec-8] o.s.w.s.m.SubProtocolWebSocketHandler    : Clearing session cn3qzr1x
2025-09-19T13:04:52.149+05:30 DEBUG 10960 --- [Back_End] [clientInboundChannel-100] org.springframework.web.SimpLogging      : Processing DISCONNECT session=cn3qzr1x
2025-09-19T13:04:52.151+05:30 DEBUG 10960 --- [Back_End] [clientOutboundChannel-26] o.s.w.s.m.SubProtocolWebSocketHandler    : No session for GenericMessage [payload=byte[0], headers={simpMessageType=DISCONNECT_ACK, simpDisconnectMessage=GenericMessage [payload=byte[0], headers={simpMessageType=DISCONNECT, stompCommand=DISCONNECT, simpSessionAttributes={org.springframework.messaging.simp.SimpAttributes.COMPLETED=true}, simpSessionId=cn3qzr1x}], simpSessionId=cn3qzr1x}]
2025-09-19T13:04:52.393+05:30 DEBUG 10960 --- [Back_End] [http-nio-8080-exec-2] o.s.web.servlet.DispatcherServlet        : GET "/api/classes/2", parameters={}
2025-09-19T13:04:52.394+05:30 DEBUG 10960 --- [Back_End] [http-nio-8080-exec-2] s.w.s.m.m.a.RequestMappingHandlerMapping : Mapped to com.ijse.gdse72.back_end.controller.ClassController#getClassById(Long)
2025-09-19T13:04:52.417+05:30 DEBUG 10960 --- [Back_End] [http-nio-8080-exec-2] o.s.w.s.m.m.a.HttpEntityMethodProcessor  : Using 'application/json', given [*/*] and supported [application/json, application/*+json]
2025-09-19T13:04:52.417+05:30 DEBUG 10960 --- [Back_End] [http-nio-8080-exec-2] o.s.w.s.m.m.a.HttpEntityMethodProcessor  : Writing [com.ijse.gdse72.back_end.dto.ApiResponse@d5019c7]
2025-09-19T13:04:52.419+05:30 DEBUG 10960 --- [Back_End] [http-nio-8080-exec-2] o.s.web.servlet.DispatcherServlet        : Completed 200 OK
2025-09-19T13:04:52.440+05:30 DEBUG 10960 --- [Back_End] [http-nio-8080-exec-6] o.s.web.servlet.DispatcherServlet        : GET "/ws-chat/info?t=1758267292430", parameters={masked}
2025-09-19T13:04:52.442+05:30 DEBUG 10960 --- [Back_End] [http-nio-8080-exec-5] o.s.web.servlet.DispatcherServlet        : GET "/api/classes/2", parameters={}
2025-09-19T13:04:52.442+05:30 DEBUG 10960 --- [Back_End] [http-nio-8080-exec-6] o.s.w.s.s.s.WebSocketHandlerMapping      : Mapped to org.springframework.web.socket.sockjs.support.SockJsHttpRequestHandler@28391cc6
2025-09-19T13:04:52.444+05:30 DEBUG 10960 --- [Back_End] [http-nio-8080-exec-5] s.w.s.m.m.a.RequestMappingHandlerMapping : Mapped to com.ijse.gdse72.back_end.controller.ClassController#getClassById(Long)
2025-09-19T13:04:52.444+05:30 DEBUG 10960 --- [Back_End] [http-nio-8080-exec-6] o.s.w.s.s.t.h.DefaultSockJsService       : Processing transport request: GET http://localhost:8080/ws-chat/info?t=1758267292430
2025-09-19T13:04:52.445+05:30 DEBUG 10960 --- [Back_End] [http-nio-8080-exec-6] o.s.web.servlet.DispatcherServlet        : Completed 200 OK
2025-09-19T13:04:52.467+05:30 DEBUG 10960 --- [Back_End] [http-nio-8080-exec-5] o.s.w.s.m.m.a.HttpEntityMethodProcessor  : Using 'application/json', given [*/*] and supported [application/json, application/*+json]
2025-09-19T13:04:52.467+05:30 DEBUG 10960 --- [Back_End] [http-nio-8080-exec-5] o.s.w.s.m.m.a.HttpEntityMethodProcessor  : Writing [com.ijse.gdse72.back_end.dto.ApiResponse@48d54b80]
2025-09-19T13:04:52.470+05:30 DEBUG 10960 --- [Back_End] [http-nio-8080-exec-5] o.s.web.servlet.DispatcherServlet        : Completed 200 OK
2025-09-19T13:04:52.477+05:30 DEBUG 10960 --- [Back_End] [http-nio-8080-exec-9] o.s.web.servlet.DispatcherServlet        : GET "/ws-chat/428/wix5hlb2/websocket", parameters={}
2025-09-19T13:04:52.478+05:30 DEBUG 10960 --- [Back_End] [http-nio-8080-exec-9] o.s.w.s.s.s.WebSocketHandlerMapping      : Mapped to org.springframework.web.socket.sockjs.support.SockJsHttpRequestHandler@28391cc6
2025-09-19T13:04:52.480+05:30 DEBUG 10960 --- [Back_End] [http-nio-8080-exec-9] o.s.w.s.s.t.h.DefaultSockJsService       : Processing transport request: GET http://localhost:8080/ws-chat/428/wix5hlb2/websocket
2025-09-19T13:04:52.482+05:30 DEBUG 10960 --- [Back_End] [http-nio-8080-exec-9] o.s.web.servlet.DispatcherServlet        : Completed 101 SWITCHING_PROTOCOLS
2025-09-19T13:04:52.484+05:30 DEBUG 10960 --- [Back_End] [http-nio-8080-exec-9] s.w.s.h.LoggingWebSocketHandlerDecorator : New WebSocketServerSockJsSession[id=wix5hlb2]
2025-09-19T13:04:52.519+05:30 DEBUG 10960 --- [Back_End] [clientInboundChannel-103] org.springframework.web.SimpLogging      : Processing CONNECT session=wix5hlb2
2025-09-19T13:04:52.528+05:30 DEBUG 10960 --- [Back_End] [clientInboundChannel-82] org.springframework.web.SimpLogging      : Processing SUBSCRIBE destination=/topic/messages-userwix5hlb2 subscriptionId=sub-0 session=wix5hlb2 payload=byte[0]
2025-09-19T13:04:52.534+05:30 DEBUG 10960 --- [Back_End] [http-nio-8080-exec-3] o.s.web.servlet.DispatcherServlet        : GET "/api/classes/2/users", parameters={}
2025-09-19T13:04:52.534+05:30 DEBUG 10960 --- [Back_End] [http-nio-8080-exec-3] s.w.s.m.m.a.RequestMappingHandlerMapping : Mapped to com.ijse.gdse72.back_end.controller.ClassController#getUsersByClass(Long)
2025-09-19T13:04:52.551+05:30 DEBUG 10960 --- [Back_End] [http-nio-8080-exec-3] o.s.w.s.m.m.a.HttpEntityMethodProcessor  : Using 'application/json', given [*/*] and supported [application/json, application/*+json]
2025-09-19T13:04:52.552+05:30 DEBUG 10960 --- [Back_End] [http-nio-8080-exec-3] o.s.w.s.m.m.a.HttpEntityMethodProcessor  : Writing [com.ijse.gdse72.back_end.dto.ApiResponse@5c0245cc]
2025-09-19T13:04:52.553+05:30 DEBUG 10960 --- [Back_End] [http-nio-8080-exec-3] o.s.web.servlet.DispatcherServlet        : Completed 200 OK
2025-09-19T13:04:56.947+05:30 DEBUG 10960 --- [Back_End] [http-nio-8080-exec-1] o.s.web.servlet.DispatcherServlet        : GET "/api/classes/2", parameters={}
2025-09-19T13:04:56.948+05:30 DEBUG 10960 --- [Back_End] [http-nio-8080-exec-1] s.w.s.m.m.a.RequestMappingHandlerMapping : Mapped to com.ijse.gdse72.back_end.controller.ClassController#getClassById(Long)
2025-09-19T13:04:56.957+05:30 DEBUG 10960 --- [Back_End] [http-nio-8080-exec-1] o.s.w.s.m.m.a.HttpEntityMethodProcessor  : Using 'application/json', given [*/*] and supported [application/json, application/*+json]
2025-09-19T13:04:56.957+05:30 DEBUG 10960 --- [Back_End] [http-nio-8080-exec-1] o.s.w.s.m.m.a.HttpEntityMethodProcessor  : Writing [com.ijse.gdse72.back_end.dto.ApiResponse@5e9e0072]
2025-09-19T13:04:56.958+05:30 DEBUG 10960 --- [Back_End] [http-nio-8080-exec-1] o.s.web.servlet.DispatcherServlet        : Completed 200 OK
2025-09-19T13:04:58.653+05:30 DEBUG 10960 --- [Back_End] [MessageBroker-5] o.s.w.s.s.t.h.DefaultSockJsService       : Closed 1 sessions: [cn3qzr1x]
2025-09-19T13:05:10.616+05:30 DEBUG 10960 --- [Back_End] [http-nio-8080-exec-5] s.w.s.h.LoggingWebSocketHandlerDecorator : WebSocketServerSockJsSession[id=wix5hlb2] closed with CloseStatus[code=1000, reason=null]
2025-09-19T13:05:10.616+05:30 DEBUG 10960 --- [Back_End] [http-nio-8080-exec-5] o.s.w.s.m.SubProtocolWebSocketHandler    : Clearing session wix5hlb2
2025-09-19T13:05:10.618+05:30 DEBUG 10960 --- [Back_End] [clientInboundChannel-106] org.springframework.web.SimpLogging      : Processing DISCONNECT session=wix5hlb2
2025-09-19T13:05:10.619+05:30 DEBUG 10960 --- [Back_End] [clientOutboundChannel-28] o.s.w.s.m.SubProtocolWebSocketHandler    : No session for GenericMessage [payload=byte[0], headers={simpMessageType=DISCONNECT_ACK, simpDisconnectMessage=GenericMessage [payload=byte[0], headers={simpMessageType=DISCONNECT, stompCommand=DISCONNECT, simpSessionAttributes={org.springframework.messaging.simp.SimpAttributes.COMPLETED=true}, simpSessionId=wix5hlb2}], simpSessionId=wix5hlb2}]
2025-09-19T13:05:10.762+05:30 DEBUG 10960 --- [Back_End] [http-nio-8080-exec-10] o.s.web.servlet.DispatcherServlet        : GET "/ws-chat/info?t=1758267310692", parameters={masked}
2025-09-19T13:05:10.764+05:30 DEBUG 10960 --- [Back_End] [http-nio-8080-exec-10] o.s.w.s.s.s.WebSocketHandlerMapping      : Mapped to org.springframework.web.socket.sockjs.support.SockJsHttpRequestHandler@28391cc6
2025-09-19T13:05:10.765+05:30 DEBUG 10960 --- [Back_End] [http-nio-8080-exec-10] o.s.w.s.s.t.h.DefaultSockJsService       : Processing transport request: GET http://localhost:8080/ws-chat/info?t=1758267310692
2025-09-19T13:05:10.766+05:30 DEBUG 10960 --- [Back_End] [http-nio-8080-exec-10] o.s.web.servlet.DispatcherServlet        : Completed 200 OK
2025-09-19T13:05:10.797+05:30 DEBUG 10960 --- [Back_End] [http-nio-8080-exec-3] o.s.web.servlet.DispatcherServlet        : GET "/ws-chat/200/lg03fwb0/websocket", parameters={}
2025-09-19T13:05:10.797+05:30 DEBUG 10960 --- [Back_End] [http-nio-8080-exec-3] o.s.w.s.s.s.WebSocketHandlerMapping      : Mapped to org.springframework.web.socket.sockjs.support.SockJsHttpRequestHandler@28391cc6
2025-09-19T13:05:10.798+05:30 DEBUG 10960 --- [Back_End] [http-nio-8080-exec-3] o.s.w.s.s.t.h.DefaultSockJsService       : Processing transport request: GET http://localhost:8080/ws-chat/200/lg03fwb0/websocket
2025-09-19T13:05:10.799+05:30 DEBUG 10960 --- [Back_End] [http-nio-8080-exec-8] o.s.web.servlet.DispatcherServlet        : GET "/api/classes/2", parameters={}
2025-09-19T13:05:10.799+05:30 DEBUG 10960 --- [Back_End] [http-nio-8080-exec-3] o.s.web.servlet.DispatcherServlet        : Completed 101 SWITCHING_PROTOCOLS
2025-09-19T13:05:10.800+05:30 DEBUG 10960 --- [Back_End] [http-nio-8080-exec-8] s.w.s.m.m.a.RequestMappingHandlerMapping : Mapped to com.ijse.gdse72.back_end.controller.ClassController#getClassById(Long)
2025-09-19T13:05:10.801+05:30 DEBUG 10960 --- [Back_End] [http-nio-8080-exec-3] s.w.s.h.LoggingWebSocketHandlerDecorator : New WebSocketServerSockJsSession[id=lg03fwb0]
2025-09-19T13:05:10.807+05:30 DEBUG 10960 --- [Back_End] [clientInboundChannel-109] org.springframework.web.SimpLogging      : Processing CONNECT session=lg03fwb0
2025-09-19T13:05:10.811+05:30 DEBUG 10960 --- [Back_End] [clientInboundChannel-91] org.springframework.web.SimpLogging      : Processing SUBSCRIBE destination=/topic/messages-userlg03fwb0 subscriptionId=sub-0 session=lg03fwb0 payload=byte[0]
2025-09-19T13:05:10.817+05:30 DEBUG 10960 --- [Back_End] [http-nio-8080-exec-8] o.s.w.s.m.m.a.HttpEntityMethodProcessor  : Using 'application/json', given [*/*] and supported [application/json, application/*+json]
2025-09-19T13:05:10.817+05:30 DEBUG 10960 --- [Back_End] [http-nio-8080-exec-8] o.s.w.s.m.m.a.HttpEntityMethodProcessor  : Writing [com.ijse.gdse72.back_end.dto.ApiResponse@1d57f668]
2025-09-19T13:05:10.819+05:30 DEBUG 10960 --- [Back_End] [http-nio-8080-exec-8] o.s.web.servlet.DispatcherServlet        : Completed 200 OK
2025-09-19T13:05:10.839+05:30 DEBUG 10960 --- [Back_End] [http-nio-8080-exec-8] o.s.web.servlet.DispatcherServlet        : GET "/api/classes/2", parameters={}
2025-09-19T13:05:10.840+05:30 DEBUG 10960 --- [Back_End] [http-nio-8080-exec-8] s.w.s.m.m.a.RequestMappingHandlerMapping : Mapped to com.ijse.gdse72.back_end.controller.ClassController#getClassById(Long)
2025-09-19T13:05:10.857+05:30 DEBUG 10960 --- [Back_End] [http-nio-8080-exec-8] o.s.w.s.m.m.a.HttpEntityMethodProcessor  : Using 'application/json', given [*/*] and supported [application/json, application/*+json]
2025-09-19T13:05:10.857+05:30 DEBUG 10960 --- [Back_End] [http-nio-8080-exec-8] o.s.w.s.m.m.a.HttpEntityMethodProcessor  : Writing [com.ijse.gdse72.back_end.dto.ApiResponse@6008d25e]
2025-09-19T13:05:10.862+05:30 DEBUG 10960 --- [Back_End] [http-nio-8080-exec-8] o.s.web.servlet.DispatcherServlet        : Completed 200 OK
2025-09-19T13:05:10.899+05:30 DEBUG 10960 --- [Back_End] [http-nio-8080-exec-5] o.s.web.servlet.DispatcherServlet        : GET "/api/classes/2/users", parameters={}
2025-09-19T13:05:10.900+05:30 DEBUG 10960 --- [Back_End] [http-nio-8080-exec-5] s.w.s.m.m.a.RequestMappingHandlerMapping : Mapped to com.ijse.gdse72.back_end.controller.ClassController#getUsersByClass(Long)
2025-09-19T13:05:10.910+05:30 DEBUG 10960 --- [Back_End] [http-nio-8080-exec-5] o.s.w.s.m.m.a.HttpEntityMethodProcessor  : Using 'application/json', given [*/*] and supported [application/json, application/*+json]
2025-09-19T13:05:10.911+05:30 DEBUG 10960 --- [Back_End] [http-nio-8080-exec-5] o.s.w.s.m.m.a.HttpEntityMethodProcessor  : Writing [com.ijse.gdse72.back_end.dto.ApiResponse@6016ec04]
2025-09-19T13:05:10.912+05:30 DEBUG 10960 --- [Back_End] [http-nio-8080-exec-5] o.s.web.servlet.DispatcherServlet        : Completed 200 OK
2025-09-19T13:05:12.733+05:30 DEBUG 10960 --- [Back_End] [http-nio-8080-exec-9] o.s.web.servlet.DispatcherServlet        : GET "/api/classes/2", parameters={}
2025-09-19T13:05:12.734+05:30 DEBUG 10960 --- [Back_End] [http-nio-8080-exec-9] s.w.s.m.m.a.RequestMappingHandlerMapping : Mapped to com.ijse.gdse72.back_end.controller.ClassController#getClassById(Long)
2025-09-19T13:05:12.743+05:30 DEBUG 10960 --- [Back_End] [http-nio-8080-exec-9] o.s.w.s.m.m.a.HttpEntityMethodProcessor  : Using 'application/json', given [*/*] and supported [application/json, application/*+json]
2025-09-19T13:05:12.743+05:30 DEBUG 10960 --- [Back_End] [http-nio-8080-exec-9] o.s.w.s.m.m.a.HttpEntityMethodProcessor  : Writing [com.ijse.gdse72.back_end.dto.ApiResponse@2c664138]
2025-09-19T13:05:12.744+05:30 DEBUG 10960 --- [Back_End] [http-nio-8080-exec-9] o.s.web.servlet.DispatcherServlet        : Completed 200 OK
2025-09-19T13:05:18.647+05:30 DEBUG 10960 --- [Back_End] [MessageBroker-5] o.s.w.s.s.t.h.DefaultSockJsService       : Closed 1 sessions: [wix5hlb2]
2025-09-19T13:08:21.760+05:30 DEBUG 10960 --- [Back_End] [http-nio-8080-exec-1] s.w.s.h.LoggingWebSocketHandlerDecorator : WebSocketServerSockJsSession[id=lg03fwb0] closed with CloseStatus[code=1000, reason=null]
2025-09-19T13:08:21.761+05:30 DEBUG 10960 --- [Back_End] [http-nio-8080-exec-1] o.s.w.s.m.SubProtocolWebSocketHandler    : Clearing session lg03fwb0
2025-09-19T13:08:21.763+05:30 DEBUG 10960 --- [Back_End] [clientInboundChannel-112] org.springframework.web.SimpLogging      : Processing DISCONNECT session=lg03fwb0
2025-09-19T13:08:21.765+05:30 DEBUG 10960 --- [Back_End] [clientOutboundChannel-30] o.s.w.s.m.SubProtocolWebSocketHandler    : No session for GenericMessage [payload=byte[0], headers={simpMessageType=DISCONNECT_ACK, simpDisconnectMessage=GenericMessage [payload=byte[0], headers={simpMessageType=DISCONNECT, stompCommand=DISCONNECT, simpSessionAttributes={org.springframework.messaging.simp.SimpAttributes.COMPLETED=true}, simpSessionId=lg03fwb0}], simpSessionId=lg03fwb0}]
2025-09-19T13:08:21.982+05:30 DEBUG 10960 --- [Back_End] [http-nio-8080-exec-8] o.s.web.servlet.DispatcherServlet        : GET "/api/classes/2", parameters={}
2025-09-19T13:08:21.982+05:30 DEBUG 10960 --- [Back_End] [http-nio-8080-exec-8] s.w.s.m.m.a.RequestMappingHandlerMapping : Mapped to com.ijse.gdse72.back_end.controller.ClassController#getClassById(Long)
2025-09-19T13:08:21.991+05:30 DEBUG 10960 --- [Back_End] [http-nio-8080-exec-6] o.s.web.servlet.DispatcherServlet        : GET "/ws-chat/info?t=1758267501981", parameters={masked}
2025-09-19T13:08:21.992+05:30 DEBUG 10960 --- [Back_End] [http-nio-8080-exec-6] o.s.w.s.s.s.WebSocketHandlerMapping      : Mapped to org.springframework.web.socket.sockjs.support.SockJsHttpRequestHandler@28391cc6
2025-09-19T13:08:21.993+05:30 DEBUG 10960 --- [Back_End] [http-nio-8080-exec-6] o.s.w.s.s.t.h.DefaultSockJsService       : Processing transport request: GET http://localhost:8080/ws-chat/info?t=1758267501981
2025-09-19T13:08:21.994+05:30 DEBUG 10960 --- [Back_End] [http-nio-8080-exec-6] o.s.web.servlet.DispatcherServlet        : Completed 200 OK
2025-09-19T13:08:22.002+05:30 DEBUG 10960 --- [Back_End] [http-nio-8080-exec-8] o.s.w.s.m.m.a.HttpEntityMethodProcessor  : Using 'application/json', given [*/*] and supported [application/json, application/*+json]
2025-09-19T13:08:22.003+05:30 DEBUG 10960 --- [Back_End] [http-nio-8080-exec-8] o.s.w.s.m.m.a.HttpEntityMethodProcessor  : Writing [com.ijse.gdse72.back_end.dto.ApiResponse@500e52b0]
2025-09-19T13:08:22.044+05:30 DEBUG 10960 --- [Back_End] [http-nio-8080-exec-8] o.s.web.servlet.DispatcherServlet        : Completed 200 OK
2025-09-19T13:08:22.048+05:30 DEBUG 10960 --- [Back_End] [http-nio-8080-exec-9] o.s.web.servlet.DispatcherServlet        : GET "/ws-chat/841/mumfqw4f/websocket", parameters={}
2025-09-19T13:08:22.049+05:30 DEBUG 10960 --- [Back_End] [http-nio-8080-exec-9] o.s.w.s.s.s.WebSocketHandlerMapping      : Mapped to org.springframework.web.socket.sockjs.support.SockJsHttpRequestHandler@28391cc6
2025-09-19T13:08:22.052+05:30 DEBUG 10960 --- [Back_End] [http-nio-8080-exec-9] o.s.w.s.s.t.h.DefaultSockJsService       : Processing transport request: GET http://localhost:8080/ws-chat/841/mumfqw4f/websocket
2025-09-19T13:08:22.055+05:30 DEBUG 10960 --- [Back_End] [http-nio-8080-exec-9] o.s.web.servlet.DispatcherServlet        : Completed 101 SWITCHING_PROTOCOLS
2025-09-19T13:08:22.058+05:30 DEBUG 10960 --- [Back_End] [http-nio-8080-exec-9] s.w.s.h.LoggingWebSocketHandlerDecorator : New WebSocketServerSockJsSession[id=mumfqw4f]
2025-09-19T13:08:22.065+05:30 DEBUG 10960 --- [Back_End] [clientInboundChannel-115] org.springframework.web.SimpLogging      : Processing CONNECT session=mumfqw4f
2025-09-19T13:08:22.070+05:30 DEBUG 10960 --- [Back_End] [clientInboundChannel-119] org.springframework.web.SimpLogging      : Processing SUBSCRIBE destination=/topic/messages-usermumfqw4f subscriptionId=sub-0 session=mumfqw4f payload=byte[0]
2025-09-19T13:08:22.077+05:30 DEBUG 10960 --- [Back_End] [http-nio-8080-exec-5] o.s.web.servlet.DispatcherServlet        : GET "/api/classes/2", parameters={}
2025-09-19T13:08:22.078+05:30 DEBUG 10960 --- [Back_End] [http-nio-8080-exec-5] s.w.s.m.m.a.RequestMappingHandlerMapping : Mapped to com.ijse.gdse72.back_end.controller.ClassController#getClassById(Long)
2025-09-19T13:08:22.095+05:30 DEBUG 10960 --- [Back_End] [http-nio-8080-exec-5] o.s.w.s.m.m.a.HttpEntityMethodProcessor  : Using 'application/json', given [*/*] and supported [application/json, application/*+json]
2025-09-19T13:08:22.095+05:30 DEBUG 10960 --- [Back_End] [http-nio-8080-exec-5] o.s.w.s.m.m.a.HttpEntityMethodProcessor  : Writing [com.ijse.gdse72.back_end.dto.ApiResponse@2b5ba95]
2025-09-19T13:08:22.097+05:30 DEBUG 10960 --- [Back_End] [http-nio-8080-exec-5] o.s.web.servlet.DispatcherServlet        : Completed 200 OK
2025-09-19T13:08:22.125+05:30 DEBUG 10960 --- [Back_End] [http-nio-8080-exec-1] o.s.web.servlet.DispatcherServlet        : GET "/api/classes/2/users", parameters={}
2025-09-19T13:08:22.126+05:30 DEBUG 10960 --- [Back_End] [http-nio-8080-exec-1] s.w.s.m.m.a.RequestMappingHandlerMapping : Mapped to com.ijse.gdse72.back_end.controller.ClassController#getUsersByClass(Long)
2025-09-19T13:08:22.143+05:30 DEBUG 10960 --- [Back_End] [http-nio-8080-exec-1] o.s.w.s.m.m.a.HttpEntityMethodProcessor  : Using 'application/json', given [*/*] and supported [application/json, application/*+json]
2025-09-19T13:08:22.143+05:30 DEBUG 10960 --- [Back_End] [http-nio-8080-exec-1] o.s.w.s.m.m.a.HttpEntityMethodProcessor  : Writing [com.ijse.gdse72.back_end.dto.ApiResponse@677accd]
2025-09-19T13:08:22.145+05:30 DEBUG 10960 --- [Back_End] [http-nio-8080-exec-1] o.s.web.servlet.DispatcherServlet        : Completed 200 OK
2025-09-19T13:08:28.644+05:30 DEBUG 10960 --- [Back_End] [MessageBroker-1] o.s.w.s.s.t.h.DefaultSockJsService       : Closed 1 sessions: [lg03fwb0]
2025-09-19T13:08:31.746+05:30 DEBUG 10960 --- [Back_End] [http-nio-8080-exec-9] o.s.web.servlet.DispatcherServlet        : GET "/api/classes/2", parameters={}
2025-09-19T13:08:31.746+05:30 DEBUG 10960 --- [Back_End] [http-nio-8080-exec-9] s.w.s.m.m.a.RequestMappingHandlerMapping : Mapped to com.ijse.gdse72.back_end.controller.ClassController#getClassById(Long)
2025-09-19T13:08:31.760+05:30 DEBUG 10960 --- [Back_End] [http-nio-8080-exec-9] o.s.w.s.m.m.a.HttpEntityMethodProcessor  : Using 'application/json', given [*/*] and supported [application/json, application/*+json]
2025-09-19T13:08:31.761+05:30 DEBUG 10960 --- [Back_End] [http-nio-8080-exec-9] o.s.w.s.m.m.a.HttpEntityMethodProcessor  : Writing [com.ijse.gdse72.back_end.dto.ApiResponse@41ece0b4]
2025-09-19T13:08:31.762+05:30 DEBUG 10960 --- [Back_End] [http-nio-8080-exec-9] o.s.web.servlet.DispatcherServlet        : Completed 200 OK
2025-09-19T13:08:50.499+05:30 DEBUG 10960 --- [Back_End] [http-nio-8080-exec-4] s.w.s.h.LoggingWebSocketHandlerDecorator : WebSocketServerSockJsSession[id=mumfqw4f] closed with CloseStatus[code=1000, reason=null]
2025-09-19T13:08:50.499+05:30 DEBUG 10960 --- [Back_End] [http-nio-8080-exec-4] o.s.w.s.m.SubProtocolWebSocketHandler    : Clearing session mumfqw4f
2025-09-19T13:08:50.502+05:30 DEBUG 10960 --- [Back_End] [clientInboundChannel-121] org.springframework.web.SimpLogging      : Processing DISCONNECT session=mumfqw4f
2025-09-19T13:08:50.504+05:30 DEBUG 10960 --- [Back_End] [clientOutboundChannel-32] o.s.w.s.m.SubProtocolWebSocketHandler    : No session for GenericMessage [payload=byte[0], headers={simpMessageType=DISCONNECT_ACK, simpDisconnectMessage=GenericMessage [payload=byte[0], headers={simpMessageType=DISCONNECT, stompCommand=DISCONNECT, simpSessionAttributes={org.springframework.messaging.simp.SimpAttributes.COMPLETED=true}, simpSessionId=mumfqw4f}], simpSessionId=mumfqw4f}]
2025-09-19T13:08:50.715+05:30 DEBUG 10960 --- [Back_End] [http-nio-8080-exec-1] o.s.web.servlet.DispatcherServlet        : GET "/api/classes/2", parameters={}
2025-09-19T13:08:50.715+05:30 DEBUG 10960 --- [Back_End] [http-nio-8080-exec-1] s.w.s.m.m.a.RequestMappingHandlerMapping : Mapped to com.ijse.gdse72.back_end.controller.ClassController#getClassById(Long)
2025-09-19T13:08:50.730+05:30 DEBUG 10960 --- [Back_End] [http-nio-8080-exec-1] o.s.w.s.m.m.a.HttpEntityMethodProcessor  : Using 'application/json', given [*/*] and supported [application/json, application/*+json]
2025-09-19T13:08:50.731+05:30 DEBUG 10960 --- [Back_End] [http-nio-8080-exec-1] o.s.w.s.m.m.a.HttpEntityMethodProcessor  : Writing [com.ijse.gdse72.back_end.dto.ApiResponse@738bf051]
2025-09-19T13:08:50.733+05:30 DEBUG 10960 --- [Back_End] [http-nio-8080-exec-1] o.s.web.servlet.DispatcherServlet        : Completed 200 OK
2025-09-19T13:08:50.750+05:30 DEBUG 10960 --- [Back_End] [http-nio-8080-exec-2] o.s.web.servlet.DispatcherServlet        : GET "/api/classes/2", parameters={}
2025-09-19T13:08:50.750+05:30 DEBUG 10960 --- [Back_End] [http-nio-8080-exec-2] s.w.s.m.m.a.RequestMappingHandlerMapping : Mapped to com.ijse.gdse72.back_end.controller.ClassController#getClassById(Long)
2025-09-19T13:08:50.770+05:30 DEBUG 10960 --- [Back_End] [http-nio-8080-exec-2] o.s.w.s.m.m.a.HttpEntityMethodProcessor  : Using 'application/json', given [*/*] and supported [application/json, application/*+json]
2025-09-19T13:08:50.770+05:30 DEBUG 10960 --- [Back_End] [http-nio-8080-exec-2] o.s.w.s.m.m.a.HttpEntityMethodProcessor  : Writing [com.ijse.gdse72.back_end.dto.ApiResponse@5962cf2b]
2025-09-19T13:08:50.771+05:30 DEBUG 10960 --- [Back_End] [http-nio-8080-exec-7] o.s.web.servlet.DispatcherServlet        : GET "/ws-chat/info?t=1758267530731", parameters={masked}
2025-09-19T13:08:50.771+05:30 DEBUG 10960 --- [Back_End] [http-nio-8080-exec-7] o.s.w.s.s.s.WebSocketHandlerMapping      : Mapped to org.springframework.web.socket.sockjs.support.SockJsHttpRequestHandler@28391cc6
2025-09-19T13:08:50.772+05:30 DEBUG 10960 --- [Back_End] [http-nio-8080-exec-7] o.s.w.s.s.t.h.DefaultSockJsService       : Processing transport request: GET http://localhost:8080/ws-chat/info?t=1758267530731
2025-09-19T13:08:50.772+05:30 DEBUG 10960 --- [Back_End] [http-nio-8080-exec-2] o.s.web.servlet.DispatcherServlet        : Completed 200 OK
2025-09-19T13:08:50.773+05:30 DEBUG 10960 --- [Back_End] [http-nio-8080-exec-7] o.s.web.servlet.DispatcherServlet        : Completed 200 OK
2025-09-19T13:08:50.790+05:30 DEBUG 10960 --- [Back_End] [http-nio-8080-exec-6] o.s.web.servlet.DispatcherServlet        : GET "/ws-chat/746/h1jjkkr3/websocket", parameters={}
2025-09-19T13:08:50.790+05:30 DEBUG 10960 --- [Back_End] [http-nio-8080-exec-6] o.s.w.s.s.s.WebSocketHandlerMapping      : Mapped to org.springframework.web.socket.sockjs.support.SockJsHttpRequestHandler@28391cc6
2025-09-19T13:08:50.791+05:30 DEBUG 10960 --- [Back_End] [http-nio-8080-exec-6] o.s.w.s.s.t.h.DefaultSockJsService       : Processing transport request: GET http://localhost:8080/ws-chat/746/h1jjkkr3/websocket
2025-09-19T13:08:50.794+05:30 DEBUG 10960 --- [Back_End] [http-nio-8080-exec-6] o.s.web.servlet.DispatcherServlet        : Completed 101 SWITCHING_PROTOCOLS
2025-09-19T13:08:50.796+05:30 DEBUG 10960 --- [Back_End] [http-nio-8080-exec-6] s.w.s.h.LoggingWebSocketHandlerDecorator : New WebSocketServerSockJsSession[id=h1jjkkr3]
2025-09-19T13:08:50.842+05:30 DEBUG 10960 --- [Back_End] [http-nio-8080-exec-9] o.s.web.servlet.DispatcherServlet        : GET "/api/classes/2/users", parameters={}
2025-09-19T13:08:50.843+05:30 DEBUG 10960 --- [Back_End] [http-nio-8080-exec-9] s.w.s.m.m.a.RequestMappingHandlerMapping : Mapped to com.ijse.gdse72.back_end.controller.ClassController#getUsersByClass(Long)
2025-09-19T13:08:50.852+05:30 DEBUG 10960 --- [Back_End] [http-nio-8080-exec-9] o.s.w.s.m.m.a.HttpEntityMethodProcessor  : Using 'application/json', given [*/*] and supported [application/json, application/*+json]
2025-09-19T13:08:50.853+05:30 DEBUG 10960 --- [Back_End] [http-nio-8080-exec-9] o.s.w.s.m.m.a.HttpEntityMethodProcessor  : Writing [com.ijse.gdse72.back_end.dto.ApiResponse@6b7b79a8]
2025-09-19T13:08:50.854+05:30 DEBUG 10960 --- [Back_End] [http-nio-8080-exec-9] o.s.web.servlet.DispatcherServlet        : Completed 200 OK
2025-09-19T13:08:50.877+05:30 DEBUG 10960 --- [Back_End] [clientInboundChannel-124] org.springframework.web.SimpLogging      : Processing CONNECT session=h1jjkkr3
2025-09-19T13:08:50.882+05:30 DEBUG 10960 --- [Back_End] [clientInboundChannel-128] org.springframework.web.SimpLogging      : Processing SUBSCRIBE destination=/topic/messages-userh1jjkkr3 subscriptionId=sub-0 session=h1jjkkr3 payload=byte[0]
2025-09-19T13:08:56.625+05:30 DEBUG 10960 --- [Back_End] [http-nio-8080-exec-2] s.w.s.h.LoggingWebSocketHandlerDecorator : WebSocketServerSockJsSession[id=h1jjkkr3] closed with CloseStatus[code=1000, reason=null]
2025-09-19T13:08:56.625+05:30 DEBUG 10960 --- [Back_End] [http-nio-8080-exec-2] o.s.w.s.m.SubProtocolWebSocketHandler    : Clearing session h1jjkkr3
2025-09-19T13:08:56.627+05:30 DEBUG 10960 --- [Back_End] [clientInboundChannel-130] org.springframework.web.SimpLogging      : Processing DISCONNECT session=h1jjkkr3
2025-09-19T13:08:56.629+05:30 DEBUG 10960 --- [Back_End] [clientOutboundChannel-34] o.s.w.s.m.SubProtocolWebSocketHandler    : No session for GenericMessage [payload=byte[0], headers={simpMessageType=DISCONNECT_ACK, simpDisconnectMessage=GenericMessage [payload=byte[0], headers={simpMessageType=DISCONNECT, stompCommand=DISCONNECT, simpSessionAttributes={org.springframework.messaging.simp.SimpAttributes.COMPLETED=true}, simpSessionId=h1jjkkr3}], simpSessionId=h1jjkkr3}]
2025-09-19T13:08:56.837+05:30 DEBUG 10960 --- [Back_End] [http-nio-8080-exec-6] o.s.web.servlet.DispatcherServlet        : GET "/api/classes/2", parameters={}
2025-09-19T13:08:56.838+05:30 DEBUG 10960 --- [Back_End] [http-nio-8080-exec-6] s.w.s.m.m.a.RequestMappingHandlerMapping : Mapped to com.ijse.gdse72.back_end.controller.ClassController#getClassById(Long)
2025-09-19T13:08:56.849+05:30 DEBUG 10960 --- [Back_End] [http-nio-8080-exec-9] o.s.web.servlet.DispatcherServlet        : GET "/ws-chat/info?t=1758267536840", parameters={masked}
2025-09-19T13:08:56.851+05:30 DEBUG 10960 --- [Back_End] [http-nio-8080-exec-9] o.s.w.s.s.s.WebSocketHandlerMapping      : Mapped to org.springframework.web.socket.sockjs.support.SockJsHttpRequestHandler@28391cc6
2025-09-19T13:08:56.851+05:30 DEBUG 10960 --- [Back_End] [http-nio-8080-exec-9] o.s.w.s.s.t.h.DefaultSockJsService       : Processing transport request: GET http://localhost:8080/ws-chat/info?t=1758267536840
2025-09-19T13:08:56.852+05:30 DEBUG 10960 --- [Back_End] [http-nio-8080-exec-9] o.s.web.servlet.DispatcherServlet        : Completed 200 OK
2025-09-19T13:08:56.855+05:30 DEBUG 10960 --- [Back_End] [http-nio-8080-exec-6] o.s.w.s.m.m.a.HttpEntityMethodProcessor  : Using 'application/json', given [*/*] and supported [application/json, application/*+json]
2025-09-19T13:08:56.855+05:30 DEBUG 10960 --- [Back_End] [http-nio-8080-exec-6] o.s.w.s.m.m.a.HttpEntityMethodProcessor  : Writing [com.ijse.gdse72.back_end.dto.ApiResponse@46e4ad9d]
2025-09-19T13:08:56.857+05:30 DEBUG 10960 --- [Back_End] [http-nio-8080-exec-6] o.s.web.servlet.DispatcherServlet        : Completed 200 OK
2025-09-19T13:08:56.874+05:30 DEBUG 10960 --- [Back_End] [http-nio-8080-exec-10] o.s.web.servlet.DispatcherServlet        : GET "/api/classes/2", parameters={}
2025-09-19T13:08:56.875+05:30 DEBUG 10960 --- [Back_End] [http-nio-8080-exec-10] s.w.s.m.m.a.RequestMappingHandlerMapping : Mapped to com.ijse.gdse72.back_end.controller.ClassController#getClassById(Long)
2025-09-19T13:08:56.889+05:30 DEBUG 10960 --- [Back_End] [http-nio-8080-exec-10] o.s.w.s.m.m.a.HttpEntityMethodProcessor  : Using 'application/json', given [*/*] and supported [application/json, application/*+json]
2025-09-19T13:08:56.889+05:30 DEBUG 10960 --- [Back_End] [http-nio-8080-exec-10] o.s.w.s.m.m.a.HttpEntityMethodProcessor  : Writing [com.ijse.gdse72.back_end.dto.ApiResponse@8d598a]
2025-09-19T13:08:56.890+05:30 DEBUG 10960 --- [Back_End] [http-nio-8080-exec-10] o.s.web.servlet.DispatcherServlet        : Completed 200 OK
2025-09-19T13:08:56.899+05:30 DEBUG 10960 --- [Back_End] [http-nio-8080-exec-4] o.s.web.servlet.DispatcherServlet        : GET "/ws-chat/910/j2uofzgo/websocket", parameters={}
2025-09-19T13:08:56.899+05:30 DEBUG 10960 --- [Back_End] [http-nio-8080-exec-4] o.s.w.s.s.s.WebSocketHandlerMapping      : Mapped to org.springframework.web.socket.sockjs.support.SockJsHttpRequestHandler@28391cc6
2025-09-19T13:08:56.900+05:30 DEBUG 10960 --- [Back_End] [http-nio-8080-exec-4] o.s.w.s.s.t.h.DefaultSockJsService       : Processing transport request: GET http://localhost:8080/ws-chat/910/j2uofzgo/websocket
2025-09-19T13:08:56.902+05:30 DEBUG 10960 --- [Back_End] [http-nio-8080-exec-4] o.s.web.servlet.DispatcherServlet        : Completed 101 SWITCHING_PROTOCOLS
2025-09-19T13:08:56.903+05:30 DEBUG 10960 --- [Back_End] [http-nio-8080-exec-4] s.w.s.h.LoggingWebSocketHandlerDecorator : New WebSocketServerSockJsSession[id=j2uofzgo]
2025-09-19T13:08:56.921+05:30 DEBUG 10960 --- [Back_End] [clientInboundChannel-133] org.springframework.web.SimpLogging      : Processing CONNECT session=j2uofzgo
2025-09-19T13:08:56.929+05:30 DEBUG 10960 --- [Back_End] [clientInboundChannel-112] org.springframework.web.SimpLogging      : Processing SUBSCRIBE destination=/topic/messages-userj2uofzgo subscriptionId=sub-0 session=j2uofzgo payload=byte[0]
2025-09-19T13:08:56.931+05:30 DEBUG 10960 --- [Back_End] [http-nio-8080-exec-3] o.s.web.servlet.DispatcherServlet        : GET "/api/classes/2/users", parameters={}
2025-09-19T13:08:56.932+05:30 DEBUG 10960 --- [Back_End] [http-nio-8080-exec-3] s.w.s.m.m.a.RequestMappingHandlerMapping : Mapped to com.ijse.gdse72.back_end.controller.ClassController#getUsersByClass(Long)
2025-09-19T13:08:56.939+05:30 DEBUG 10960 --- [Back_End] [http-nio-8080-exec-3] o.s.w.s.m.m.a.HttpEntityMethodProcessor  : Using 'application/json', given [*/*] and supported [application/json, application/*+json]
2025-09-19T13:08:56.939+05:30 DEBUG 10960 --- [Back_End] [http-nio-8080-exec-3] o.s.w.s.m.m.a.HttpEntityMethodProcessor  : Writing [com.ijse.gdse72.back_end.dto.ApiResponse@7e1acb14]
2025-09-19T13:08:56.940+05:30 DEBUG 10960 --- [Back_End] [http-nio-8080-exec-3] o.s.web.servlet.DispatcherServlet        : Completed 200 OK
2025-09-19T13:08:58.645+05:30 DEBUG 10960 --- [Back_End] [MessageBroker-4] o.s.w.s.s.t.h.DefaultSockJsService       : Closed 1 sessions: [mumfqw4f]
2025-09-19T13:09:03.643+05:30 DEBUG 10960 --- [Back_End] [MessageBroker-4] o.s.w.s.s.t.h.DefaultSockJsService       : Closed 1 sessions: [h1jjkkr3]
2025-09-19T13:09:19.214+05:30 DEBUG 10960 --- [Back_End] [http-nio-8080-exec-6] s.w.s.h.LoggingWebSocketHandlerDecorator : WebSocketServerSockJsSession[id=j2uofzgo] closed with CloseStatus[code=1000, reason=null]
2025-09-19T13:09:19.214+05:30 DEBUG 10960 --- [Back_End] [http-nio-8080-exec-6] o.s.w.s.m.SubProtocolWebSocketHandler    : Clearing session j2uofzgo
2025-09-19T13:09:19.215+05:30 DEBUG 10960 --- [Back_End] [clientInboundChannel-116] org.springframework.web.SimpLogging      : Processing DISCONNECT session=j2uofzgo
2025-09-19T13:09:19.216+05:30 DEBUG 10960 --- [Back_End] [clientOutboundChannel-36] o.s.w.s.m.SubProtocolWebSocketHandler    : No session for GenericMessage [payload=byte[0], headers={simpMessageType=DISCONNECT_ACK, simpDisconnectMessage=GenericMessage [payload=byte[0], headers={simpMessageType=DISCONNECT, stompCommand=DISCONNECT, simpSessionAttributes={org.springframework.messaging.simp.SimpAttributes.COMPLETED=true}, simpSessionId=j2uofzgo}], simpSessionId=j2uofzgo}]
2025-09-19T13:09:19.427+05:30 DEBUG 10960 --- [Back_End] [http-nio-8080-exec-5] o.s.web.servlet.DispatcherServlet        : GET "/api/classes/2", parameters={}
2025-09-19T13:09:19.427+05:30 DEBUG 10960 --- [Back_End] [http-nio-8080-exec-5] s.w.s.m.m.a.RequestMappingHandlerMapping : Mapped to com.ijse.gdse72.back_end.controller.ClassController#getClassById(Long)
2025-09-19T13:09:19.449+05:30 DEBUG 10960 --- [Back_End] [http-nio-8080-exec-5] o.s.w.s.m.m.a.HttpEntityMethodProcessor  : Using 'application/json', given [*/*] and supported [application/json, application/*+json]
2025-09-19T13:09:19.450+05:30 DEBUG 10960 --- [Back_End] [http-nio-8080-exec-5] o.s.w.s.m.m.a.HttpEntityMethodProcessor  : Writing [com.ijse.gdse72.back_end.dto.ApiResponse@6bd8907c]
2025-09-19T13:09:19.452+05:30 DEBUG 10960 --- [Back_End] [http-nio-8080-exec-5] o.s.web.servlet.DispatcherServlet        : Completed 200 OK
2025-09-19T13:09:19.476+05:30 DEBUG 10960 --- [Back_End] [http-nio-8080-exec-1] o.s.web.servlet.DispatcherServlet        : GET "/api/classes/2", parameters={}
2025-09-19T13:09:19.477+05:30 DEBUG 10960 --- [Back_End] [http-nio-8080-exec-1] s.w.s.m.m.a.RequestMappingHandlerMapping : Mapped to com.ijse.gdse72.back_end.controller.ClassController#getClassById(Long)
2025-09-19T13:09:19.493+05:30 DEBUG 10960 --- [Back_End] [http-nio-8080-exec-2] o.s.web.servlet.DispatcherServlet        : GET "/ws-chat/info?t=1758267559444", parameters={masked}
2025-09-19T13:09:19.494+05:30 DEBUG 10960 --- [Back_End] [http-nio-8080-exec-2] o.s.w.s.s.s.WebSocketHandlerMapping      : Mapped to org.springframework.web.socket.sockjs.support.SockJsHttpRequestHandler@28391cc6
2025-09-19T13:09:19.495+05:30 DEBUG 10960 --- [Back_End] [http-nio-8080-exec-2] o.s.w.s.s.t.h.DefaultSockJsService       : Processing transport request: GET http://localhost:8080/ws-chat/info?t=1758267559444
2025-09-19T13:09:19.495+05:30 DEBUG 10960 --- [Back_End] [http-nio-8080-exec-2] o.s.web.servlet.DispatcherServlet        : Completed 200 OK
2025-09-19T13:09:19.499+05:30 DEBUG 10960 --- [Back_End] [http-nio-8080-exec-1] o.s.w.s.m.m.a.HttpEntityMethodProcessor  : Using 'application/json', given [*/*] and supported [application/json, application/*+json]
2025-09-19T13:09:19.499+05:30 DEBUG 10960 --- [Back_End] [http-nio-8080-exec-1] o.s.w.s.m.m.a.HttpEntityMethodProcessor  : Writing [com.ijse.gdse72.back_end.dto.ApiResponse@70d37d5d]
2025-09-19T13:09:19.501+05:30 DEBUG 10960 --- [Back_End] [http-nio-8080-exec-1] o.s.web.servlet.DispatcherServlet        : Completed 200 OK
2025-09-19T13:09:19.531+05:30 DEBUG 10960 --- [Back_End] [http-nio-8080-exec-3] o.s.web.servlet.DispatcherServlet        : GET "/ws-chat/322/5f4mpnko/websocket", parameters={}
2025-09-19T13:09:19.531+05:30 DEBUG 10960 --- [Back_End] [http-nio-8080-exec-3] o.s.w.s.s.s.WebSocketHandlerMapping      : Mapped to org.springframework.web.socket.sockjs.support.SockJsHttpRequestHandler@28391cc6
2025-09-19T13:09:19.532+05:30 DEBUG 10960 --- [Back_End] [http-nio-8080-exec-3] o.s.w.s.s.t.h.DefaultSockJsService       : Processing transport request: GET http://localhost:8080/ws-chat/322/5f4mpnko/websocket
2025-09-19T13:09:19.534+05:30 DEBUG 10960 --- [Back_End] [http-nio-8080-exec-3] o.s.web.servlet.DispatcherServlet        : Completed 101 SWITCHING_PROTOCOLS
2025-09-19T13:09:19.536+05:30 DEBUG 10960 --- [Back_End] [http-nio-8080-exec-3] s.w.s.h.LoggingWebSocketHandlerDecorator : New WebSocketServerSockJsSession[id=5f4mpnko]
2025-09-19T13:09:19.552+05:30 DEBUG 10960 --- [Back_End] [http-nio-8080-exec-7] o.s.web.servlet.DispatcherServlet        : GET "/api/classes/2/users", parameters={}
2025-09-19T13:09:19.553+05:30 DEBUG 10960 --- [Back_End] [http-nio-8080-exec-7] s.w.s.m.m.a.RequestMappingHandlerMapping : Mapped to com.ijse.gdse72.back_end.controller.ClassController#getUsersByClass(Long)
2025-09-19T13:09:19.562+05:30 DEBUG 10960 --- [Back_End] [http-nio-8080-exec-7] o.s.w.s.m.m.a.HttpEntityMethodProcessor  : Using 'application/json', given [*/*] and supported [application/json, application/*+json]
2025-09-19T13:09:19.563+05:30 DEBUG 10960 --- [Back_End] [http-nio-8080-exec-7] o.s.w.s.m.m.a.HttpEntityMethodProcessor  : Writing [com.ijse.gdse72.back_end.dto.ApiResponse@29d34a23]
2025-09-19T13:09:19.563+05:30 DEBUG 10960 --- [Back_End] [clientInboundChannel-118] org.springframework.web.SimpLogging      : Processing CONNECT session=5f4mpnko
2025-09-19T13:09:19.564+05:30 DEBUG 10960 --- [Back_End] [http-nio-8080-exec-7] o.s.web.servlet.DispatcherServlet        : Completed 200 OK
2025-09-19T13:09:19.572+05:30 DEBUG 10960 --- [Back_End] [clientInboundChannel-120] org.springframework.web.SimpLogging      : Processing SUBSCRIBE destination=/topic/messages-user5f4mpnko subscriptionId=sub-0 session=5f4mpnko payload=byte[0]
2025-09-19T13:09:21.459+05:30 DEBUG 10960 --- [Back_End] [http-nio-8080-exec-10] o.s.web.servlet.DispatcherServlet        : GET "/api/classes/2", parameters={}
2025-09-19T13:09:21.459+05:30 DEBUG 10960 --- [Back_End] [http-nio-8080-exec-10] s.w.s.m.m.a.RequestMappingHandlerMapping : Mapped to com.ijse.gdse72.back_end.controller.ClassController#getClassById(Long)
2025-09-19T13:09:21.465+05:30 DEBUG 10960 --- [Back_End] [http-nio-8080-exec-10] o.s.w.s.m.m.a.HttpEntityMethodProcessor  : Using 'application/json', given [*/*] and supported [application/json, application/*+json]
2025-09-19T13:09:21.466+05:30 DEBUG 10960 --- [Back_End] [http-nio-8080-exec-10] o.s.w.s.m.m.a.HttpEntityMethodProcessor  : Writing [com.ijse.gdse72.back_end.dto.ApiResponse@3e28e623]
2025-09-19T13:09:21.467+05:30 DEBUG 10960 --- [Back_End] [http-nio-8080-exec-10] o.s.web.servlet.DispatcherServlet        : Completed 200 OK
2025-09-19T13:09:28.647+05:30 DEBUG 10960 --- [Back_End] [MessageBroker-2] o.s.w.s.s.t.h.DefaultSockJsService       : Closed 1 sessions: [j2uofzgo]
2025-09-19T13:10:25.353+05:30 DEBUG 10960 --- [Back_End] [http-nio-8080-exec-1] s.w.s.h.LoggingWebSocketHandlerDecorator : WebSocketServerSockJsSession[id=5f4mpnko] closed with CloseStatus[code=1000, reason=null]
2025-09-19T13:10:25.353+05:30 DEBUG 10960 --- [Back_End] [http-nio-8080-exec-1] o.s.w.s.m.SubProtocolWebSocketHandler    : Clearing session 5f4mpnko
2025-09-19T13:10:25.356+05:30 DEBUG 10960 --- [Back_End] [clientInboundChannel-136] org.springframework.web.SimpLogging      : Processing DISCONNECT session=5f4mpnko
2025-09-19T13:10:25.358+05:30 DEBUG 10960 --- [Back_End] [clientOutboundChannel-38] o.s.w.s.m.SubProtocolWebSocketHandler    : No session for GenericMessage [payload=byte[0], headers={simpMessageType=DISCONNECT_ACK, simpDisconnectMessage=GenericMessage [payload=byte[0], headers={simpMessageType=DISCONNECT, stompCommand=DISCONNECT, simpSessionAttributes={org.springframework.messaging.simp.SimpAttributes.COMPLETED=true}, simpSessionId=5f4mpnko}], simpSessionId=5f4mpnko}]
2025-09-19T13:10:25.521+05:30 DEBUG 10960 --- [Back_End] [http-nio-8080-exec-8] o.s.web.servlet.DispatcherServlet        : GET "/ws-chat/info?t=1758267625467", parameters={masked}
2025-09-19T13:10:25.521+05:30 DEBUG 10960 --- [Back_End] [http-nio-8080-exec-8] o.s.w.s.s.s.WebSocketHandlerMapping      : Mapped to org.springframework.web.socket.sockjs.support.SockJsHttpRequestHandler@28391cc6
2025-09-19T13:10:25.522+05:30 DEBUG 10960 --- [Back_End] [http-nio-8080-exec-8] o.s.w.s.s.t.h.DefaultSockJsService       : Processing transport request: GET http://localhost:8080/ws-chat/info?t=1758267625467
2025-09-19T13:10:25.522+05:30 DEBUG 10960 --- [Back_End] [http-nio-8080-exec-8] o.s.web.servlet.DispatcherServlet        : Completed 200 OK
2025-09-19T13:10:25.536+05:30 DEBUG 10960 --- [Back_End] [http-nio-8080-exec-7] o.s.web.servlet.DispatcherServlet        : GET "/api/classes/2", parameters={}
2025-09-19T13:10:25.536+05:30 DEBUG 10960 --- [Back_End] [http-nio-8080-exec-7] s.w.s.m.m.a.RequestMappingHandlerMapping : Mapped to com.ijse.gdse72.back_end.controller.ClassController#getClassById(Long)
2025-09-19T13:10:25.547+05:30 DEBUG 10960 --- [Back_End] [http-nio-8080-exec-7] o.s.w.s.m.m.a.HttpEntityMethodProcessor  : Using 'application/json', given [*/*] and supported [application/json, application/*+json]
2025-09-19T13:10:25.547+05:30 DEBUG 10960 --- [Back_End] [http-nio-8080-exec-7] o.s.w.s.m.m.a.HttpEntityMethodProcessor  : Writing [com.ijse.gdse72.back_end.dto.ApiResponse@3102704b]
2025-09-19T13:10:25.549+05:30 DEBUG 10960 --- [Back_End] [http-nio-8080-exec-7] o.s.web.servlet.DispatcherServlet        : Completed 200 OK
2025-09-19T13:10:25.555+05:30 DEBUG 10960 --- [Back_End] [http-nio-8080-exec-10] o.s.web.servlet.DispatcherServlet        : GET "/ws-chat/002/v4ipy0nv/websocket", parameters={}
2025-09-19T13:10:25.556+05:30 DEBUG 10960 --- [Back_End] [http-nio-8080-exec-10] o.s.w.s.s.s.WebSocketHandlerMapping      : Mapped to org.springframework.web.socket.sockjs.support.SockJsHttpRequestHandler@28391cc6
2025-09-19T13:10:25.556+05:30 DEBUG 10960 --- [Back_End] [http-nio-8080-exec-10] o.s.w.s.s.t.h.DefaultSockJsService       : Processing transport request: GET http://localhost:8080/ws-chat/002/v4ipy0nv/websocket
2025-09-19T13:10:25.558+05:30 DEBUG 10960 --- [Back_End] [http-nio-8080-exec-10] o.s.web.servlet.DispatcherServlet        : Completed 101 SWITCHING_PROTOCOLS
2025-09-19T13:10:25.562+05:30 DEBUG 10960 --- [Back_End] [http-nio-8080-exec-6] o.s.web.servlet.DispatcherServlet        : GET "/api/classes/2", parameters={}
2025-09-19T13:10:25.562+05:30 DEBUG 10960 --- [Back_End] [http-nio-8080-exec-10] s.w.s.h.LoggingWebSocketHandlerDecorator : New WebSocketServerSockJsSession[id=v4ipy0nv]
2025-09-19T13:10:25.563+05:30 DEBUG 10960 --- [Back_End] [http-nio-8080-exec-6] s.w.s.m.m.a.RequestMappingHandlerMapping : Mapped to com.ijse.gdse72.back_end.controller.ClassController#getClassById(Long)
2025-09-19T13:10:25.578+05:30 DEBUG 10960 --- [Back_End] [http-nio-8080-exec-6] o.s.w.s.m.m.a.HttpEntityMethodProcessor  : Using 'application/json', given [*/*] and supported [application/json, application/*+json]
2025-09-19T13:10:25.579+05:30 DEBUG 10960 --- [Back_End] [http-nio-8080-exec-6] o.s.w.s.m.m.a.HttpEntityMethodProcessor  : Writing [com.ijse.gdse72.back_end.dto.ApiResponse@46ca92e7]
2025-09-19T13:10:25.580+05:30 DEBUG 10960 --- [Back_End] [clientInboundChannel-139] org.springframework.web.SimpLogging      : Processing CONNECT session=v4ipy0nv
2025-09-19T13:10:25.581+05:30 DEBUG 10960 --- [Back_End] [http-nio-8080-exec-6] o.s.web.servlet.DispatcherServlet        : Completed 200 OK
2025-09-19T13:10:25.587+05:30 DEBUG 10960 --- [Back_End] [clientInboundChannel-143] org.springframework.web.SimpLogging      : Processing SUBSCRIBE destination=/topic/messages-userv4ipy0nv subscriptionId=sub-0 session=v4ipy0nv payload=byte[0]
2025-09-19T13:10:25.608+05:30 DEBUG 10960 --- [Back_End] [http-nio-8080-exec-1] o.s.web.servlet.DispatcherServlet        : GET "/api/classes/2/users", parameters={}
2025-09-19T13:10:25.609+05:30 DEBUG 10960 --- [Back_End] [http-nio-8080-exec-1] s.w.s.m.m.a.RequestMappingHandlerMapping : Mapped to com.ijse.gdse72.back_end.controller.ClassController#getUsersByClass(Long)
2025-09-19T13:10:25.620+05:30 DEBUG 10960 --- [Back_End] [http-nio-8080-exec-1] o.s.w.s.m.m.a.HttpEntityMethodProcessor  : Using 'application/json', given [*/*] and supported [application/json, application/*+json]
2025-09-19T13:10:25.621+05:30 DEBUG 10960 --- [Back_End] [http-nio-8080-exec-1] o.s.w.s.m.m.a.HttpEntityMethodProcessor  : Writing [com.ijse.gdse72.back_end.dto.ApiResponse@14f5b83a]
2025-09-19T13:10:25.622+05:30 DEBUG 10960 --- [Back_End] [http-nio-8080-exec-1] o.s.web.servlet.DispatcherServlet        : Completed 200 OK
2025-09-19T13:10:27.574+05:30 DEBUG 10960 --- [Back_End] [http-nio-8080-exec-9] s.w.s.h.LoggingWebSocketHandlerDecorator : WebSocketServerSockJsSession[id=v4ipy0nv] closed with CloseStatus[code=1000, reason=null]
2025-09-19T13:10:27.575+05:30 DEBUG 10960 --- [Back_End] [http-nio-8080-exec-9] o.s.w.s.m.SubProtocolWebSocketHandler    : Clearing session v4ipy0nv
2025-09-19T13:10:27.581+05:30 DEBUG 10960 --- [Back_End] [clientInboundChannel-145] org.springframework.web.SimpLogging      : Processing DISCONNECT session=v4ipy0nv
2025-09-19T13:10:27.583+05:30 DEBUG 10960 --- [Back_End] [clientOutboundChannel-40] o.s.w.s.m.SubProtocolWebSocketHandler    : No session for GenericMessage [payload=byte[0], headers={simpMessageType=DISCONNECT_ACK, simpDisconnectMessage=GenericMessage [payload=byte[0], headers={simpMessageType=DISCONNECT, stompCommand=DISCONNECT, simpSessionAttributes={org.springframework.messaging.simp.SimpAttributes.COMPLETED=true}, simpSessionId=v4ipy0nv}], simpSessionId=v4ipy0nv}]
2025-09-19T13:10:27.652+05:30 DEBUG 10960 --- [Back_End] [http-nio-8080-exec-3] o.s.web.servlet.DispatcherServlet        : GET "/api/classes/2", parameters={}
2025-09-19T13:10:27.652+05:30 DEBUG 10960 --- [Back_End] [http-nio-8080-exec-3] s.w.s.m.m.a.RequestMappingHandlerMapping : Mapped to com.ijse.gdse72.back_end.controller.ClassController#getClassById(Long)
2025-09-19T13:10:27.665+05:30 DEBUG 10960 --- [Back_End] [http-nio-8080-exec-3] o.s.w.s.m.m.a.HttpEntityMethodProcessor  : Using 'application/json', given [*/*] and supported [application/json, application/*+json]
2025-09-19T13:10:27.665+05:30 DEBUG 10960 --- [Back_End] [http-nio-8080-exec-3] o.s.w.s.m.m.a.HttpEntityMethodProcessor  : Writing [com.ijse.gdse72.back_end.dto.ApiResponse@4189bb03]
2025-09-19T13:10:27.667+05:30 DEBUG 10960 --- [Back_End] [http-nio-8080-exec-3] o.s.web.servlet.DispatcherServlet        : Completed 200 OK
2025-09-19T13:10:27.683+05:30 DEBUG 10960 --- [Back_End] [http-nio-8080-exec-8] o.s.web.servlet.DispatcherServlet        : GET "/api/classes/2", parameters={}
2025-09-19T13:10:27.684+05:30 DEBUG 10960 --- [Back_End] [http-nio-8080-exec-8] s.w.s.m.m.a.RequestMappingHandlerMapping : Mapped to com.ijse.gdse72.back_end.controller.ClassController#getClassById(Long)
2025-09-19T13:10:27.699+05:30 DEBUG 10960 --- [Back_End] [http-nio-8080-exec-8] o.s.w.s.m.m.a.HttpEntityMethodProcessor  : Using 'application/json', given [*/*] and supported [application/json, application/*+json]
2025-09-19T13:10:27.700+05:30 DEBUG 10960 --- [Back_End] [http-nio-8080-exec-8] o.s.w.s.m.m.a.HttpEntityMethodProcessor  : Writing [com.ijse.gdse72.back_end.dto.ApiResponse@18d180dc]
2025-09-19T13:10:27.701+05:30 DEBUG 10960 --- [Back_End] [http-nio-8080-exec-8] o.s.web.servlet.DispatcherServlet        : Completed 200 OK
2025-09-19T13:10:27.712+05:30 DEBUG 10960 --- [Back_End] [http-nio-8080-exec-7] o.s.web.servlet.DispatcherServlet        : GET "/ws-chat/info?t=1758267627643", parameters={masked}
2025-09-19T13:10:27.713+05:30 DEBUG 10960 --- [Back_End] [http-nio-8080-exec-7] o.s.w.s.s.s.WebSocketHandlerMapping      : Mapped to org.springframework.web.socket.sockjs.support.SockJsHttpRequestHandler@28391cc6
2025-09-19T13:10:27.714+05:30 DEBUG 10960 --- [Back_End] [http-nio-8080-exec-7] o.s.w.s.s.t.h.DefaultSockJsService       : Processing transport request: GET http://localhost:8080/ws-chat/info?t=1758267627643
2025-09-19T13:10:27.715+05:30 DEBUG 10960 --- [Back_End] [http-nio-8080-exec-7] o.s.web.servlet.DispatcherServlet        : Completed 200 OK
2025-09-19T13:10:27.749+05:30 DEBUG 10960 --- [Back_End] [http-nio-8080-exec-2] o.s.web.servlet.DispatcherServlet        : GET "/ws-chat/104/emvb0ou3/websocket", parameters={}
2025-09-19T13:10:27.749+05:30 DEBUG 10960 --- [Back_End] [http-nio-8080-exec-2] o.s.w.s.s.s.WebSocketHandlerMapping      : Mapped to org.springframework.web.socket.sockjs.support.SockJsHttpRequestHandler@28391cc6
2025-09-19T13:10:27.750+05:30 DEBUG 10960 --- [Back_End] [http-nio-8080-exec-2] o.s.w.s.s.t.h.DefaultSockJsService       : Processing transport request: GET http://localhost:8080/ws-chat/104/emvb0ou3/websocket
2025-09-19T13:10:27.751+05:30 DEBUG 10960 --- [Back_End] [http-nio-8080-exec-2] o.s.web.servlet.DispatcherServlet        : Completed 101 SWITCHING_PROTOCOLS
2025-09-19T13:10:27.752+05:30 DEBUG 10960 --- [Back_End] [http-nio-8080-exec-2] s.w.s.h.LoggingWebSocketHandlerDecorator : New WebSocketServerSockJsSession[id=emvb0ou3]
2025-09-19T13:10:27.755+05:30 DEBUG 10960 --- [Back_End] [clientInboundChannel-148] org.springframework.web.SimpLogging      : Processing CONNECT session=emvb0ou3
2025-09-19T13:10:27.760+05:30 DEBUG 10960 --- [Back_End] [clientInboundChannel-152] org.springframework.web.SimpLogging      : Processing SUBSCRIBE destination=/topic/messages-useremvb0ou3 subscriptionId=sub-0 session=emvb0ou3 payload=byte[0]
2025-09-19T13:10:27.761+05:30 DEBUG 10960 --- [Back_End] [http-nio-8080-exec-10] o.s.web.servlet.DispatcherServlet        : GET "/api/classes/2/users", parameters={}
2025-09-19T13:10:27.762+05:30 DEBUG 10960 --- [Back_End] [http-nio-8080-exec-10] s.w.s.m.m.a.RequestMappingHandlerMapping : Mapped to com.ijse.gdse72.back_end.controller.ClassController#getUsersByClass(Long)
2025-09-19T13:10:27.769+05:30 DEBUG 10960 --- [Back_End] [http-nio-8080-exec-10] o.s.w.s.m.m.a.HttpEntityMethodProcessor  : Using 'application/json', given [*/*] and supported [application/json, application/*+json]
2025-09-19T13:10:27.769+05:30 DEBUG 10960 --- [Back_End] [http-nio-8080-exec-10] o.s.w.s.m.m.a.HttpEntityMethodProcessor  : Writing [com.ijse.gdse72.back_end.dto.ApiResponse@7afc3270]
2025-09-19T13:10:27.770+05:30 DEBUG 10960 --- [Back_End] [http-nio-8080-exec-10] o.s.web.servlet.DispatcherServlet        : Completed 200 OK
2025-09-19T13:10:28.600+05:30 DEBUG 10960 --- [Back_End] [http-nio-8080-exec-5] s.w.s.h.LoggingWebSocketHandlerDecorator : WebSocketServerSockJsSession[id=emvb0ou3] closed with CloseStatus[code=1000, reason=null]
2025-09-19T13:10:28.600+05:30 DEBUG 10960 --- [Back_End] [http-nio-8080-exec-5] o.s.w.s.m.SubProtocolWebSocketHandler    : Clearing session emvb0ou3
2025-09-19T13:10:28.602+05:30 DEBUG 10960 --- [Back_End] [clientInboundChannel-154] org.springframework.web.SimpLogging      : Processing DISCONNECT session=emvb0ou3
2025-09-19T13:10:28.603+05:30 DEBUG 10960 --- [Back_End] [clientOutboundChannel-42] o.s.w.s.m.SubProtocolWebSocketHandler    : No session for GenericMessage [payload=byte[0], headers={simpMessageType=DISCONNECT_ACK, simpDisconnectMessage=GenericMessage [payload=byte[0], headers={simpMessageType=DISCONNECT, stompCommand=DISCONNECT, simpSessionAttributes={org.springframework.messaging.simp.SimpAttributes.COMPLETED=true}, simpSessionId=emvb0ou3}], simpSessionId=emvb0ou3}]
2025-09-19T13:10:28.708+05:30 DEBUG 10960 --- [Back_End] [http-nio-8080-exec-1] o.s.web.servlet.DispatcherServlet        : GET "/api/classes/2", parameters={}
2025-09-19T13:10:28.709+05:30 DEBUG 10960 --- [Back_End] [http-nio-8080-exec-1] s.w.s.m.m.a.RequestMappingHandlerMapping : Mapped to com.ijse.gdse72.back_end.controller.ClassController#getClassById(Long)
2025-09-19T13:10:28.721+05:30 DEBUG 10960 --- [Back_End] [http-nio-8080-exec-9] o.s.web.servlet.DispatcherServlet        : GET "/ws-chat/info?t=1758267628660", parameters={masked}
2025-09-19T13:10:28.721+05:30 DEBUG 10960 --- [Back_End] [http-nio-8080-exec-9] o.s.w.s.s.s.WebSocketHandlerMapping      : Mapped to org.springframework.web.socket.sockjs.support.SockJsHttpRequestHandler@28391cc6
2025-09-19T13:10:28.721+05:30 DEBUG 10960 --- [Back_End] [http-nio-8080-exec-9] o.s.w.s.s.t.h.DefaultSockJsService       : Processing transport request: GET http://localhost:8080/ws-chat/info?t=1758267628660
2025-09-19T13:10:28.722+05:30 DEBUG 10960 --- [Back_End] [http-nio-8080-exec-9] o.s.web.servlet.DispatcherServlet        : Completed 200 OK
2025-09-19T13:10:28.727+05:30 DEBUG 10960 --- [Back_End] [http-nio-8080-exec-1] o.s.w.s.m.m.a.HttpEntityMethodProcessor  : Using 'application/json', given [*/*] and supported [application/json, application/*+json]
2025-09-19T13:10:28.727+05:30 DEBUG 10960 --- [Back_End] [http-nio-8080-exec-1] o.s.w.s.m.m.a.HttpEntityMethodProcessor  : Writing [com.ijse.gdse72.back_end.dto.ApiResponse@218159b5]
2025-09-19T13:10:28.729+05:30 DEBUG 10960 --- [Back_End] [http-nio-8080-exec-1] o.s.web.servlet.DispatcherServlet        : Completed 200 OK
2025-09-19T13:10:28.740+05:30 DEBUG 10960 --- [Back_End] [http-nio-8080-exec-3] o.s.web.servlet.DispatcherServlet        : GET "/api/classes/2", parameters={}
2025-09-19T13:10:28.741+05:30 DEBUG 10960 --- [Back_End] [http-nio-8080-exec-3] s.w.s.m.m.a.RequestMappingHandlerMapping : Mapped to com.ijse.gdse72.back_end.controller.ClassController#getClassById(Long)
2025-09-19T13:10:28.754+05:30 DEBUG 10960 --- [Back_End] [http-nio-8080-exec-3] o.s.w.s.m.m.a.HttpEntityMethodProcessor  : Using 'application/json', given [*/*] and supported [application/json, application/*+json]
2025-09-19T13:10:28.755+05:30 DEBUG 10960 --- [Back_End] [http-nio-8080-exec-3] o.s.w.s.m.m.a.HttpEntityMethodProcessor  : Writing [com.ijse.gdse72.back_end.dto.ApiResponse@5d72575f]
2025-09-19T13:10:28.757+05:30 DEBUG 10960 --- [Back_End] [http-nio-8080-exec-3] o.s.web.servlet.DispatcherServlet        : Completed 200 OK
2025-09-19T13:10:28.759+05:30 DEBUG 10960 --- [Back_End] [http-nio-8080-exec-8] o.s.web.servlet.DispatcherServlet        : GET "/ws-chat/482/firejuzr/websocket", parameters={}
2025-09-19T13:10:28.760+05:30 DEBUG 10960 --- [Back_End] [http-nio-8080-exec-8] o.s.w.s.s.s.WebSocketHandlerMapping      : Mapped to org.springframework.web.socket.sockjs.support.SockJsHttpRequestHandler@28391cc6
2025-09-19T13:10:28.760+05:30 DEBUG 10960 --- [Back_End] [http-nio-8080-exec-8] o.s.w.s.s.t.h.DefaultSockJsService       : Processing transport request: GET http://localhost:8080/ws-chat/482/firejuzr/websocket
2025-09-19T13:10:28.762+05:30 DEBUG 10960 --- [Back_End] [http-nio-8080-exec-8] o.s.web.servlet.DispatcherServlet        : Completed 101 SWITCHING_PROTOCOLS
2025-09-19T13:10:28.765+05:30 DEBUG 10960 --- [Back_End] [http-nio-8080-exec-8] s.w.s.h.LoggingWebSocketHandlerDecorator : New WebSocketServerSockJsSession[id=firejuzr]
2025-09-19T13:10:28.771+05:30 DEBUG 10960 --- [Back_End] [clientInboundChannel-157] org.springframework.web.SimpLogging      : Processing CONNECT session=firejuzr
2025-09-19T13:10:28.774+05:30 DEBUG 10960 --- [Back_End] [clientInboundChannel-135] org.springframework.web.SimpLogging      : Processing SUBSCRIBE destination=/topic/messages-userfirejuzr subscriptionId=sub-0 session=firejuzr payload=byte[0]
2025-09-19T13:10:28.776+05:30 DEBUG 10960 --- [Back_End] [http-nio-8080-exec-7] o.s.web.servlet.DispatcherServlet        : GET "/api/classes/2/users", parameters={}
2025-09-19T13:10:28.777+05:30 DEBUG 10960 --- [Back_End] [http-nio-8080-exec-7] s.w.s.m.m.a.RequestMappingHandlerMapping : Mapped to com.ijse.gdse72.back_end.controller.ClassController#getUsersByClass(Long)
2025-09-19T13:10:28.787+05:30 DEBUG 10960 --- [Back_End] [http-nio-8080-exec-7] o.s.w.s.m.m.a.HttpEntityMethodProcessor  : Using 'application/json', given [*/*] and supported [application/json, application/*+json]
2025-09-19T13:10:28.787+05:30 DEBUG 10960 --- [Back_End] [http-nio-8080-exec-7] o.s.w.s.m.m.a.HttpEntityMethodProcessor  : Writing [com.ijse.gdse72.back_end.dto.ApiResponse@7aea985e]
2025-09-19T13:10:28.789+05:30 DEBUG 10960 --- [Back_End] [http-nio-8080-exec-7] o.s.web.servlet.DispatcherServlet        : Completed 200 OK
2025-09-19T13:10:33.655+05:30 DEBUG 10960 --- [Back_End] [MessageBroker-4] o.s.w.s.s.t.h.DefaultSockJsService       : Closed 3 sessions: [5f4mpnko, emvb0ou3, v4ipy0nv]
2025-09-19T13:10:46.497+05:30 DEBUG 10960 --- [Back_End] [http-nio-8080-exec-9] s.w.s.h.LoggingWebSocketHandlerDecorator : WebSocketServerSockJsSession[id=firejuzr] closed with CloseStatus[code=1000, reason=null]
2025-09-19T13:10:46.497+05:30 DEBUG 10960 --- [Back_End] [http-nio-8080-exec-9] o.s.w.s.m.SubProtocolWebSocketHandler    : Clearing session firejuzr
2025-09-19T13:10:46.499+05:30 DEBUG 10960 --- [Back_End] [clientInboundChannel-140] org.springframework.web.SimpLogging      : Processing DISCONNECT session=firejuzr
2025-09-19T13:10:46.502+05:30 DEBUG 10960 --- [Back_End] [clientOutboundChannel-44] o.s.w.s.m.SubProtocolWebSocketHandler    : No session for GenericMessage [payload=byte[0], headers={simpMessageType=DISCONNECT_ACK, simpDisconnectMessage=GenericMessage [payload=byte[0], headers={simpMessageType=DISCONNECT, stompCommand=DISCONNECT, simpSessionAttributes={org.springframework.messaging.simp.SimpAttributes.COMPLETED=true}, simpSessionId=firejuzr}], simpSessionId=firejuzr}]
2025-09-19T13:10:46.639+05:30 DEBUG 10960 --- [Back_End] [http-nio-8080-exec-8] o.s.web.servlet.DispatcherServlet        : GET "/ws-chat/info?t=1758267646565", parameters={masked}
2025-09-19T13:10:46.640+05:30 DEBUG 10960 --- [Back_End] [http-nio-8080-exec-8] o.s.w.s.s.s.WebSocketHandlerMapping      : Mapped to org.springframework.web.socket.sockjs.support.SockJsHttpRequestHandler@28391cc6
2025-09-19T13:10:46.641+05:30 DEBUG 10960 --- [Back_End] [http-nio-8080-exec-8] o.s.w.s.s.t.h.DefaultSockJsService       : Processing transport request: GET http://localhost:8080/ws-chat/info?t=1758267646565
2025-09-19T13:10:46.642+05:30 DEBUG 10960 --- [Back_End] [http-nio-8080-exec-8] o.s.web.servlet.DispatcherServlet        : Completed 200 OK
2025-09-19T13:10:46.654+05:30 DEBUG 10960 --- [Back_End] [http-nio-8080-exec-2] o.s.web.servlet.DispatcherServlet        : GET "/api/classes/2", parameters={}
2025-09-19T13:10:46.655+05:30 DEBUG 10960 --- [Back_End] [http-nio-8080-exec-2] s.w.s.m.m.a.RequestMappingHandlerMapping : Mapped to com.ijse.gdse72.back_end.controller.ClassController#getClassById(Long)
2025-09-19T13:10:46.666+05:30 DEBUG 10960 --- [Back_End] [http-nio-8080-exec-2] o.s.w.s.m.m.a.HttpEntityMethodProcessor  : Using 'application/json', given [*/*] and supported [application/json, application/*+json]
2025-09-19T13:10:46.666+05:30 DEBUG 10960 --- [Back_End] [http-nio-8080-exec-2] o.s.w.s.m.m.a.HttpEntityMethodProcessor  : Writing [com.ijse.gdse72.back_end.dto.ApiResponse@69c4c836]
2025-09-19T13:10:46.668+05:30 DEBUG 10960 --- [Back_End] [http-nio-8080-exec-2] o.s.web.servlet.DispatcherServlet        : Completed 200 OK
2025-09-19T13:10:46.678+05:30 DEBUG 10960 --- [Back_End] [http-nio-8080-exec-7] o.s.web.servlet.DispatcherServlet        : GET "/ws-chat/059/btobcacf/websocket", parameters={}
2025-09-19T13:10:46.678+05:30 DEBUG 10960 --- [Back_End] [http-nio-8080-exec-7] o.s.w.s.s.s.WebSocketHandlerMapping      : Mapped to org.springframework.web.socket.sockjs.support.SockJsHttpRequestHandler@28391cc6
2025-09-19T13:10:46.679+05:30 DEBUG 10960 --- [Back_End] [http-nio-8080-exec-7] o.s.w.s.s.t.h.DefaultSockJsService       : Processing transport request: GET http://localhost:8080/ws-chat/059/btobcacf/websocket
2025-09-19T13:10:46.680+05:30 DEBUG 10960 --- [Back_End] [http-nio-8080-exec-7] o.s.web.servlet.DispatcherServlet        : Completed 101 SWITCHING_PROTOCOLS
2025-09-19T13:10:46.682+05:30 DEBUG 10960 --- [Back_End] [http-nio-8080-exec-4] o.s.web.servlet.DispatcherServlet        : GET "/api/classes/2", parameters={}
2025-09-19T13:10:46.682+05:30 DEBUG 10960 --- [Back_End] [http-nio-8080-exec-4] s.w.s.m.m.a.RequestMappingHandlerMapping : Mapped to com.ijse.gdse72.back_end.controller.ClassController#getClassById(Long)
2025-09-19T13:10:46.683+05:30 DEBUG 10960 --- [Back_End] [http-nio-8080-exec-7] s.w.s.h.LoggingWebSocketHandlerDecorator : New WebSocketServerSockJsSession[id=btobcacf]
2025-09-19T13:10:46.687+05:30 DEBUG 10960 --- [Back_End] [clientInboundChannel-142] org.springframework.web.SimpLogging      : Processing CONNECT session=btobcacf
2025-09-19T13:10:46.691+05:30 DEBUG 10960 --- [Back_End] [clientInboundChannel-144] org.springframework.web.SimpLogging      : Processing SUBSCRIBE destination=/topic/messages-userbtobcacf subscriptionId=sub-0 session=btobcacf payload=byte[0]
2025-09-19T13:10:46.696+05:30 DEBUG 10960 --- [Back_End] [http-nio-8080-exec-4] o.s.w.s.m.m.a.HttpEntityMethodProcessor  : Using 'application/json', given [*/*] and supported [application/json, application/*+json]
2025-09-19T13:10:46.696+05:30 DEBUG 10960 --- [Back_End] [http-nio-8080-exec-4] o.s.w.s.m.m.a.HttpEntityMethodProcessor  : Writing [com.ijse.gdse72.back_end.dto.ApiResponse@6234ed74]
2025-09-19T13:10:46.697+05:30 DEBUG 10960 --- [Back_End] [http-nio-8080-exec-4] o.s.web.servlet.DispatcherServlet        : Completed 200 OK
2025-09-19T13:10:46.717+05:30 DEBUG 10960 --- [Back_End] [http-nio-8080-exec-9] o.s.web.servlet.DispatcherServlet        : GET "/api/classes/2/users", parameters={}
2025-09-19T13:10:46.717+05:30 DEBUG 10960 --- [Back_End] [http-nio-8080-exec-9] s.w.s.m.m.a.RequestMappingHandlerMapping : Mapped to com.ijse.gdse72.back_end.controller.ClassController#getUsersByClass(Long)
2025-09-19T13:10:46.726+05:30 DEBUG 10960 --- [Back_End] [http-nio-8080-exec-9] o.s.w.s.m.m.a.HttpEntityMethodProcessor  : Using 'application/json', given [*/*] and supported [application/json, application/*+json]
2025-09-19T13:10:46.726+05:30 DEBUG 10960 --- [Back_End] [http-nio-8080-exec-9] o.s.w.s.m.m.a.HttpEntityMethodProcessor  : Writing [com.ijse.gdse72.back_end.dto.ApiResponse@2eadcdac]
2025-09-19T13:10:46.727+05:30 DEBUG 10960 --- [Back_End] [http-nio-8080-exec-9] o.s.web.servlet.DispatcherServlet        : Completed 200 OK
2025-09-19T13:10:50.246+05:30 DEBUG 10960 --- [Back_End] [http-nio-8080-exec-1] s.w.s.h.LoggingWebSocketHandlerDecorator : WebSocketServerSockJsSession[id=btobcacf] closed with CloseStatus[code=1000, reason=null]
2025-09-19T13:10:50.246+05:30 DEBUG 10960 --- [Back_End] [http-nio-8080-exec-1] o.s.w.s.m.SubProtocolWebSocketHandler    : Clearing session btobcacf
2025-09-19T13:10:50.247+05:30 DEBUG 10960 --- [Back_End] [clientInboundChannel-149] org.springframework.web.SimpLogging      : Processing DISCONNECT session=btobcacf
2025-09-19T13:10:50.249+05:30 DEBUG 10960 --- [Back_End] [clientOutboundChannel-46] o.s.w.s.m.SubProtocolWebSocketHandler    : No session for GenericMessage [payload=byte[0], headers={simpMessageType=DISCONNECT_ACK, simpDisconnectMessage=GenericMessage [payload=byte[0], headers={simpMessageType=DISCONNECT, stompCommand=DISCONNECT, simpSessionAttributes={org.springframework.messaging.simp.SimpAttributes.COMPLETED=true}, simpSessionId=btobcacf}], simpSessionId=btobcacf}]
2025-09-19T13:10:50.333+05:30 DEBUG 10960 --- [Back_End] [http-nio-8080-exec-3] o.s.web.servlet.DispatcherServlet        : GET "/api/classes/2", parameters={}
2025-09-19T13:10:50.333+05:30 DEBUG 10960 --- [Back_End] [http-nio-8080-exec-3] s.w.s.m.m.a.RequestMappingHandlerMapping : Mapped to com.ijse.gdse72.back_end.controller.ClassController#getClassById(Long)
2025-09-19T13:10:50.352+05:30 DEBUG 10960 --- [Back_End] [http-nio-8080-exec-3] o.s.w.s.m.m.a.HttpEntityMethodProcessor  : Using 'application/json', given [*/*] and supported [application/json, application/*+json]
2025-09-19T13:10:50.352+05:30 DEBUG 10960 --- [Back_End] [http-nio-8080-exec-3] o.s.w.s.m.m.a.HttpEntityMethodProcessor  : Writing [com.ijse.gdse72.back_end.dto.ApiResponse@741430d6]
2025-09-19T13:10:50.355+05:30 DEBUG 10960 --- [Back_End] [http-nio-8080-exec-3] o.s.web.servlet.DispatcherServlet        : Completed 200 OK
2025-09-19T13:10:50.372+05:30 DEBUG 10960 --- [Back_End] [http-nio-8080-exec-8] o.s.web.servlet.DispatcherServlet        : GET "/api/classes/2", parameters={}
2025-09-19T13:10:50.372+05:30 DEBUG 10960 --- [Back_End] [http-nio-8080-exec-2] o.s.web.servlet.DispatcherServlet        : GET "/ws-chat/info?t=1758267650305", parameters={masked}
2025-09-19T13:10:50.373+05:30 DEBUG 10960 --- [Back_End] [http-nio-8080-exec-8] s.w.s.m.m.a.RequestMappingHandlerMapping : Mapped to com.ijse.gdse72.back_end.controller.ClassController#getClassById(Long)
2025-09-19T13:10:50.373+05:30 DEBUG 10960 --- [Back_End] [http-nio-8080-exec-2] o.s.w.s.s.s.WebSocketHandlerMapping      : Mapped to org.springframework.web.socket.sockjs.support.SockJsHttpRequestHandler@28391cc6
2025-09-19T13:10:50.373+05:30 DEBUG 10960 --- [Back_End] [http-nio-8080-exec-2] o.s.w.s.s.t.h.DefaultSockJsService       : Processing transport request: GET http://localhost:8080/ws-chat/info?t=1758267650305
2025-09-19T13:10:50.374+05:30 DEBUG 10960 --- [Back_End] [http-nio-8080-exec-2] o.s.web.servlet.DispatcherServlet        : Completed 200 OK
2025-09-19T13:10:50.395+05:30 DEBUG 10960 --- [Back_End] [http-nio-8080-exec-8] o.s.w.s.m.m.a.HttpEntityMethodProcessor  : Using 'application/json', given [*/*] and supported [application/json, application/*+json]
2025-09-19T13:10:50.396+05:30 DEBUG 10960 --- [Back_End] [http-nio-8080-exec-8] o.s.w.s.m.m.a.HttpEntityMethodProcessor  : Writing [com.ijse.gdse72.back_end.dto.ApiResponse@124ceb56]
2025-09-19T13:10:50.398+05:30 DEBUG 10960 --- [Back_End] [http-nio-8080-exec-8] o.s.web.servlet.DispatcherServlet        : Completed 200 OK
2025-09-19T13:10:50.442+05:30 DEBUG 10960 --- [Back_End] [http-nio-8080-exec-7] o.s.web.servlet.DispatcherServlet        : GET "/ws-chat/184/5xyaxvjx/websocket", parameters={}
2025-09-19T13:10:50.443+05:30 DEBUG 10960 --- [Back_End] [http-nio-8080-exec-7] o.s.w.s.s.s.WebSocketHandlerMapping      : Mapped to org.springframework.web.socket.sockjs.support.SockJsHttpRequestHandler@28391cc6
2025-09-19T13:10:50.445+05:30 DEBUG 10960 --- [Back_End] [http-nio-8080-exec-7] o.s.w.s.s.t.h.DefaultSockJsService       : Processing transport request: GET http://localhost:8080/ws-chat/184/5xyaxvjx/websocket
2025-09-19T13:10:50.448+05:30 DEBUG 10960 --- [Back_End] [http-nio-8080-exec-7] o.s.web.servlet.DispatcherServlet        : Completed 101 SWITCHING_PROTOCOLS
2025-09-19T13:10:50.459+05:30 DEBUG 10960 --- [Back_End] [http-nio-8080-exec-7] s.w.s.h.LoggingWebSocketHandlerDecorator : New WebSocketServerSockJsSession[id=5xyaxvjx]
2025-09-19T13:10:50.475+05:30 DEBUG 10960 --- [Back_End] [clientInboundChannel-151] org.springframework.web.SimpLogging      : Processing CONNECT session=5xyaxvjx
2025-09-19T13:10:50.513+05:30 DEBUG 10960 --- [Back_End] [clientInboundChannel-154] org.springframework.web.SimpLogging      : Processing SUBSCRIBE destination=/topic/messages-user5xyaxvjx subscriptionId=sub-0 session=5xyaxvjx payload=byte[0]
2025-09-19T13:10:50.515+05:30 DEBUG 10960 --- [Back_End] [http-nio-8080-exec-5] o.s.web.servlet.DispatcherServlet        : GET "/api/classes/2/users", parameters={}
2025-09-19T13:10:50.516+05:30 DEBUG 10960 --- [Back_End] [http-nio-8080-exec-5] s.w.s.m.m.a.RequestMappingHandlerMapping : Mapped to com.ijse.gdse72.back_end.controller.ClassController#getUsersByClass(Long)
2025-09-19T13:10:50.532+05:30 DEBUG 10960 --- [Back_End] [http-nio-8080-exec-5] o.s.w.s.m.m.a.HttpEntityMethodProcessor  : Using 'application/json', given [*/*] and supported [application/json, application/*+json]
2025-09-19T13:10:50.532+05:30 DEBUG 10960 --- [Back_End] [http-nio-8080-exec-5] o.s.w.s.m.m.a.HttpEntityMethodProcessor  : Writing [com.ijse.gdse72.back_end.dto.ApiResponse@60e8b164]
2025-09-19T13:10:50.534+05:30 DEBUG 10960 --- [Back_End] [http-nio-8080-exec-5] o.s.web.servlet.DispatcherServlet        : Completed 200 OK
2025-09-19T13:10:53.652+05:30 DEBUG 10960 --- [Back_End] [MessageBroker-4] o.s.w.s.s.t.h.DefaultSockJsService       : Closed 1 sessions: [firejuzr]
2025-09-19T13:10:58.658+05:30 DEBUG 10960 --- [Back_End] [MessageBroker-4] o.s.w.s.s.t.h.DefaultSockJsService       : Closed 1 sessions: [btobcacf]
2025-09-19T13:10:59.102+05:30 DEBUG 10960 --- [Back_End] [http-nio-8080-exec-3] s.w.s.h.LoggingWebSocketHandlerDecorator : WebSocketServerSockJsSession[id=5xyaxvjx] closed with CloseStatus[code=1000, reason=null]
2025-09-19T13:10:59.102+05:30 DEBUG 10960 --- [Back_End] [http-nio-8080-exec-3] o.s.w.s.m.SubProtocolWebSocketHandler    : Clearing session 5xyaxvjx
2025-09-19T13:10:59.103+05:30 DEBUG 10960 --- [Back_End] [clientInboundChannel-158] org.springframework.web.SimpLogging      : Processing DISCONNECT session=5xyaxvjx
2025-09-19T13:10:59.105+05:30 DEBUG 10960 --- [Back_End] [clientOutboundChannel-48] o.s.w.s.m.SubProtocolWebSocketHandler    : No session for GenericMessage [payload=byte[0], headers={simpMessageType=DISCONNECT_ACK, simpDisconnectMessage=GenericMessage [payload=byte[0], headers={simpMessageType=DISCONNECT, stompCommand=DISCONNECT, simpSessionAttributes={org.springframework.messaging.simp.SimpAttributes.COMPLETED=true}, simpSessionId=5xyaxvjx}], simpSessionId=5xyaxvjx}]
2025-09-19T13:11:03.976+05:30 DEBUG 10960 --- [Back_End] [http-nio-8080-exec-7] o.s.web.servlet.DispatcherServlet        : GET "/ws-chat/info?t=1758267663913", parameters={masked}
2025-09-19T13:11:03.977+05:30 DEBUG 10960 --- [Back_End] [http-nio-8080-exec-7] o.s.w.s.s.s.WebSocketHandlerMapping      : Mapped to org.springframework.web.socket.sockjs.support.SockJsHttpRequestHandler@28391cc6
2025-09-19T13:11:03.977+05:30 DEBUG 10960 --- [Back_End] [http-nio-8080-exec-7] o.s.w.s.s.t.h.DefaultSockJsService       : Processing transport request: GET http://localhost:8080/ws-chat/info?t=1758267663913
2025-09-19T13:11:03.978+05:30 DEBUG 10960 --- [Back_End] [http-nio-8080-exec-7] o.s.web.servlet.DispatcherServlet        : Completed 200 OK
2025-09-19T13:11:04.016+05:30 DEBUG 10960 --- [Back_End] [http-nio-8080-exec-4] o.s.web.servlet.DispatcherServlet        : GET "/ws-chat/966/syduwxm4/websocket", parameters={}
2025-09-19T13:11:04.017+05:30 DEBUG 10960 --- [Back_End] [http-nio-8080-exec-10] o.s.web.servlet.DispatcherServlet        : GET "/api/classes/2", parameters={}
2025-09-19T13:11:04.017+05:30 DEBUG 10960 --- [Back_End] [http-nio-8080-exec-4] o.s.w.s.s.s.WebSocketHandlerMapping      : Mapped to org.springframework.web.socket.sockjs.support.SockJsHttpRequestHandler@28391cc6
2025-09-19T13:11:04.017+05:30 DEBUG 10960 --- [Back_End] [http-nio-8080-exec-10] s.w.s.m.m.a.RequestMappingHandlerMapping : Mapped to com.ijse.gdse72.back_end.controller.ClassController#getClassById(Long)
2025-09-19T13:11:04.018+05:30 DEBUG 10960 --- [Back_End] [http-nio-8080-exec-4] o.s.w.s.s.t.h.DefaultSockJsService       : Processing transport request: GET http://localhost:8080/ws-chat/966/syduwxm4/websocket
2025-09-19T13:11:04.020+05:30 DEBUG 10960 --- [Back_End] [http-nio-8080-exec-4] o.s.web.servlet.DispatcherServlet        : Completed 101 SWITCHING_PROTOCOLS
2025-09-19T13:11:04.022+05:30 DEBUG 10960 --- [Back_End] [http-nio-8080-exec-4] s.w.s.h.LoggingWebSocketHandlerDecorator : New WebSocketServerSockJsSession[id=syduwxm4]
2025-09-19T13:11:04.033+05:30 DEBUG 10960 --- [Back_End] [http-nio-8080-exec-10] o.s.w.s.m.m.a.HttpEntityMethodProcessor  : Using 'application/json', given [*/*] and supported [application/json, application/*+json]
2025-09-19T13:11:04.033+05:30 DEBUG 10960 --- [Back_End] [http-nio-8080-exec-10] o.s.w.s.m.m.a.HttpEntityMethodProcessor  : Writing [com.ijse.gdse72.back_end.dto.ApiResponse@ec850db]
2025-09-19T13:11:04.035+05:30 DEBUG 10960 --- [Back_End] [http-nio-8080-exec-10] o.s.web.servlet.DispatcherServlet        : Completed 200 OK
2025-09-19T13:11:04.043+05:30 DEBUG 10960 --- [Back_End] [clientInboundChannel-137] org.springframework.web.SimpLogging      : Processing CONNECT session=syduwxm4
2025-09-19T13:11:04.048+05:30 DEBUG 10960 --- [Back_End] [clientInboundChannel-140] org.springframework.web.SimpLogging      : Processing SUBSCRIBE destination=/topic/messages-usersyduwxm4 subscriptionId=sub-0 session=syduwxm4 payload=byte[0]
2025-09-19T13:11:04.053+05:30 DEBUG 10960 --- [Back_End] [http-nio-8080-exec-5] o.s.web.servlet.DispatcherServlet        : GET "/api/classes/2", parameters={}
2025-09-19T13:11:04.054+05:30 DEBUG 10960 --- [Back_End] [http-nio-8080-exec-5] s.w.s.m.m.a.RequestMappingHandlerMapping : Mapped to com.ijse.gdse72.back_end.controller.ClassController#getClassById(Long)
2025-09-19T13:11:04.067+05:30 DEBUG 10960 --- [Back_End] [http-nio-8080-exec-5] o.s.w.s.m.m.a.HttpEntityMethodProcessor  : Using 'application/json', given [*/*] and supported [application/json, application/*+json]
2025-09-19T13:11:04.067+05:30 DEBUG 10960 --- [Back_End] [http-nio-8080-exec-5] o.s.w.s.m.m.a.HttpEntityMethodProcessor  : Writing [com.ijse.gdse72.back_end.dto.ApiResponse@697e69b2]
2025-09-19T13:11:04.069+05:30 DEBUG 10960 --- [Back_End] [http-nio-8080-exec-5] o.s.web.servlet.DispatcherServlet        : Completed 200 OK
2025-09-19T13:11:04.109+05:30 DEBUG 10960 --- [Back_End] [http-nio-8080-exec-3] o.s.web.servlet.DispatcherServlet        : GET "/api/classes/2/users", parameters={}
2025-09-19T13:11:04.109+05:30 DEBUG 10960 --- [Back_End] [http-nio-8080-exec-3] s.w.s.m.m.a.RequestMappingHandlerMapping : Mapped to com.ijse.gdse72.back_end.controller.ClassController#getUsersByClass(Long)
2025-09-19T13:11:04.116+05:30 DEBUG 10960 --- [Back_End] [http-nio-8080-exec-3] o.s.w.s.m.m.a.HttpEntityMethodProcessor  : Using 'application/json', given [*/*] and supported [application/json, application/*+json]
2025-09-19T13:11:04.116+05:30 DEBUG 10960 --- [Back_End] [http-nio-8080-exec-3] o.s.w.s.m.m.a.HttpEntityMethodProcessor  : Writing [com.ijse.gdse72.back_end.dto.ApiResponse@30ab8793]
2025-09-19T13:11:04.118+05:30 DEBUG 10960 --- [Back_End] [http-nio-8080-exec-3] o.s.web.servlet.DispatcherServlet        : Completed 200 OK
2025-09-19T13:11:05.659+05:30 DEBUG 10960 --- [Back_End] [http-nio-8080-exec-2] o.s.web.servlet.DispatcherServlet        : GET "/api/classes/2", parameters={}
2025-09-19T13:11:05.660+05:30 DEBUG 10960 --- [Back_End] [http-nio-8080-exec-2] s.w.s.m.m.a.RequestMappingHandlerMapping : Mapped to com.ijse.gdse72.back_end.controller.ClassController#getClassById(Long)
2025-09-19T13:11:05.667+05:30 DEBUG 10960 --- [Back_End] [http-nio-8080-exec-2] o.s.w.s.m.m.a.HttpEntityMethodProcessor  : Using 'application/json', given [*/*] and supported [application/json, application/*+json]
2025-09-19T13:11:05.667+05:30 DEBUG 10960 --- [Back_End] [http-nio-8080-exec-2] o.s.w.s.m.m.a.HttpEntityMethodProcessor  : Writing [com.ijse.gdse72.back_end.dto.ApiResponse@27da64d6]
2025-09-19T13:11:05.669+05:30 DEBUG 10960 --- [Back_End] [http-nio-8080-exec-2] o.s.web.servlet.DispatcherServlet        : Completed 200 OK
2025-09-19T13:11:08.651+05:30 DEBUG 10960 --- [Back_End] [MessageBroker-4] o.s.w.s.s.t.h.DefaultSockJsService       : Closed 1 sessions: [5xyaxvjx]
2025-09-19T13:11:17.090+05:30 DEBUG 10960 --- [Back_End] [http-nio-8080-exec-10] s.w.s.h.LoggingWebSocketHandlerDecorator : WebSocketServerSockJsSession[id=syduwxm4] closed with CloseStatus[code=1000, reason=null]
2025-09-19T13:11:17.091+05:30 DEBUG 10960 --- [Back_End] [http-nio-8080-exec-10] o.s.w.s.m.SubProtocolWebSocketHandler    : Clearing session syduwxm4
2025-09-19T13:11:17.091+05:30 DEBUG 10960 --- [Back_End] [clientInboundChannel-143] org.springframework.web.SimpLogging      : Processing DISCONNECT session=syduwxm4
2025-09-19T13:11:17.093+05:30 DEBUG 10960 --- [Back_End] [clientOutboundChannel-50] o.s.w.s.m.SubProtocolWebSocketHandler    : No session for GenericMessage [payload=byte[0], headers={simpMessageType=DISCONNECT_ACK, simpDisconnectMessage=GenericMessage [payload=byte[0], headers={simpMessageType=DISCONNECT, stompCommand=DISCONNECT, simpSessionAttributes={org.springframework.messaging.simp.SimpAttributes.COMPLETED=true}, simpSessionId=syduwxm4}], simpSessionId=syduwxm4}]
2025-09-19T13:11:17.236+05:30 DEBUG 10960 --- [Back_End] [http-nio-8080-exec-5] o.s.web.servlet.DispatcherServlet        : GET "/ws-chat/info?t=1758267677155", parameters={masked}
2025-09-19T13:11:17.237+05:30 DEBUG 10960 --- [Back_End] [http-nio-8080-exec-5] o.s.w.s.s.s.WebSocketHandlerMapping      : Mapped to org.springframework.web.socket.sockjs.support.SockJsHttpRequestHandler@28391cc6
2025-09-19T13:11:17.237+05:30 DEBUG 10960 --- [Back_End] [http-nio-8080-exec-5] o.s.w.s.s.t.h.DefaultSockJsService       : Processing transport request: GET http://localhost:8080/ws-chat/info?t=1758267677155
2025-09-19T13:11:17.238+05:30 DEBUG 10960 --- [Back_End] [http-nio-8080-exec-5] o.s.web.servlet.DispatcherServlet        : Completed 200 OK
2025-09-19T13:11:17.265+05:30 DEBUG 10960 --- [Back_End] [http-nio-8080-exec-1] o.s.web.servlet.DispatcherServlet        : GET "/api/classes/2", parameters={}
2025-09-19T13:11:17.265+05:30 DEBUG 10960 --- [Back_End] [http-nio-8080-exec-1] s.w.s.m.m.a.RequestMappingHandlerMapping : Mapped to com.ijse.gdse72.back_end.controller.ClassController#getClassById(Long)
2025-09-19T13:11:17.267+05:30 DEBUG 10960 --- [Back_End] [http-nio-8080-exec-3] o.s.web.servlet.DispatcherServlet        : GET "/ws-chat/835/dw14xhwp/websocket", parameters={}
2025-09-19T13:11:17.267+05:30 DEBUG 10960 --- [Back_End] [http-nio-8080-exec-3] o.s.w.s.s.s.WebSocketHandlerMapping      : Mapped to org.springframework.web.socket.sockjs.support.SockJsHttpRequestHandler@28391cc6
2025-09-19T13:11:17.268+05:30 DEBUG 10960 --- [Back_End] [http-nio-8080-exec-3] o.s.w.s.s.t.h.DefaultSockJsService       : Processing transport request: GET http://localhost:8080/ws-chat/835/dw14xhwp/websocket
2025-09-19T13:11:17.270+05:30 DEBUG 10960 --- [Back_End] [http-nio-8080-exec-3] o.s.web.servlet.DispatcherServlet        : Completed 101 SWITCHING_PROTOCOLS
2025-09-19T13:11:17.271+05:30 DEBUG 10960 --- [Back_End] [http-nio-8080-exec-3] s.w.s.h.LoggingWebSocketHandlerDecorator : New WebSocketServerSockJsSession[id=dw14xhwp]
2025-09-19T13:11:17.274+05:30 DEBUG 10960 --- [Back_End] [clientInboundChannel-145] org.springframework.web.SimpLogging      : Processing CONNECT session=dw14xhwp
2025-09-19T13:11:17.278+05:30 DEBUG 10960 --- [Back_End] [clientInboundChannel-147] org.springframework.web.SimpLogging      : Processing SUBSCRIBE destination=/topic/messages-userdw14xhwp subscriptionId=sub-0 session=dw14xhwp payload=byte[0]
2025-09-19T13:11:17.279+05:30 DEBUG 10960 --- [Back_End] [http-nio-8080-exec-1] o.s.w.s.m.m.a.HttpEntityMethodProcessor  : Using 'application/json', given [*/*] and supported [application/json, application/*+json]
2025-09-19T13:11:17.279+05:30 DEBUG 10960 --- [Back_End] [http-nio-8080-exec-1] o.s.w.s.m.m.a.HttpEntityMethodProcessor  : Writing [com.ijse.gdse72.back_end.dto.ApiResponse@55bab5d7]
2025-09-19T13:11:17.280+05:30 DEBUG 10960 --- [Back_End] [http-nio-8080-exec-1] o.s.web.servlet.DispatcherServlet        : Completed 200 OK
2025-09-19T13:11:17.292+05:30 DEBUG 10960 --- [Back_End] [http-nio-8080-exec-4] o.s.web.servlet.DispatcherServlet        : GET "/api/classes/2", parameters={}
2025-09-19T13:11:17.293+05:30 DEBUG 10960 --- [Back_End] [http-nio-8080-exec-4] s.w.s.m.m.a.RequestMappingHandlerMapping : Mapped to com.ijse.gdse72.back_end.controller.ClassController#getClassById(Long)
2025-09-19T13:11:17.303+05:30 DEBUG 10960 --- [Back_End] [http-nio-8080-exec-4] o.s.w.s.m.m.a.HttpEntityMethodProcessor  : Using 'application/json', given [*/*] and supported [application/json, application/*+json]
2025-09-19T13:11:17.303+05:30 DEBUG 10960 --- [Back_End] [http-nio-8080-exec-4] o.s.w.s.m.m.a.HttpEntityMethodProcessor  : Writing [com.ijse.gdse72.back_end.dto.ApiResponse@1d776084]
2025-09-19T13:11:17.304+05:30 DEBUG 10960 --- [Back_End] [http-nio-8080-exec-4] o.s.web.servlet.DispatcherServlet        : Completed 200 OK
2025-09-19T13:11:17.323+05:30 DEBUG 10960 --- [Back_End] [http-nio-8080-exec-10] o.s.web.servlet.DispatcherServlet        : GET "/api/classes/2/users", parameters={}
2025-09-19T13:11:17.324+05:30 DEBUG 10960 --- [Back_End] [http-nio-8080-exec-10] s.w.s.m.m.a.RequestMappingHandlerMapping : Mapped to com.ijse.gdse72.back_end.controller.ClassController#getUsersByClass(Long)
2025-09-19T13:11:17.334+05:30 DEBUG 10960 --- [Back_End] [http-nio-8080-exec-10] o.s.w.s.m.m.a.HttpEntityMethodProcessor  : Using 'application/json', given [*/*] and supported [application/json, application/*+json]
2025-09-19T13:11:17.335+05:30 DEBUG 10960 --- [Back_End] [http-nio-8080-exec-10] o.s.w.s.m.m.a.HttpEntityMethodProcessor  : Writing [com.ijse.gdse72.back_end.dto.ApiResponse@28be0232]
2025-09-19T13:11:17.338+05:30 DEBUG 10960 --- [Back_End] [http-nio-8080-exec-10] o.s.web.servlet.DispatcherServlet        : Completed 200 OK
2025-09-19T13:11:21.009+05:30 DEBUG 10960 --- [Back_End] [http-nio-8080-exec-9] s.w.s.h.LoggingWebSocketHandlerDecorator : WebSocketServerSockJsSession[id=dw14xhwp] closed with CloseStatus[code=1000, reason=null]
2025-09-19T13:11:21.009+05:30 DEBUG 10960 --- [Back_End] [http-nio-8080-exec-9] o.s.w.s.m.SubProtocolWebSocketHandler    : Clearing session dw14xhwp
2025-09-19T13:11:21.010+05:30 DEBUG 10960 --- [Back_End] [clientInboundChannel-151] org.springframework.web.SimpLogging      : Processing DISCONNECT session=dw14xhwp
2025-09-19T13:11:21.012+05:30 DEBUG 10960 --- [Back_End] [clientOutboundChannel-52] o.s.w.s.m.SubProtocolWebSocketHandler    : No session for GenericMessage [payload=byte[0], headers={simpMessageType=DISCONNECT_ACK, simpDisconnectMessage=GenericMessage [payload=byte[0], headers={simpMessageType=DISCONNECT, stompCommand=DISCONNECT, simpSessionAttributes={org.springframework.messaging.simp.SimpAttributes.COMPLETED=true}, simpSessionId=dw14xhwp}], simpSessionId=dw14xhwp}]
2025-09-19T13:11:21.161+05:30 DEBUG 10960 --- [Back_End] [http-nio-8080-exec-6] o.s.web.servlet.DispatcherServlet        : GET "/api/classes/2", parameters={}
2025-09-19T13:11:21.161+05:30 DEBUG 10960 --- [Back_End] [http-nio-8080-exec-6] s.w.s.m.m.a.RequestMappingHandlerMapping : Mapped to com.ijse.gdse72.back_end.controller.ClassController#getClassById(Long)
2025-09-19T13:11:21.187+05:30 DEBUG 10960 --- [Back_End] [http-nio-8080-exec-6] o.s.w.s.m.m.a.HttpEntityMethodProcessor  : Using 'application/json', given [*/*] and supported [application/json, application/*+json]
2025-09-19T13:11:21.188+05:30 DEBUG 10960 --- [Back_End] [http-nio-8080-exec-6] o.s.w.s.m.m.a.HttpEntityMethodProcessor  : Writing [com.ijse.gdse72.back_end.dto.ApiResponse@14720b0a]
2025-09-19T13:11:21.190+05:30 DEBUG 10960 --- [Back_End] [http-nio-8080-exec-6] o.s.web.servlet.DispatcherServlet        : Completed 200 OK
2025-09-19T13:11:21.203+05:30 DEBUG 10960 --- [Back_End] [http-nio-8080-exec-2] o.s.web.servlet.DispatcherServlet        : GET "/ws-chat/info?t=1758267681100", parameters={masked}
2025-09-19T13:11:21.204+05:30 DEBUG 10960 --- [Back_End] [http-nio-8080-exec-2] o.s.w.s.s.s.WebSocketHandlerMapping      : Mapped to org.springframework.web.socket.sockjs.support.SockJsHttpRequestHandler@28391cc6
2025-09-19T13:11:21.204+05:30 DEBUG 10960 --- [Back_End] [http-nio-8080-exec-2] o.s.w.s.s.t.h.DefaultSockJsService       : Processing transport request: GET http://localhost:8080/ws-chat/info?t=1758267681100
2025-09-19T13:11:21.205+05:30 DEBUG 10960 --- [Back_End] [http-nio-8080-exec-2] o.s.web.servlet.DispatcherServlet        : Completed 200 OK
2025-09-19T13:11:21.223+05:30 DEBUG 10960 --- [Back_End] [http-nio-8080-exec-7] o.s.web.servlet.DispatcherServlet        : GET "/api/classes/2", parameters={}
2025-09-19T13:11:21.224+05:30 DEBUG 10960 --- [Back_End] [http-nio-8080-exec-7] s.w.s.m.m.a.RequestMappingHandlerMapping : Mapped to com.ijse.gdse72.back_end.controller.ClassController#getClassById(Long)
2025-09-19T13:11:21.247+05:30 DEBUG 10960 --- [Back_End] [http-nio-8080-exec-7] o.s.w.s.m.m.a.HttpEntityMethodProcessor  : Using 'application/json', given [*/*] and supported [application/json, application/*+json]
2025-09-19T13:11:21.247+05:30 DEBUG 10960 --- [Back_End] [http-nio-8080-exec-7] o.s.w.s.m.m.a.HttpEntityMethodProcessor  : Writing [com.ijse.gdse72.back_end.dto.ApiResponse@367ba2a2]
2025-09-19T13:11:21.250+05:30 DEBUG 10960 --- [Back_End] [http-nio-8080-exec-7] o.s.web.servlet.DispatcherServlet        : Completed 200 OK
2025-09-19T13:11:21.259+05:30 DEBUG 10960 --- [Back_End] [http-nio-8080-exec-1] o.s.web.servlet.DispatcherServlet        : GET "/ws-chat/302/n1ihvdvy/websocket", parameters={}
2025-09-19T13:11:21.259+05:30 DEBUG 10960 --- [Back_End] [http-nio-8080-exec-1] o.s.w.s.s.s.WebSocketHandlerMapping      : Mapped to org.springframework.web.socket.sockjs.support.SockJsHttpRequestHandler@28391cc6
2025-09-19T13:11:21.261+05:30 DEBUG 10960 --- [Back_End] [http-nio-8080-exec-1] o.s.w.s.s.t.h.DefaultSockJsService       : Processing transport request: GET http://localhost:8080/ws-chat/302/n1ihvdvy/websocket
2025-09-19T13:11:21.263+05:30 DEBUG 10960 --- [Back_End] [http-nio-8080-exec-1] o.s.web.servlet.DispatcherServlet        : Completed 101 SWITCHING_PROTOCOLS
2025-09-19T13:11:21.264+05:30 DEBUG 10960 --- [Back_End] [http-nio-8080-exec-1] s.w.s.h.LoggingWebSocketHandlerDecorator : New WebSocketServerSockJsSession[id=n1ihvdvy]
2025-09-19T13:11:21.269+05:30 DEBUG 10960 --- [Back_End] [clientInboundChannel-153] org.springframework.web.SimpLogging      : Processing CONNECT session=n1ihvdvy
2025-09-19T13:11:21.277+05:30 DEBUG 10960 --- [Back_End] [clientInboundChannel-158] org.springframework.web.SimpLogging      : Processing SUBSCRIBE destination=/topic/messages-usern1ihvdvy subscriptionId=sub-0 session=n1ihvdvy payload=byte[0]
2025-09-19T13:11:21.284+05:30 DEBUG 10960 --- [Back_End] [http-nio-8080-exec-8] o.s.web.servlet.DispatcherServlet        : GET "/api/classes/2/users", parameters={}
2025-09-19T13:11:21.284+05:30 DEBUG 10960 --- [Back_End] [http-nio-8080-exec-8] s.w.s.m.m.a.RequestMappingHandlerMapping : Mapped to com.ijse.gdse72.back_end.controller.ClassController#getUsersByClass(Long)
2025-09-19T13:11:21.295+05:30 DEBUG 10960 --- [Back_End] [http-nio-8080-exec-8] o.s.w.s.m.m.a.HttpEntityMethodProcessor  : Using 'application/json', given [*/*] and supported [application/json, application/*+json]
2025-09-19T13:11:21.295+05:30 DEBUG 10960 --- [Back_End] [http-nio-8080-exec-8] o.s.w.s.m.m.a.HttpEntityMethodProcessor  : Writing [com.ijse.gdse72.back_end.dto.ApiResponse@7f080fe8]
2025-09-19T13:11:21.296+05:30 DEBUG 10960 --- [Back_End] [http-nio-8080-exec-8] o.s.web.servlet.DispatcherServlet        : Completed 200 OK
2025-09-19T13:11:23.651+05:30 DEBUG 10960 --- [Back_End] [MessageBroker-8] o.s.w.s.s.t.h.DefaultSockJsService       : Closed 1 sessions: [syduwxm4]
2025-09-19T13:11:28.104+05:30 DEBUG 10960 --- [Back_End] [http-nio-8080-exec-9] s.w.s.h.LoggingWebSocketHandlerDecorator : WebSocketServerSockJsSession[id=n1ihvdvy] closed with CloseStatus[code=1000, reason=null]
2025-09-19T13:11:28.104+05:30 DEBUG 10960 --- [Back_End] [http-nio-8080-exec-9] o.s.w.s.m.SubProtocolWebSocketHandler    : Clearing session n1ihvdvy
2025-09-19T13:11:28.105+05:30 DEBUG 10960 --- [Back_End] [clientInboundChannel-136] org.springframework.web.SimpLogging      : Processing DISCONNECT session=n1ihvdvy
2025-09-19T13:11:28.106+05:30 DEBUG 10960 --- [Back_End] [clientOutboundChannel-54] o.s.w.s.m.SubProtocolWebSocketHandler    : No session for GenericMessage [payload=byte[0], headers={simpMessageType=DISCONNECT_ACK, simpDisconnectMessage=GenericMessage [payload=byte[0], headers={simpMessageType=DISCONNECT, stompCommand=DISCONNECT, simpSessionAttributes={org.springframework.messaging.simp.SimpAttributes.COMPLETED=true}, simpSessionId=n1ihvdvy}], simpSessionId=n1ihvdvy}]
2025-09-19T13:11:28.213+05:30 DEBUG 10960 --- [Back_End] [http-nio-8080-exec-5] o.s.web.servlet.DispatcherServlet        : GET "/api/classes/2", parameters={}
2025-09-19T13:11:28.214+05:30 DEBUG 10960 --- [Back_End] [http-nio-8080-exec-5] s.w.s.m.m.a.RequestMappingHandlerMapping : Mapped to com.ijse.gdse72.back_end.controller.ClassController#getClassById(Long)
2025-09-19T13:11:28.228+05:30 DEBUG 10960 --- [Back_End] [http-nio-8080-exec-5] o.s.w.s.m.m.a.HttpEntityMethodProcessor  : Using 'application/json', given [*/*] and supported [application/json, application/*+json]
2025-09-19T13:11:28.228+05:30 DEBUG 10960 --- [Back_End] [http-nio-8080-exec-5] o.s.w.s.m.m.a.HttpEntityMethodProcessor  : Writing [com.ijse.gdse72.back_end.dto.ApiResponse@7e95cf50]
2025-09-19T13:11:28.230+05:30 DEBUG 10960 --- [Back_End] [http-nio-8080-exec-5] o.s.web.servlet.DispatcherServlet        : Completed 200 OK
2025-09-19T13:11:28.245+05:30 DEBUG 10960 --- [Back_End] [http-nio-8080-exec-7] o.s.web.servlet.DispatcherServlet        : GET "/ws-chat/info?t=1758267688167", parameters={masked}
2025-09-19T13:11:28.246+05:30 DEBUG 10960 --- [Back_End] [http-nio-8080-exec-7] o.s.w.s.s.s.WebSocketHandlerMapping      : Mapped to org.springframework.web.socket.sockjs.support.SockJsHttpRequestHandler@28391cc6
2025-09-19T13:11:28.247+05:30 DEBUG 10960 --- [Back_End] [http-nio-8080-exec-2] o.s.web.servlet.DispatcherServlet        : GET "/api/classes/2", parameters={}
2025-09-19T13:11:28.247+05:30 DEBUG 10960 --- [Back_End] [http-nio-8080-exec-2] s.w.s.m.m.a.RequestMappingHandlerMapping : Mapped to com.ijse.gdse72.back_end.controller.ClassController#getClassById(Long)
2025-09-19T13:11:28.247+05:30 DEBUG 10960 --- [Back_End] [http-nio-8080-exec-7] o.s.w.s.s.t.h.DefaultSockJsService       : Processing transport request: GET http://localhost:8080/ws-chat/info?t=1758267688167
2025-09-19T13:11:28.248+05:30 DEBUG 10960 --- [Back_End] [http-nio-8080-exec-7] o.s.web.servlet.DispatcherServlet        : Completed 200 OK
2025-09-19T13:11:28.259+05:30 DEBUG 10960 --- [Back_End] [http-nio-8080-exec-2] o.s.w.s.m.m.a.HttpEntityMethodProcessor  : Using 'application/json', given [*/*] and supported [application/json, application/*+json]
2025-09-19T13:11:28.259+05:30 DEBUG 10960 --- [Back_End] [http-nio-8080-exec-2] o.s.w.s.m.m.a.HttpEntityMethodProcessor  : Writing [com.ijse.gdse72.back_end.dto.ApiResponse@5dc1f930]
2025-09-19T13:11:28.261+05:30 DEBUG 10960 --- [Back_End] [http-nio-8080-exec-2] o.s.web.servlet.DispatcherServlet        : Completed 200 OK
2025-09-19T13:11:28.292+05:30 DEBUG 10960 --- [Back_End] [http-nio-8080-exec-1] o.s.web.servlet.DispatcherServlet        : GET "/ws-chat/240/hakqfpf4/websocket", parameters={}
2025-09-19T13:11:28.292+05:30 DEBUG 10960 --- [Back_End] [http-nio-8080-exec-1] o.s.w.s.s.s.WebSocketHandlerMapping      : Mapped to org.springframework.web.socket.sockjs.support.SockJsHttpRequestHandler@28391cc6
2025-09-19T13:11:28.293+05:30 DEBUG 10960 --- [Back_End] [http-nio-8080-exec-1] o.s.w.s.s.t.h.DefaultSockJsService       : Processing transport request: GET http://localhost:8080/ws-chat/240/hakqfpf4/websocket
2025-09-19T13:11:28.294+05:30 DEBUG 10960 --- [Back_End] [http-nio-8080-exec-1] o.s.web.servlet.DispatcherServlet        : Completed 101 SWITCHING_PROTOCOLS
2025-09-19T13:11:28.295+05:30 DEBUG 10960 --- [Back_End] [http-nio-8080-exec-1] s.w.s.h.LoggingWebSocketHandlerDecorator : New WebSocketServerSockJsSession[id=hakqfpf4]
2025-09-19T13:11:28.301+05:30 DEBUG 10960 --- [Back_End] [clientInboundChannel-137] org.springframework.web.SimpLogging      : Processing CONNECT session=hakqfpf4
2025-09-19T13:11:28.304+05:30 DEBUG 10960 --- [Back_End] [clientInboundChannel-141] org.springframework.web.SimpLogging      : Processing SUBSCRIBE destination=/topic/messages-userhakqfpf4 subscriptionId=sub-0 session=hakqfpf4 payload=byte[0]
2025-09-19T13:11:28.309+05:30 DEBUG 10960 --- [Back_End] [http-nio-8080-exec-10] o.s.web.servlet.DispatcherServlet        : GET "/api/classes/2/users", parameters={}
2025-09-19T13:11:28.309+05:30 DEBUG 10960 --- [Back_End] [http-nio-8080-exec-10] s.w.s.m.m.a.RequestMappingHandlerMapping : Mapped to com.ijse.gdse72.back_end.controller.ClassController#getUsersByClass(Long)
2025-09-19T13:11:28.317+05:30 DEBUG 10960 --- [Back_End] [http-nio-8080-exec-10] o.s.w.s.m.m.a.HttpEntityMethodProcessor  : Using 'application/json', given [*/*] and supported [application/json, application/*+json]
2025-09-19T13:11:28.317+05:30 DEBUG 10960 --- [Back_End] [http-nio-8080-exec-10] o.s.w.s.m.m.a.HttpEntityMethodProcessor  : Writing [com.ijse.gdse72.back_end.dto.ApiResponse@13849e7e]
2025-09-19T13:11:28.318+05:30 DEBUG 10960 --- [Back_End] [http-nio-8080-exec-10] o.s.web.servlet.DispatcherServlet        : Completed 200 OK
2025-09-19T13:11:28.655+05:30 DEBUG 10960 --- [Back_End] [MessageBroker-8] o.s.w.s.s.t.h.DefaultSockJsService       : Closed 1 sessions: [dw14xhwp]
2025-09-19T13:11:30.773+05:30 DEBUG 10960 --- [Back_End] [http-nio-8080-exec-3] s.w.s.h.LoggingWebSocketHandlerDecorator : WebSocketServerSockJsSession[id=hakqfpf4] closed with CloseStatus[code=1000, reason=null]
2025-09-19T13:11:30.773+05:30 DEBUG 10960 --- [Back_End] [http-nio-8080-exec-3] o.s.w.s.m.SubProtocolWebSocketHandler    : Clearing session hakqfpf4
2025-09-19T13:11:30.773+05:30 DEBUG 10960 --- [Back_End] [clientInboundChannel-144] org.springframework.web.SimpLogging      : Processing DISCONNECT session=hakqfpf4
2025-09-19T13:11:30.775+05:30 DEBUG 10960 --- [Back_End] [clientOutboundChannel-56] o.s.w.s.m.SubProtocolWebSocketHandler    : No session for GenericMessage [payload=byte[0], headers={simpMessageType=DISCONNECT_ACK, simpDisconnectMessage=GenericMessage [payload=byte[0], headers={simpMessageType=DISCONNECT, stompCommand=DISCONNECT, simpSessionAttributes={org.springframework.messaging.simp.SimpAttributes.COMPLETED=true}, simpSessionId=hakqfpf4}], simpSessionId=hakqfpf4}]
2025-09-19T13:11:30.851+05:30 DEBUG 10960 --- [Back_End] [http-nio-8080-exec-6] o.s.web.servlet.DispatcherServlet        : GET "/api/classes/2", parameters={}
2025-09-19T13:11:30.852+05:30 DEBUG 10960 --- [Back_End] [http-nio-8080-exec-6] s.w.s.m.m.a.RequestMappingHandlerMapping : Mapped to com.ijse.gdse72.back_end.controller.ClassController#getClassById(Long)
2025-09-19T13:11:30.868+05:30 DEBUG 10960 --- [Back_End] [http-nio-8080-exec-6] o.s.w.s.m.m.a.HttpEntityMethodProcessor  : Using 'application/json', given [*/*] and supported [application/json, application/*+json]
2025-09-19T13:11:30.868+05:30 DEBUG 10960 --- [Back_End] [http-nio-8080-exec-6] o.s.w.s.m.m.a.HttpEntityMethodProcessor  : Writing [com.ijse.gdse72.back_end.dto.ApiResponse@7de7e686]
2025-09-19T13:11:30.870+05:30 DEBUG 10960 --- [Back_End] [http-nio-8080-exec-6] o.s.web.servlet.DispatcherServlet        : Completed 200 OK
2025-09-19T13:11:30.887+05:30 DEBUG 10960 --- [Back_End] [http-nio-8080-exec-5] o.s.web.servlet.DispatcherServlet        : GET "/api/classes/2", parameters={}
2025-09-19T13:11:30.888+05:30 DEBUG 10960 --- [Back_End] [http-nio-8080-exec-5] s.w.s.m.m.a.RequestMappingHandlerMapping : Mapped to com.ijse.gdse72.back_end.controller.ClassController#getClassById(Long)
2025-09-19T13:11:30.907+05:30 DEBUG 10960 --- [Back_End] [http-nio-8080-exec-5] o.s.w.s.m.m.a.HttpEntityMethodProcessor  : Using 'application/json', given [*/*] and supported [application/json, application/*+json]
2025-09-19T13:11:30.907+05:30 DEBUG 10960 --- [Back_End] [http-nio-8080-exec-5] o.s.w.s.m.m.a.HttpEntityMethodProcessor  : Writing [com.ijse.gdse72.back_end.dto.ApiResponse@7d325ece]
2025-09-19T13:11:30.907+05:30 DEBUG 10960 --- [Back_End] [http-nio-8080-exec-7] o.s.web.servlet.DispatcherServlet        : GET "/ws-chat/info?t=1758267690839", parameters={masked}
2025-09-19T13:11:30.908+05:30 DEBUG 10960 --- [Back_End] [http-nio-8080-exec-7] o.s.w.s.s.s.WebSocketHandlerMapping      : Mapped to org.springframework.web.socket.sockjs.support.SockJsHttpRequestHandler@28391cc6
2025-09-19T13:11:30.909+05:30 DEBUG 10960 --- [Back_End] [http-nio-8080-exec-5] o.s.web.servlet.DispatcherServlet        : Completed 200 OK
2025-09-19T13:11:30.909+05:30 DEBUG 10960 --- [Back_End] [http-nio-8080-exec-7] o.s.w.s.s.t.h.DefaultSockJsService       : Processing transport request: GET http://localhost:8080/ws-chat/info?t=1758267690839
2025-09-19T13:11:30.910+05:30 DEBUG 10960 --- [Back_End] [http-nio-8080-exec-7] o.s.web.servlet.DispatcherServlet        : Completed 200 OK
2025-09-19T13:11:30.954+05:30 DEBUG 10960 --- [Back_End] [http-nio-8080-exec-2] o.s.web.servlet.DispatcherServlet        : GET "/ws-chat/671/yrffn33r/websocket", parameters={}
2025-09-19T13:11:30.955+05:30 DEBUG 10960 --- [Back_End] [http-nio-8080-exec-2] o.s.w.s.s.s.WebSocketHandlerMapping      : Mapped to org.springframework.web.socket.sockjs.support.SockJsHttpRequestHandler@28391cc6
2025-09-19T13:11:30.956+05:30 DEBUG 10960 --- [Back_End] [http-nio-8080-exec-2] o.s.w.s.s.t.h.DefaultSockJsService       : Processing transport request: GET http://localhost:8080/ws-chat/671/yrffn33r/websocket
2025-09-19T13:11:30.958+05:30 DEBUG 10960 --- [Back_End] [http-nio-8080-exec-2] o.s.web.servlet.DispatcherServlet        : Completed 101 SWITCHING_PROTOCOLS
2025-09-19T13:11:30.960+05:30 DEBUG 10960 --- [Back_End] [http-nio-8080-exec-2] s.w.s.h.LoggingWebSocketHandlerDecorator : New WebSocketServerSockJsSession[id=yrffn33r]
2025-09-19T13:11:30.964+05:30 DEBUG 10960 --- [Back_End] [clientInboundChannel-145] org.springframework.web.SimpLogging      : Processing CONNECT session=yrffn33r
2025-09-19T13:11:30.970+05:30 DEBUG 10960 --- [Back_End] [clientInboundChannel-147] org.springframework.web.SimpLogging      : Processing SUBSCRIBE destination=/topic/messages-useryrffn33r subscriptionId=sub-0 session=yrffn33r payload=byte[0]
2025-09-19T13:11:30.972+05:30 DEBUG 10960 --- [Back_End] [http-nio-8080-exec-4] o.s.web.servlet.DispatcherServlet        : GET "/api/classes/2/users", parameters={}
2025-09-19T13:11:30.973+05:30 DEBUG 10960 --- [Back_End] [http-nio-8080-exec-4] s.w.s.m.m.a.RequestMappingHandlerMapping : Mapped to com.ijse.gdse72.back_end.controller.ClassController#getUsersByClass(Long)
2025-09-19T13:11:30.980+05:30 DEBUG 10960 --- [Back_End] [http-nio-8080-exec-4] o.s.w.s.m.m.a.HttpEntityMethodProcessor  : Using 'application/json', given [*/*] and supported [application/json, application/*+json]
2025-09-19T13:11:30.980+05:30 DEBUG 10960 --- [Back_End] [http-nio-8080-exec-4] o.s.w.s.m.m.a.HttpEntityMethodProcessor  : Writing [com.ijse.gdse72.back_end.dto.ApiResponse@25a0ecc1]
2025-09-19T13:11:30.982+05:30 DEBUG 10960 --- [Back_End] [http-nio-8080-exec-4] o.s.web.servlet.DispatcherServlet        : Completed 200 OK
2025-09-19T13:11:33.190+05:30 DEBUG 10960 --- [Back_End] [http-nio-8080-exec-6] s.w.s.h.LoggingWebSocketHandlerDecorator : WebSocketServerSockJsSession[id=yrffn33r] closed with CloseStatus[code=1000, reason=null]
2025-09-19T13:11:33.190+05:30 DEBUG 10960 --- [Back_End] [http-nio-8080-exec-6] o.s.w.s.m.SubProtocolWebSocketHandler    : Clearing session yrffn33r
2025-09-19T13:11:33.190+05:30 DEBUG 10960 --- [Back_End] [clientInboundChannel-155] org.springframework.web.SimpLogging      : Processing DISCONNECT session=yrffn33r
2025-09-19T13:11:33.192+05:30 DEBUG 10960 --- [Back_End] [clientOutboundChannel-58] o.s.w.s.m.SubProtocolWebSocketHandler    : No session for GenericMessage [payload=byte[0], headers={simpMessageType=DISCONNECT_ACK, simpDisconnectMessage=GenericMessage [payload=byte[0], headers={simpMessageType=DISCONNECT, stompCommand=DISCONNECT, simpSessionAttributes={org.springframework.messaging.simp.SimpAttributes.COMPLETED=true}, simpSessionId=yrffn33r}], simpSessionId=yrffn33r}]
2025-09-19T13:11:33.346+05:30 DEBUG 10960 --- [Back_End] [http-nio-8080-exec-2] o.s.web.servlet.DispatcherServlet        : GET "/ws-chat/info?t=1758267693271", parameters={masked}
2025-09-19T13:11:33.347+05:30 DEBUG 10960 --- [Back_End] [http-nio-8080-exec-2] o.s.w.s.s.s.WebSocketHandlerMapping      : Mapped to org.springframework.web.socket.sockjs.support.SockJsHttpRequestHandler@28391cc6
2025-09-19T13:11:33.349+05:30 DEBUG 10960 --- [Back_End] [http-nio-8080-exec-2] o.s.w.s.s.t.h.DefaultSockJsService       : Processing transport request: GET http://localhost:8080/ws-chat/info?t=1758267693271
2025-09-19T13:11:33.350+05:30 DEBUG 10960 --- [Back_End] [http-nio-8080-exec-2] o.s.web.servlet.DispatcherServlet        : Completed 200 OK
2025-09-19T13:11:33.377+05:30 DEBUG 10960 --- [Back_End] [http-nio-8080-exec-1] o.s.web.servlet.DispatcherServlet        : GET "/api/classes/2", parameters={}
2025-09-19T13:11:33.378+05:30 DEBUG 10960 --- [Back_End] [http-nio-8080-exec-1] s.w.s.m.m.a.RequestMappingHandlerMapping : Mapped to com.ijse.gdse72.back_end.controller.ClassController#getClassById(Long)
2025-09-19T13:11:33.392+05:30 DEBUG 10960 --- [Back_End] [http-nio-8080-exec-1] o.s.w.s.m.m.a.HttpEntityMethodProcessor  : Using 'application/json', given [*/*] and supported [application/json, application/*+json]
2025-09-19T13:11:33.392+05:30 DEBUG 10960 --- [Back_End] [http-nio-8080-exec-1] o.s.w.s.m.m.a.HttpEntityMethodProcessor  : Writing [com.ijse.gdse72.back_end.dto.ApiResponse@5eff0584]
2025-09-19T13:11:33.394+05:30 DEBUG 10960 --- [Back_End] [http-nio-8080-exec-1] o.s.web.servlet.DispatcherServlet        : Completed 200 OK
2025-09-19T13:11:33.410+05:30 DEBUG 10960 --- [Back_End] [http-nio-8080-exec-8] o.s.web.servlet.DispatcherServlet        : GET "/api/classes/2", parameters={}
2025-09-19T13:11:33.410+05:30 DEBUG 10960 --- [Back_End] [http-nio-8080-exec-8] s.w.s.m.m.a.RequestMappingHandlerMapping : Mapped to com.ijse.gdse72.back_end.controller.ClassController#getClassById(Long)
2025-09-19T13:11:33.425+05:30 DEBUG 10960 --- [Back_End] [http-nio-8080-exec-8] o.s.w.s.m.m.a.HttpEntityMethodProcessor  : Using 'application/json', given [*/*] and supported [application/json, application/*+json]
2025-09-19T13:11:33.425+05:30 DEBUG 10960 --- [Back_End] [http-nio-8080-exec-4] o.s.web.servlet.DispatcherServlet        : GET "/ws-chat/258/unktoyk3/websocket", parameters={}
2025-09-19T13:11:33.426+05:30 DEBUG 10960 --- [Back_End] [http-nio-8080-exec-8] o.s.w.s.m.m.a.HttpEntityMethodProcessor  : Writing [com.ijse.gdse72.back_end.dto.ApiResponse@9c8804]
2025-09-19T13:11:33.426+05:30 DEBUG 10960 --- [Back_End] [http-nio-8080-exec-4] o.s.w.s.s.s.WebSocketHandlerMapping      : Mapped to org.springframework.web.socket.sockjs.support.SockJsHttpRequestHandler@28391cc6
2025-09-19T13:11:33.426+05:30 DEBUG 10960 --- [Back_End] [http-nio-8080-exec-4] o.s.w.s.s.t.h.DefaultSockJsService       : Processing transport request: GET http://localhost:8080/ws-chat/258/unktoyk3/websocket
2025-09-19T13:11:33.427+05:30 DEBUG 10960 --- [Back_End] [http-nio-8080-exec-8] o.s.web.servlet.DispatcherServlet        : Completed 200 OK
2025-09-19T13:11:33.429+05:30 DEBUG 10960 --- [Back_End] [http-nio-8080-exec-4] o.s.web.servlet.DispatcherServlet        : Completed 101 SWITCHING_PROTOCOLS
2025-09-19T13:11:33.432+05:30 DEBUG 10960 --- [Back_End] [http-nio-8080-exec-4] s.w.s.h.LoggingWebSocketHandlerDecorator : New WebSocketServerSockJsSession[id=unktoyk3]
2025-09-19T13:11:33.468+05:30 DEBUG 10960 --- [Back_End] [clientInboundChannel-156] org.springframework.web.SimpLogging      : Processing CONNECT session=unktoyk3
2025-09-19T13:11:33.477+05:30 DEBUG 10960 --- [Back_End] [clientInboundChannel-135] org.springframework.web.SimpLogging      : Processing SUBSCRIBE destination=/topic/messages-userunktoyk3 subscriptionId=sub-0 session=unktoyk3 payload=byte[0]
2025-09-19T13:11:33.488+05:30 DEBUG 10960 --- [Back_End] [http-nio-8080-exec-6] o.s.web.servlet.DispatcherServlet        : GET "/api/classes/2/users", parameters={}
2025-09-19T13:11:33.489+05:30 DEBUG 10960 --- [Back_End] [http-nio-8080-exec-6] s.w.s.m.m.a.RequestMappingHandlerMapping : Mapped to com.ijse.gdse72.back_end.controller.ClassController#getUsersByClass(Long)
2025-09-19T13:11:33.496+05:30 DEBUG 10960 --- [Back_End] [http-nio-8080-exec-6] o.s.w.s.m.m.a.HttpEntityMethodProcessor  : Using 'application/json', given [*/*] and supported [application/json, application/*+json]
2025-09-19T13:11:33.496+05:30 DEBUG 10960 --- [Back_End] [http-nio-8080-exec-6] o.s.w.s.m.m.a.HttpEntityMethodProcessor  : Writing [com.ijse.gdse72.back_end.dto.ApiResponse@7105fa24]
2025-09-19T13:11:33.498+05:30 DEBUG 10960 --- [Back_End] [http-nio-8080-exec-6] o.s.web.servlet.DispatcherServlet        : Completed 200 OK
2025-09-19T13:11:33.647+05:30 DEBUG 10960 --- [Back_End] [MessageBroker-8] o.s.w.s.s.t.h.DefaultSockJsService       : Closed 1 sessions: [n1ihvdvy]
2025-09-19T13:11:34.649+05:30 DEBUG 10960 --- [Back_End] [http-nio-8080-exec-7] o.s.web.servlet.DispatcherServlet        : GET "/api/classes/2", parameters={}
2025-09-19T13:11:34.650+05:30 DEBUG 10960 --- [Back_End] [http-nio-8080-exec-7] s.w.s.m.m.a.RequestMappingHandlerMapping : Mapped to com.ijse.gdse72.back_end.controller.ClassController#getClassById(Long)
2025-09-19T13:11:34.657+05:30 DEBUG 10960 --- [Back_End] [http-nio-8080-exec-7] o.s.w.s.m.m.a.HttpEntityMethodProcessor  : Using 'application/json', given [*/*] and supported [application/json, application/*+json]
2025-09-19T13:11:34.658+05:30 DEBUG 10960 --- [Back_End] [http-nio-8080-exec-7] o.s.w.s.m.m.a.HttpEntityMethodProcessor  : Writing [com.ijse.gdse72.back_end.dto.ApiResponse@6d1afcc7]
2025-09-19T13:11:34.658+05:30 DEBUG 10960 --- [Back_End] [http-nio-8080-exec-7] o.s.web.servlet.DispatcherServlet        : Completed 200 OK
2025-09-19T13:11:38.656+05:30 DEBUG 10960 --- [Back_End] [MessageBroker-8] o.s.w.s.s.t.h.DefaultSockJsService       : Closed 2 sessions: [hakqfpf4, yrffn33r]
2025-09-19T13:11:46.090+05:30 DEBUG 10960 --- [Back_End] [http-nio-8080-exec-8] s.w.s.h.LoggingWebSocketHandlerDecorator : WebSocketServerSockJsSession[id=unktoyk3] closed with CloseStatus[code=1000, reason=null]
2025-09-19T13:11:46.090+05:30 DEBUG 10960 --- [Back_End] [http-nio-8080-exec-8] o.s.w.s.m.SubProtocolWebSocketHandler    : Clearing session unktoyk3
2025-09-19T13:11:46.091+05:30 DEBUG 10960 --- [Back_End] [clientInboundChannel-139] org.springframework.web.SimpLogging      : Processing DISCONNECT session=unktoyk3
2025-09-19T13:11:46.101+05:30 DEBUG 10960 --- [Back_End] [clientOutboundChannel-60] o.s.w.s.m.SubProtocolWebSocketHandler    : No session for GenericMessage [payload=byte[0], headers={simpMessageType=DISCONNECT_ACK, simpDisconnectMessage=GenericMessage [payload=byte[0], headers={simpMessageType=DISCONNECT, stompCommand=DISCONNECT, simpSessionAttributes={org.springframework.messaging.simp.SimpAttributes.COMPLETED=true}, simpSessionId=unktoyk3}], simpSessionId=unktoyk3}]
2025-09-19T13:11:46.227+05:30 DEBUG 10960 --- [Back_End] [http-nio-8080-exec-9] o.s.web.servlet.DispatcherServlet        : GET "/ws-chat/info?t=1758267706153", parameters={masked}
2025-09-19T13:11:46.228+05:30 DEBUG 10960 --- [Back_End] [http-nio-8080-exec-9] o.s.w.s.s.s.WebSocketHandlerMapping      : Mapped to org.springframework.web.socket.sockjs.support.SockJsHttpRequestHandler@28391cc6
2025-09-19T13:11:46.229+05:30 DEBUG 10960 --- [Back_End] [http-nio-8080-exec-9] o.s.w.s.s.t.h.DefaultSockJsService       : Processing transport request: GET http://localhost:8080/ws-chat/info?t=1758267706153
2025-09-19T13:11:46.229+05:30 DEBUG 10960 --- [Back_End] [http-nio-8080-exec-9] o.s.web.servlet.DispatcherServlet        : Completed 200 OK
2025-09-19T13:11:46.242+05:30 DEBUG 10960 --- [Back_End] [http-nio-8080-exec-10] o.s.web.servlet.DispatcherServlet        : GET "/api/classes/2", parameters={}
2025-09-19T13:11:46.242+05:30 DEBUG 10960 --- [Back_End] [http-nio-8080-exec-10] s.w.s.m.m.a.RequestMappingHandlerMapping : Mapped to com.ijse.gdse72.back_end.controller.ClassController#getClassById(Long)
2025-09-19T13:11:46.254+05:30 DEBUG 10960 --- [Back_End] [http-nio-8080-exec-10] o.s.w.s.m.m.a.HttpEntityMethodProcessor  : Using 'application/json', given [*/*] and supported [application/json, application/*+json]
2025-09-19T13:11:46.254+05:30 DEBUG 10960 --- [Back_End] [http-nio-8080-exec-10] o.s.w.s.m.m.a.HttpEntityMethodProcessor  : Writing [com.ijse.gdse72.back_end.dto.ApiResponse@54973fe2]
2025-09-19T13:11:46.255+05:30 DEBUG 10960 --- [Back_End] [http-nio-8080-exec-10] o.s.web.servlet.DispatcherServlet        : Completed 200 OK
2025-09-19T13:11:46.267+05:30 DEBUG 10960 --- [Back_End] [http-nio-8080-exec-6] o.s.web.servlet.DispatcherServlet        : GET "/api/classes/2", parameters={}
2025-09-19T13:11:46.268+05:30 DEBUG 10960 --- [Back_End] [http-nio-8080-exec-6] s.w.s.m.m.a.RequestMappingHandlerMapping : Mapped to com.ijse.gdse72.back_end.controller.ClassController#getClassById(Long)
2025-09-19T13:11:46.277+05:30 DEBUG 10960 --- [Back_End] [http-nio-8080-exec-7] o.s.web.servlet.DispatcherServlet        : GET "/ws-chat/926/bdly4r3c/websocket", parameters={}
2025-09-19T13:11:46.278+05:30 DEBUG 10960 --- [Back_End] [http-nio-8080-exec-7] o.s.w.s.s.s.WebSocketHandlerMapping      : Mapped to org.springframework.web.socket.sockjs.support.SockJsHttpRequestHandler@28391cc6
2025-09-19T13:11:46.278+05:30 DEBUG 10960 --- [Back_End] [http-nio-8080-exec-7] o.s.w.s.s.t.h.DefaultSockJsService       : Processing transport request: GET http://localhost:8080/ws-chat/926/bdly4r3c/websocket
2025-09-19T13:11:46.280+05:30 DEBUG 10960 --- [Back_End] [http-nio-8080-exec-7] o.s.web.servlet.DispatcherServlet        : Completed 101 SWITCHING_PROTOCOLS
2025-09-19T13:11:46.282+05:30 DEBUG 10960 --- [Back_End] [http-nio-8080-exec-7] s.w.s.h.LoggingWebSocketHandlerDecorator : New WebSocketServerSockJsSession[id=bdly4r3c]
2025-09-19T13:11:46.287+05:30 DEBUG 10960 --- [Back_End] [clientInboundChannel-140] org.springframework.web.SimpLogging      : Processing CONNECT session=bdly4r3c
2025-09-19T13:11:46.288+05:30 DEBUG 10960 --- [Back_End] [http-nio-8080-exec-6] o.s.w.s.m.m.a.HttpEntityMethodProcessor  : Using 'application/json', given [*/*] and supported [application/json, application/*+json]
2025-09-19T13:11:46.289+05:30 DEBUG 10960 --- [Back_End] [http-nio-8080-exec-6] o.s.w.s.m.m.a.HttpEntityMethodProcessor  : Writing [com.ijse.gdse72.back_end.dto.ApiResponse@709c49f4]
2025-09-19T13:11:46.290+05:30 DEBUG 10960 --- [Back_End] [clientInboundChannel-144] org.springframework.web.SimpLogging      : Processing SUBSCRIBE destination=/topic/messages-userbdly4r3c subscriptionId=sub-0 session=bdly4r3c payload=byte[0]
2025-09-19T13:11:46.290+05:30 DEBUG 10960 --- [Back_End] [http-nio-8080-exec-6] o.s.web.servlet.DispatcherServlet        : Completed 200 OK
2025-09-19T13:11:46.307+05:30 DEBUG 10960 --- [Back_End] [http-nio-8080-exec-8] o.s.web.servlet.DispatcherServlet        : GET "/api/classes/2/users", parameters={}
2025-09-19T13:11:46.308+05:30 DEBUG 10960 --- [Back_End] [http-nio-8080-exec-8] s.w.s.m.m.a.RequestMappingHandlerMapping : Mapped to com.ijse.gdse72.back_end.controller.ClassController#getUsersByClass(Long)
2025-09-19T13:11:46.316+05:30 DEBUG 10960 --- [Back_End] [http-nio-8080-exec-8] o.s.w.s.m.m.a.HttpEntityMethodProcessor  : Using 'application/json', given [*/*] and supported [application/json, application/*+json]
2025-09-19T13:11:46.316+05:30 DEBUG 10960 --- [Back_End] [http-nio-8080-exec-8] o.s.w.s.m.m.a.HttpEntityMethodProcessor  : Writing [com.ijse.gdse72.back_end.dto.ApiResponse@40c77b2f]
2025-09-19T13:11:46.317+05:30 DEBUG 10960 --- [Back_End] [http-nio-8080-exec-8] o.s.web.servlet.DispatcherServlet        : Completed 200 OK
2025-09-19T13:11:48.049+05:30 DEBUG 10960 --- [Back_End] [http-nio-8080-exec-4] s.w.s.h.LoggingWebSocketHandlerDecorator : WebSocketServerSockJsSession[id=bdly4r3c] closed with CloseStatus[code=1000, reason=null]
2025-09-19T13:11:48.051+05:30 DEBUG 10960 --- [Back_End] [http-nio-8080-exec-4] o.s.w.s.m.SubProtocolWebSocketHandler    : Clearing session bdly4r3c
2025-09-19T13:11:48.052+05:30 DEBUG 10960 --- [Back_End] [clientInboundChannel-149] org.springframework.web.SimpLogging      : Processing DISCONNECT session=bdly4r3c
2025-09-19T13:11:48.054+05:30 DEBUG 10960 --- [Back_End] [clientOutboundChannel-62] o.s.w.s.m.SubProtocolWebSocketHandler    : No session for GenericMessage [payload=byte[0], headers={simpMessageType=DISCONNECT_ACK, simpDisconnectMessage=GenericMessage [payload=byte[0], headers={simpMessageType=DISCONNECT, stompCommand=DISCONNECT, simpSessionAttributes={org.springframework.messaging.simp.SimpAttributes.COMPLETED=true}, simpSessionId=bdly4r3c}], simpSessionId=bdly4r3c}]
2025-09-19T13:11:48.225+05:30 DEBUG 10960 --- [Back_End] [http-nio-8080-exec-9] o.s.web.servlet.DispatcherServlet        : GET "/ws-chat/info?t=1758267708140", parameters={masked}
2025-09-19T13:11:48.226+05:30 DEBUG 10960 --- [Back_End] [http-nio-8080-exec-9] o.s.w.s.s.s.WebSocketHandlerMapping      : Mapped to org.springframework.web.socket.sockjs.support.SockJsHttpRequestHandler@28391cc6
2025-09-19T13:11:48.227+05:30 DEBUG 10960 --- [Back_End] [http-nio-8080-exec-9] o.s.w.s.s.t.h.DefaultSockJsService       : Processing transport request: GET http://localhost:8080/ws-chat/info?t=1758267708140
2025-09-19T13:11:48.227+05:30 DEBUG 10960 --- [Back_End] [http-nio-8080-exec-9] o.s.web.servlet.DispatcherServlet        : Completed 200 OK
2025-09-19T13:11:48.244+05:30 DEBUG 10960 --- [Back_End] [http-nio-8080-exec-3] o.s.web.servlet.DispatcherServlet        : GET "/api/classes/2", parameters={}
2025-09-19T13:11:48.244+05:30 DEBUG 10960 --- [Back_End] [http-nio-8080-exec-3] s.w.s.m.m.a.RequestMappingHandlerMapping : Mapped to com.ijse.gdse72.back_end.controller.ClassController#getClassById(Long)
2025-09-19T13:11:48.278+05:30 DEBUG 10960 --- [Back_End] [http-nio-8080-exec-3] o.s.w.s.m.m.a.HttpEntityMethodProcessor  : Using 'application/json', given [*/*] and supported [application/json, application/*+json]
2025-09-19T13:11:48.279+05:30 DEBUG 10960 --- [Back_End] [http-nio-8080-exec-3] o.s.w.s.m.m.a.HttpEntityMethodProcessor  : Writing [com.ijse.gdse72.back_end.dto.ApiResponse@6ef9f5d4]
2025-09-19T13:11:48.280+05:30 DEBUG 10960 --- [Back_End] [http-nio-8080-exec-3] o.s.web.servlet.DispatcherServlet        : Completed 200 OK
2025-09-19T13:11:48.317+05:30 DEBUG 10960 --- [Back_End] [http-nio-8080-exec-7] o.s.web.servlet.DispatcherServlet        : GET "/ws-chat/467/msza5d4y/websocket", parameters={}
2025-09-19T13:11:48.318+05:30 DEBUG 10960 --- [Back_End] [http-nio-8080-exec-7] o.s.w.s.s.s.WebSocketHandlerMapping      : Mapped to org.springframework.web.socket.sockjs.support.SockJsHttpRequestHandler@28391cc6
2025-09-19T13:11:48.319+05:30 DEBUG 10960 --- [Back_End] [http-nio-8080-exec-7] o.s.w.s.s.t.h.DefaultSockJsService       : Processing transport request: GET http://localhost:8080/ws-chat/467/msza5d4y/websocket
2025-09-19T13:11:48.321+05:30 DEBUG 10960 --- [Back_End] [http-nio-8080-exec-7] o.s.web.servlet.DispatcherServlet        : Completed 101 SWITCHING_PROTOCOLS
2025-09-19T13:11:48.322+05:30 DEBUG 10960 --- [Back_End] [http-nio-8080-exec-7] s.w.s.h.LoggingWebSocketHandlerDecorator : New WebSocketServerSockJsSession[id=msza5d4y]
2025-09-19T13:11:48.324+05:30 DEBUG 10960 --- [Back_End] [http-nio-8080-exec-10] o.s.web.servlet.DispatcherServlet        : GET "/api/classes/2", parameters={}
2025-09-19T13:11:48.324+05:30 DEBUG 10960 --- [Back_End] [http-nio-8080-exec-10] s.w.s.m.m.a.RequestMappingHandlerMapping : Mapped to com.ijse.gdse72.back_end.controller.ClassController#getClassById(Long)
2025-09-19T13:11:48.327+05:30 DEBUG 10960 --- [Back_End] [clientInboundChannel-150] org.springframework.web.SimpLogging      : Processing CONNECT session=msza5d4y
2025-09-19T13:11:48.331+05:30 DEBUG 10960 --- [Back_End] [clientInboundChannel-154] org.springframework.web.SimpLogging      : Processing SUBSCRIBE destination=/topic/messages-usermsza5d4y subscriptionId=sub-0 session=msza5d4y payload=byte[0]
2025-09-19T13:11:48.337+05:30 DEBUG 10960 --- [Back_End] [http-nio-8080-exec-10] o.s.w.s.m.m.a.HttpEntityMethodProcessor  : Using 'application/json', given [*/*] and supported [application/json, application/*+json]
2025-09-19T13:11:48.376+05:30 DEBUG 10960 --- [Back_End] [http-nio-8080-exec-10] o.s.w.s.m.m.a.HttpEntityMethodProcessor  : Writing [com.ijse.gdse72.back_end.dto.ApiResponse@5126b698]
2025-09-19T13:11:48.378+05:30 DEBUG 10960 --- [Back_End] [http-nio-8080-exec-10] o.s.web.servlet.DispatcherServlet        : Completed 200 OK
2025-09-19T13:11:48.397+05:30 DEBUG 10960 --- [Back_End] [http-nio-8080-exec-6] o.s.web.servlet.DispatcherServlet        : GET "/api/classes/2/users", parameters={}
2025-09-19T13:11:48.398+05:30 DEBUG 10960 --- [Back_End] [http-nio-8080-exec-6] s.w.s.m.m.a.RequestMappingHandlerMapping : Mapped to com.ijse.gdse72.back_end.controller.ClassController#getUsersByClass(Long)
2025-09-19T13:11:48.411+05:30 DEBUG 10960 --- [Back_End] [http-nio-8080-exec-6] o.s.w.s.m.m.a.HttpEntityMethodProcessor  : Using 'application/json', given [*/*] and supported [application/json, application/*+json]
2025-09-19T13:11:48.411+05:30 DEBUG 10960 --- [Back_End] [http-nio-8080-exec-6] o.s.w.s.m.m.a.HttpEntityMethodProcessor  : Writing [com.ijse.gdse72.back_end.dto.ApiResponse@794ac960]
2025-09-19T13:11:48.413+05:30 DEBUG 10960 --- [Back_End] [http-nio-8080-exec-6] o.s.web.servlet.DispatcherServlet        : Completed 200 OK
2025-09-19T13:11:51.146+05:30 DEBUG 10960 --- [Back_End] [http-nio-8080-exec-5] s.w.s.h.LoggingWebSocketHandlerDecorator : WebSocketServerSockJsSession[id=msza5d4y] closed with CloseStatus[code=1000, reason=null]
2025-09-19T13:11:51.146+05:30 DEBUG 10960 --- [Back_End] [http-nio-8080-exec-5] o.s.w.s.m.SubProtocolWebSocketHandler    : Clearing session msza5d4y
2025-09-19T13:11:51.147+05:30 DEBUG 10960 --- [Back_End] [clientInboundChannel-158] org.springframework.web.SimpLogging      : Processing DISCONNECT session=msza5d4y
2025-09-19T13:11:51.149+05:30 DEBUG 10960 --- [Back_End] [clientOutboundChannel-64] o.s.w.s.m.SubProtocolWebSocketHandler    : No session for GenericMessage [payload=byte[0], headers={simpMessageType=DISCONNECT_ACK, simpDisconnectMessage=GenericMessage [payload=byte[0], headers={simpMessageType=DISCONNECT, stompCommand=DISCONNECT, simpSessionAttributes={org.springframework.messaging.simp.SimpAttributes.COMPLETED=true}, simpSessionId=msza5d4y}], simpSessionId=msza5d4y}]
2025-09-19T13:11:51.291+05:30 DEBUG 10960 --- [Back_End] [http-nio-8080-exec-2] o.s.web.servlet.DispatcherServlet        : GET "/ws-chat/info?t=1758267711203", parameters={masked}
2025-09-19T13:11:51.292+05:30 DEBUG 10960 --- [Back_End] [http-nio-8080-exec-2] o.s.w.s.s.s.WebSocketHandlerMapping      : Mapped to org.springframework.web.socket.sockjs.support.SockJsHttpRequestHandler@28391cc6
2025-09-19T13:11:51.292+05:30 DEBUG 10960 --- [Back_End] [http-nio-8080-exec-2] o.s.w.s.s.t.h.DefaultSockJsService       : Processing transport request: GET http://localhost:8080/ws-chat/info?t=1758267711203
2025-09-19T13:11:51.293+05:30 DEBUG 10960 --- [Back_End] [http-nio-8080-exec-2] o.s.web.servlet.DispatcherServlet        : Completed 200 OK
2025-09-19T13:11:51.303+05:30 DEBUG 10960 --- [Back_End] [http-nio-8080-exec-1] o.s.web.servlet.DispatcherServlet        : GET "/api/classes/2", parameters={}
2025-09-19T13:11:51.304+05:30 DEBUG 10960 --- [Back_End] [http-nio-8080-exec-1] s.w.s.m.m.a.RequestMappingHandlerMapping : Mapped to com.ijse.gdse72.back_end.controller.ClassController#getClassById(Long)
2025-09-19T13:11:51.312+05:30 DEBUG 10960 --- [Back_End] [http-nio-8080-exec-1] o.s.w.s.m.m.a.HttpEntityMethodProcessor  : Using 'application/json', given [*/*] and supported [application/json, application/*+json]
2025-09-19T13:11:51.312+05:30 DEBUG 10960 --- [Back_End] [http-nio-8080-exec-1] o.s.w.s.m.m.a.HttpEntityMethodProcessor  : Writing [com.ijse.gdse72.back_end.dto.ApiResponse@19cd3ad6]
2025-09-19T13:11:51.313+05:30 DEBUG 10960 --- [Back_End] [http-nio-8080-exec-1] o.s.web.servlet.DispatcherServlet        : Completed 200 OK
2025-09-19T13:11:51.321+05:30 DEBUG 10960 --- [Back_End] [http-nio-8080-exec-6] o.s.web.servlet.DispatcherServlet        : GET "/ws-chat/914/zuonqa23/websocket", parameters={}
2025-09-19T13:11:51.322+05:30 DEBUG 10960 --- [Back_End] [http-nio-8080-exec-6] o.s.w.s.s.s.WebSocketHandlerMapping      : Mapped to org.springframework.web.socket.sockjs.support.SockJsHttpRequestHandler@28391cc6
2025-09-19T13:11:51.323+05:30 DEBUG 10960 --- [Back_End] [http-nio-8080-exec-6] o.s.w.s.s.t.h.DefaultSockJsService       : Processing transport request: GET http://localhost:8080/ws-chat/914/zuonqa23/websocket
2025-09-19T13:11:51.324+05:30 DEBUG 10960 --- [Back_End] [http-nio-8080-exec-6] o.s.web.servlet.DispatcherServlet        : Completed 101 SWITCHING_PROTOCOLS
2025-09-19T13:11:51.325+05:30 DEBUG 10960 --- [Back_End] [http-nio-8080-exec-10] o.s.web.servlet.DispatcherServlet        : GET "/api/classes/2", parameters={}
2025-09-19T13:11:51.325+05:30 DEBUG 10960 --- [Back_End] [http-nio-8080-exec-10] s.w.s.m.m.a.RequestMappingHandlerMapping : Mapped to com.ijse.gdse72.back_end.controller.ClassController#getClassById(Long)
2025-09-19T13:11:51.325+05:30 DEBUG 10960 --- [Back_End] [http-nio-8080-exec-6] s.w.s.h.LoggingWebSocketHandlerDecorator : New WebSocketServerSockJsSession[id=zuonqa23]
2025-09-19T13:11:51.328+05:30 DEBUG 10960 --- [Back_End] [clientInboundChannel-136] org.springframework.web.SimpLogging      : Processing CONNECT session=zuonqa23
2025-09-19T13:11:51.332+05:30 DEBUG 10960 --- [Back_End] [clientInboundChannel-137] org.springframework.web.SimpLogging      : Processing SUBSCRIBE destination=/topic/messages-userzuonqa23 subscriptionId=sub-0 session=zuonqa23 payload=byte[0]
2025-09-19T13:11:51.342+05:30 DEBUG 10960 --- [Back_End] [http-nio-8080-exec-10] o.s.w.s.m.m.a.HttpEntityMethodProcessor  : Using 'application/json', given [*/*] and supported [application/json, application/*+json]
2025-09-19T13:11:51.343+05:30 DEBUG 10960 --- [Back_End] [http-nio-8080-exec-10] o.s.w.s.m.m.a.HttpEntityMethodProcessor  : Writing [com.ijse.gdse72.back_end.dto.ApiResponse@65827476]
2025-09-19T13:11:51.343+05:30 DEBUG 10960 --- [Back_End] [http-nio-8080-exec-10] o.s.web.servlet.DispatcherServlet        : Completed 200 OK
2025-09-19T13:11:51.359+05:30 DEBUG 10960 --- [Back_End] [http-nio-8080-exec-9] o.s.web.servlet.DispatcherServlet        : GET "/api/classes/2/users", parameters={}
2025-09-19T13:11:51.359+05:30 DEBUG 10960 --- [Back_End] [http-nio-8080-exec-9] s.w.s.m.m.a.RequestMappingHandlerMapping : Mapped to com.ijse.gdse72.back_end.controller.ClassController#getUsersByClass(Long)
2025-09-19T13:11:51.366+05:30 DEBUG 10960 --- [Back_End] [http-nio-8080-exec-9] o.s.w.s.m.m.a.HttpEntityMethodProcessor  : Using 'application/json', given [*/*] and supported [application/json, application/*+json]
2025-09-19T13:11:51.367+05:30 DEBUG 10960 --- [Back_End] [http-nio-8080-exec-9] o.s.w.s.m.m.a.HttpEntityMethodProcessor  : Writing [com.ijse.gdse72.back_end.dto.ApiResponse@55fb4439]
2025-09-19T13:11:51.368+05:30 DEBUG 10960 --- [Back_End] [http-nio-8080-exec-9] o.s.web.servlet.DispatcherServlet        : Completed 200 OK
2025-09-19T13:11:53.190+05:30 DEBUG 10960 --- [Back_End] [http-nio-8080-exec-3] s.w.s.h.LoggingWebSocketHandlerDecorator : WebSocketServerSockJsSession[id=zuonqa23] closed with CloseStatus[code=1000, reason=null]
2025-09-19T13:11:53.191+05:30 DEBUG 10960 --- [Back_End] [http-nio-8080-exec-3] o.s.w.s.m.SubProtocolWebSocketHandler    : Clearing session zuonqa23
2025-09-19T13:11:53.191+05:30 DEBUG 10960 --- [Back_End] [clientInboundChannel-142] org.springframework.web.SimpLogging      : Processing DISCONNECT session=zuonqa23
2025-09-19T13:11:53.193+05:30 DEBUG 10960 --- [Back_End] [clientOutboundChannel-66] o.s.w.s.m.SubProtocolWebSocketHandler    : No session for GenericMessage [payload=byte[0], headers={simpMessageType=DISCONNECT_ACK, simpDisconnectMessage=GenericMessage [payload=byte[0], headers={simpMessageType=DISCONNECT, stompCommand=DISCONNECT, simpSessionAttributes={org.springframework.messaging.simp.SimpAttributes.COMPLETED=true}, simpSessionId=zuonqa23}], simpSessionId=zuonqa23}]
2025-09-19T13:11:53.262+05:30 DEBUG 10960 --- [Back_End] [http-nio-8080-exec-7] o.s.web.servlet.DispatcherServlet        : GET "/api/classes/2", parameters={}
2025-09-19T13:11:53.263+05:30 DEBUG 10960 --- [Back_End] [http-nio-8080-exec-7] s.w.s.m.m.a.RequestMappingHandlerMapping : Mapped to com.ijse.gdse72.back_end.controller.ClassController#getClassById(Long)
2025-09-19T13:11:53.279+05:30 DEBUG 10960 --- [Back_End] [http-nio-8080-exec-7] o.s.w.s.m.m.a.HttpEntityMethodProcessor  : Using 'application/json', given [*/*] and supported [application/json, application/*+json]
2025-09-19T13:11:53.280+05:30 DEBUG 10960 --- [Back_End] [http-nio-8080-exec-7] o.s.w.s.m.m.a.HttpEntityMethodProcessor  : Writing [com.ijse.gdse72.back_end.dto.ApiResponse@695b9547]
2025-09-19T13:11:53.282+05:30 DEBUG 10960 --- [Back_End] [http-nio-8080-exec-7] o.s.web.servlet.DispatcherServlet        : Completed 200 OK
2025-09-19T13:11:53.293+05:30 DEBUG 10960 --- [Back_End] [http-nio-8080-exec-2] o.s.web.servlet.DispatcherServlet        : GET "/api/classes/2", parameters={}
2025-09-19T13:11:53.293+05:30 DEBUG 10960 --- [Back_End] [http-nio-8080-exec-2] s.w.s.m.m.a.RequestMappingHandlerMapping : Mapped to com.ijse.gdse72.back_end.controller.ClassController#getClassById(Long)
2025-09-19T13:11:53.309+05:30 DEBUG 10960 --- [Back_End] [http-nio-8080-exec-2] o.s.w.s.m.m.a.HttpEntityMethodProcessor  : Using 'application/json', given [*/*] and supported [application/json, application/*+json]
2025-09-19T13:11:53.310+05:30 DEBUG 10960 --- [Back_End] [http-nio-8080-exec-2] o.s.w.s.m.m.a.HttpEntityMethodProcessor  : Writing [com.ijse.gdse72.back_end.dto.ApiResponse@4ed8ca6f]
2025-09-19T13:11:53.312+05:30 DEBUG 10960 --- [Back_End] [http-nio-8080-exec-2] o.s.web.servlet.DispatcherServlet        : Completed 200 OK
2025-09-19T13:11:53.326+05:30 DEBUG 10960 --- [Back_End] [http-nio-8080-exec-1] o.s.web.servlet.DispatcherServlet        : GET "/ws-chat/info?t=1758267713253", parameters={masked}
2025-09-19T13:11:53.326+05:30 DEBUG 10960 --- [Back_End] [http-nio-8080-exec-1] o.s.w.s.s.s.WebSocketHandlerMapping      : Mapped to org.springframework.web.socket.sockjs.support.SockJsHttpRequestHandler@28391cc6
2025-09-19T13:11:53.327+05:30 DEBUG 10960 --- [Back_End] [http-nio-8080-exec-1] o.s.w.s.s.t.h.DefaultSockJsService       : Processing transport request: GET http://localhost:8080/ws-chat/info?t=1758267713253
2025-09-19T13:11:53.327+05:30 DEBUG 10960 --- [Back_End] [http-nio-8080-exec-1] o.s.web.servlet.DispatcherServlet        : Completed 200 OK
2025-09-19T13:11:53.365+05:30 DEBUG 10960 --- [Back_End] [http-nio-8080-exec-6] o.s.web.servlet.DispatcherServlet        : GET "/ws-chat/102/1n1mubpy/websocket", parameters={}
2025-09-19T13:11:53.366+05:30 DEBUG 10960 --- [Back_End] [http-nio-8080-exec-6] o.s.w.s.s.s.WebSocketHandlerMapping      : Mapped to org.springframework.web.socket.sockjs.support.SockJsHttpRequestHandler@28391cc6
2025-09-19T13:11:53.366+05:30 DEBUG 10960 --- [Back_End] [http-nio-8080-exec-6] o.s.w.s.s.t.h.DefaultSockJsService       : Processing transport request: GET http://localhost:8080/ws-chat/102/1n1mubpy/websocket
2025-09-19T13:11:53.367+05:30 DEBUG 10960 --- [Back_End] [http-nio-8080-exec-6] o.s.web.servlet.DispatcherServlet        : Completed 101 SWITCHING_PROTOCOLS
2025-09-19T13:11:53.368+05:30 DEBUG 10960 --- [Back_End] [http-nio-8080-exec-6] s.w.s.h.LoggingWebSocketHandlerDecorator : New WebSocketServerSockJsSession[id=1n1mubpy]
2025-09-19T13:11:53.373+05:30 DEBUG 10960 --- [Back_End] [clientInboundChannel-143] org.springframework.web.SimpLogging      : Processing CONNECT session=1n1mubpy
2025-09-19T13:11:53.377+05:30 DEBUG 10960 --- [Back_End] [clientInboundChannel-148] org.springframework.web.SimpLogging      : Processing SUBSCRIBE destination=/topic/messages-user1n1mubpy subscriptionId=sub-0 session=1n1mubpy payload=byte[0]
2025-09-19T13:11:53.379+05:30 DEBUG 10960 --- [Back_End] [http-nio-8080-exec-5] o.s.web.servlet.DispatcherServlet        : GET "/api/classes/2/users", parameters={}
2025-09-19T13:11:53.380+05:30 DEBUG 10960 --- [Back_End] [http-nio-8080-exec-5] s.w.s.m.m.a.RequestMappingHandlerMapping : Mapped to com.ijse.gdse72.back_end.controller.ClassController#getUsersByClass(Long)
2025-09-19T13:11:53.388+05:30 DEBUG 10960 --- [Back_End] [http-nio-8080-exec-5] o.s.w.s.m.m.a.HttpEntityMethodProcessor  : Using 'application/json', given [*/*] and supported [application/json, application/*+json]
2025-09-19T13:11:53.388+05:30 DEBUG 10960 --- [Back_End] [http-nio-8080-exec-5] o.s.w.s.m.m.a.HttpEntityMethodProcessor  : Writing [com.ijse.gdse72.back_end.dto.ApiResponse@77a9b300]
2025-09-19T13:11:53.390+05:30 DEBUG 10960 --- [Back_End] [http-nio-8080-exec-5] o.s.web.servlet.DispatcherServlet        : Completed 200 OK
2025-09-19T13:11:53.650+05:30 DEBUG 10960 --- [Back_End] [MessageBroker-8] o.s.w.s.s.t.h.DefaultSockJsService       : Closed 2 sessions: [unktoyk3, bdly4r3c]
2025-09-19T13:11:58.351+05:30 DEBUG 10960 --- [Back_End] [http-nio-8080-exec-9] o.s.web.servlet.DispatcherServlet        : GET "/api/classes/2", parameters={}
2025-09-19T13:11:58.351+05:30 DEBUG 10960 --- [Back_End] [http-nio-8080-exec-9] s.w.s.m.m.a.RequestMappingHandlerMapping : Mapped to com.ijse.gdse72.back_end.controller.ClassController#getClassById(Long)
2025-09-19T13:11:58.358+05:30 DEBUG 10960 --- [Back_End] [http-nio-8080-exec-9] o.s.w.s.m.m.a.HttpEntityMethodProcessor  : Using 'application/json', given [*/*] and supported [application/json, application/*+json]
2025-09-19T13:11:58.359+05:30 DEBUG 10960 --- [Back_End] [http-nio-8080-exec-9] o.s.w.s.m.m.a.HttpEntityMethodProcessor  : Writing [com.ijse.gdse72.back_end.dto.ApiResponse@37ac3cdf]
2025-09-19T13:11:58.360+05:30 DEBUG 10960 --- [Back_End] [http-nio-8080-exec-9] o.s.web.servlet.DispatcherServlet        : Completed 200 OK
2025-09-19T13:11:58.658+05:30 DEBUG 10960 --- [Back_End] [MessageBroker-8] o.s.w.s.s.t.h.DefaultSockJsService       : Closed 2 sessions: [msza5d4y, zuonqa23]
2025-09-19T13:12:10.094+05:30 DEBUG 10960 --- [Back_End] [http-nio-8080-exec-1] s.w.s.h.LoggingWebSocketHandlerDecorator : WebSocketServerSockJsSession[id=1n1mubpy] closed with CloseStatus[code=1000, reason=null]
2025-09-19T13:12:10.094+05:30 DEBUG 10960 --- [Back_End] [http-nio-8080-exec-1] o.s.w.s.m.SubProtocolWebSocketHandler    : Clearing session 1n1mubpy
2025-09-19T13:12:10.094+05:30 DEBUG 10960 --- [Back_End] [clientInboundChannel-147] org.springframework.web.SimpLogging      : Processing DISCONNECT session=1n1mubpy
2025-09-19T13:12:10.096+05:30 DEBUG 10960 --- [Back_End] [clientOutboundChannel-68] o.s.w.s.m.SubProtocolWebSocketHandler    : No session for GenericMessage [payload=byte[0], headers={simpMessageType=DISCONNECT_ACK, simpDisconnectMessage=GenericMessage [payload=byte[0], headers={simpMessageType=DISCONNECT, stompCommand=DISCONNECT, simpSessionAttributes={org.springframework.messaging.simp.SimpAttributes.COMPLETED=true}, simpSessionId=1n1mubpy}], simpSessionId=1n1mubpy}]
2025-09-19T13:12:10.242+05:30 DEBUG 10960 --- [Back_End] [http-nio-8080-exec-10] o.s.web.servlet.DispatcherServlet        : GET "/ws-chat/info?t=1758267730173", parameters={masked}
2025-09-19T13:12:10.242+05:30 DEBUG 10960 --- [Back_End] [http-nio-8080-exec-10] o.s.w.s.s.s.WebSocketHandlerMapping      : Mapped to org.springframework.web.socket.sockjs.support.SockJsHttpRequestHandler@28391cc6
2025-09-19T13:12:10.243+05:30 DEBUG 10960 --- [Back_End] [http-nio-8080-exec-10] o.s.w.s.s.t.h.DefaultSockJsService       : Processing transport request: GET http://localhost:8080/ws-chat/info?t=1758267730173
2025-09-19T13:12:10.243+05:30 DEBUG 10960 --- [Back_End] [http-nio-8080-exec-10] o.s.web.servlet.DispatcherServlet        : Completed 200 OK
2025-09-19T13:12:10.259+05:30 DEBUG 10960 --- [Back_End] [http-nio-8080-exec-5] o.s.web.servlet.DispatcherServlet        : GET "/api/classes/2", parameters={}
2025-09-19T13:12:10.260+05:30 DEBUG 10960 --- [Back_End] [http-nio-8080-exec-5] s.w.s.m.m.a.RequestMappingHandlerMapping : Mapped to com.ijse.gdse72.back_end.controller.ClassController#getClassById(Long)
2025-09-19T13:12:10.276+05:30 DEBUG 10960 --- [Back_End] [http-nio-8080-exec-5] o.s.w.s.m.m.a.HttpEntityMethodProcessor  : Using 'application/json', given [*/*] and supported [application/json, application/*+json]
2025-09-19T13:12:10.276+05:30 DEBUG 10960 --- [Back_End] [http-nio-8080-exec-5] o.s.w.s.m.m.a.HttpEntityMethodProcessor  : Writing [com.ijse.gdse72.back_end.dto.ApiResponse@63293076]
2025-09-19T13:12:10.278+05:30 DEBUG 10960 --- [Back_End] [http-nio-8080-exec-5] o.s.web.servlet.DispatcherServlet        : Completed 200 OK
2025-09-19T13:12:10.292+05:30 DEBUG 10960 --- [Back_End] [http-nio-8080-exec-8] o.s.web.servlet.DispatcherServlet        : GET "/api/classes/2", parameters={}
2025-09-19T13:12:10.293+05:30 DEBUG 10960 --- [Back_End] [http-nio-8080-exec-8] s.w.s.m.m.a.RequestMappingHandlerMapping : Mapped to com.ijse.gdse72.back_end.controller.ClassController#getClassById(Long)
2025-09-19T13:12:10.296+05:30 DEBUG 10960 --- [Back_End] [http-nio-8080-exec-9] o.s.web.servlet.DispatcherServlet        : GET "/ws-chat/985/bqdlai0r/websocket", parameters={}
2025-09-19T13:12:10.297+05:30 DEBUG 10960 --- [Back_End] [http-nio-8080-exec-9] o.s.w.s.s.s.WebSocketHandlerMapping      : Mapped to org.springframework.web.socket.sockjs.support.SockJsHttpRequestHandler@28391cc6
2025-09-19T13:12:10.297+05:30 DEBUG 10960 --- [Back_End] [http-nio-8080-exec-9] o.s.w.s.s.t.h.DefaultSockJsService       : Processing transport request: GET http://localhost:8080/ws-chat/985/bqdlai0r/websocket
2025-09-19T13:12:10.298+05:30 DEBUG 10960 --- [Back_End] [http-nio-8080-exec-9] o.s.web.servlet.DispatcherServlet        : Completed 101 SWITCHING_PROTOCOLS
2025-09-19T13:12:10.301+05:30 DEBUG 10960 --- [Back_End] [http-nio-8080-exec-9] s.w.s.h.LoggingWebSocketHandlerDecorator : New WebSocketServerSockJsSession[id=bqdlai0r]
2025-09-19T13:12:10.307+05:30 DEBUG 10960 --- [Back_End] [clientInboundChannel-153] org.springframework.web.SimpLogging      : Processing CONNECT session=bqdlai0r
2025-09-19T13:12:10.308+05:30 DEBUG 10960 --- [Back_End] [http-nio-8080-exec-8] o.s.w.s.m.m.a.HttpEntityMethodProcessor  : Using 'application/json', given [*/*] and supported [application/json, application/*+json]
2025-09-19T13:12:10.308+05:30 DEBUG 10960 --- [Back_End] [http-nio-8080-exec-8] o.s.w.s.m.m.a.HttpEntityMethodProcessor  : Writing [com.ijse.gdse72.back_end.dto.ApiResponse@4c50987]
2025-09-19T13:12:10.310+05:30 DEBUG 10960 --- [Back_End] [http-nio-8080-exec-8] o.s.web.servlet.DispatcherServlet        : Completed 200 OK
2025-09-19T13:12:10.313+05:30 DEBUG 10960 --- [Back_End] [clientInboundChannel-158] org.springframework.web.SimpLogging      : Processing SUBSCRIBE destination=/topic/messages-userbqdlai0r subscriptionId=sub-0 session=bqdlai0r payload=byte[0]
2025-09-19T13:12:10.332+05:30 DEBUG 10960 --- [Back_End] [http-nio-8080-exec-1] o.s.web.servlet.DispatcherServlet        : GET "/api/classes/2/users", parameters={}
2025-09-19T13:12:10.332+05:30 DEBUG 10960 --- [Back_End] [http-nio-8080-exec-1] s.w.s.m.m.a.RequestMappingHandlerMapping : Mapped to com.ijse.gdse72.back_end.controller.ClassController#getUsersByClass(Long)
2025-09-19T13:12:10.340+05:30 DEBUG 10960 --- [Back_End] [http-nio-8080-exec-1] o.s.w.s.m.m.a.HttpEntityMethodProcessor  : Using 'application/json', given [*/*] and supported [application/json, application/*+json]
2025-09-19T13:12:10.340+05:30 DEBUG 10960 --- [Back_End] [http-nio-8080-exec-1] o.s.w.s.m.m.a.HttpEntityMethodProcessor  : Writing [com.ijse.gdse72.back_end.dto.ApiResponse@5e5c505a]
2025-09-19T13:12:10.342+05:30 DEBUG 10960 --- [Back_End] [http-nio-8080-exec-1] o.s.web.servlet.DispatcherServlet        : Completed 200 OK
2025-09-19T13:12:12.531+05:30 DEBUG 10960 --- [Back_End] [http-nio-8080-exec-5] s.w.s.h.LoggingWebSocketHandlerDecorator : WebSocketServerSockJsSession[id=bqdlai0r] closed with CloseStatus[code=1000, reason=null]
2025-09-19T13:12:12.531+05:30 DEBUG 10960 --- [Back_End] [http-nio-8080-exec-5] o.s.w.s.m.SubProtocolWebSocketHandler    : Clearing session bqdlai0r
2025-09-19T13:12:12.532+05:30 DEBUG 10960 --- [Back_End] [clientInboundChannel-135] org.springframework.web.SimpLogging      : Processing DISCONNECT session=bqdlai0r
2025-09-19T13:12:12.533+05:30 DEBUG 10960 --- [Back_End] [clientOutboundChannel-70] o.s.w.s.m.SubProtocolWebSocketHandler    : No session for GenericMessage [payload=byte[0], headers={simpMessageType=DISCONNECT_ACK, simpDisconnectMessage=GenericMessage [payload=byte[0], headers={simpMessageType=DISCONNECT, stompCommand=DISCONNECT, simpSessionAttributes={org.springframework.messaging.simp.SimpAttributes.COMPLETED=true}, simpSessionId=bqdlai0r}], simpSessionId=bqdlai0r}]
2025-09-19T13:12:12.605+05:30 DEBUG 10960 --- [Back_End] [http-nio-8080-exec-9] o.s.web.servlet.DispatcherServlet        : GET "/api/classes/2", parameters={}
2025-09-19T13:12:12.605+05:30 DEBUG 10960 --- [Back_End] [http-nio-8080-exec-9] s.w.s.m.m.a.RequestMappingHandlerMapping : Mapped to com.ijse.gdse72.back_end.controller.ClassController#getClassById(Long)
2025-09-19T13:12:12.619+05:30 DEBUG 10960 --- [Back_End] [http-nio-8080-exec-9] o.s.w.s.m.m.a.HttpEntityMethodProcessor  : Using 'application/json', given [*/*] and supported [application/json, application/*+json]
2025-09-19T13:12:12.619+05:30 DEBUG 10960 --- [Back_End] [http-nio-8080-exec-9] o.s.w.s.m.m.a.HttpEntityMethodProcessor  : Writing [com.ijse.gdse72.back_end.dto.ApiResponse@73c2c30d]
2025-09-19T13:12:12.620+05:30 DEBUG 10960 --- [Back_End] [http-nio-8080-exec-9] o.s.web.servlet.DispatcherServlet        : Completed 200 OK
2025-09-19T13:12:12.634+05:30 DEBUG 10960 --- [Back_End] [http-nio-8080-exec-3] o.s.web.servlet.DispatcherServlet        : GET "/api/classes/2", parameters={}
2025-09-19T13:12:12.635+05:30 DEBUG 10960 --- [Back_End] [http-nio-8080-exec-3] s.w.s.m.m.a.RequestMappingHandlerMapping : Mapped to com.ijse.gdse72.back_end.controller.ClassController#getClassById(Long)
2025-09-19T13:12:12.653+05:30 DEBUG 10960 --- [Back_End] [http-nio-8080-exec-3] o.s.w.s.m.m.a.HttpEntityMethodProcessor  : Using 'application/json', given [*/*] and supported [application/json, application/*+json]
2025-09-19T13:12:12.653+05:30 DEBUG 10960 --- [Back_End] [http-nio-8080-exec-3] o.s.w.s.m.m.a.HttpEntityMethodProcessor  : Writing [com.ijse.gdse72.back_end.dto.ApiResponse@1af92936]
2025-09-19T13:12:12.655+05:30 DEBUG 10960 --- [Back_End] [http-nio-8080-exec-3] o.s.web.servlet.DispatcherServlet        : Completed 200 OK
2025-09-19T13:12:12.662+05:30 DEBUG 10960 --- [Back_End] [http-nio-8080-exec-8] o.s.web.servlet.DispatcherServlet        : GET "/ws-chat/info?t=1758267732591", parameters={masked}
2025-09-19T13:12:12.663+05:30 DEBUG 10960 --- [Back_End] [http-nio-8080-exec-8] o.s.w.s.s.s.WebSocketHandlerMapping      : Mapped to org.springframework.web.socket.sockjs.support.SockJsHttpRequestHandler@28391cc6
2025-09-19T13:12:12.664+05:30 DEBUG 10960 --- [Back_End] [http-nio-8080-exec-8] o.s.w.s.s.t.h.DefaultSockJsService       : Processing transport request: GET http://localhost:8080/ws-chat/info?t=1758267732591
2025-09-19T13:12:12.664+05:30 DEBUG 10960 --- [Back_End] [http-nio-8080-exec-8] o.s.web.servlet.DispatcherServlet        : Completed 200 OK
2025-09-19T13:12:12.697+05:30 DEBUG 10960 --- [Back_End] [http-nio-8080-exec-7] o.s.web.servlet.DispatcherServlet        : GET "/ws-chat/902/t12zjcaw/websocket", parameters={}
2025-09-19T13:12:12.697+05:30 DEBUG 10960 --- [Back_End] [http-nio-8080-exec-7] o.s.w.s.s.s.WebSocketHandlerMapping      : Mapped to org.springframework.web.socket.sockjs.support.SockJsHttpRequestHandler@28391cc6
2025-09-19T13:12:12.698+05:30 DEBUG 10960 --- [Back_End] [http-nio-8080-exec-7] o.s.w.s.s.t.h.DefaultSockJsService       : Processing transport request: GET http://localhost:8080/ws-chat/902/t12zjcaw/websocket
2025-09-19T13:12:12.700+05:30 DEBUG 10960 --- [Back_End] [http-nio-8080-exec-7] o.s.web.servlet.DispatcherServlet        : Completed 101 SWITCHING_PROTOCOLS
2025-09-19T13:12:12.701+05:30 DEBUG 10960 --- [Back_End] [http-nio-8080-exec-7] s.w.s.h.LoggingWebSocketHandlerDecorator : New WebSocketServerSockJsSession[id=t12zjcaw]
2025-09-19T13:12:12.706+05:30 DEBUG 10960 --- [Back_End] [clientInboundChannel-138] org.springframework.web.SimpLogging      : Processing CONNECT session=t12zjcaw
2025-09-19T13:12:12.712+05:30 DEBUG 10960 --- [Back_End] [clientInboundChannel-142] org.springframework.web.SimpLogging      : Processing SUBSCRIBE destination=/topic/messages-usert12zjcaw subscriptionId=sub-0 session=t12zjcaw payload=byte[0]
2025-09-19T13:12:12.717+05:30 DEBUG 10960 --- [Back_End] [http-nio-8080-exec-2] o.s.web.servlet.DispatcherServlet        : GET "/api/classes/2/users", parameters={}
2025-09-19T13:12:12.717+05:30 DEBUG 10960 --- [Back_End] [http-nio-8080-exec-2] s.w.s.m.m.a.RequestMappingHandlerMapping : Mapped to com.ijse.gdse72.back_end.controller.ClassController#getUsersByClass(Long)
2025-09-19T13:12:12.725+05:30 DEBUG 10960 --- [Back_End] [http-nio-8080-exec-2] o.s.w.s.m.m.a.HttpEntityMethodProcessor  : Using 'application/json', given [*/*] and supported [application/json, application/*+json]
2025-09-19T13:12:12.725+05:30 DEBUG 10960 --- [Back_End] [http-nio-8080-exec-2] o.s.w.s.m.m.a.HttpEntityMethodProcessor  : Writing [com.ijse.gdse72.back_end.dto.ApiResponse@7b3874b2]
2025-09-19T13:12:12.727+05:30 DEBUG 10960 --- [Back_End] [http-nio-8080-exec-2] o.s.web.servlet.DispatcherServlet        : Completed 200 OK
2025-09-19T13:12:13.747+05:30 DEBUG 10960 --- [Back_End] [http-nio-8080-exec-4] o.s.web.servlet.DispatcherServlet        : GET "/api/classes/2", parameters={}
2025-09-19T13:12:13.747+05:30 DEBUG 10960 --- [Back_End] [http-nio-8080-exec-4] s.w.s.m.m.a.RequestMappingHandlerMapping : Mapped to com.ijse.gdse72.back_end.controller.ClassController#getClassById(Long)
2025-09-19T13:12:13.755+05:30 DEBUG 10960 --- [Back_End] [http-nio-8080-exec-4] o.s.w.s.m.m.a.HttpEntityMethodProcessor  : Using 'application/json', given [*/*] and supported [application/json, application/*+json]
2025-09-19T13:12:13.755+05:30 DEBUG 10960 --- [Back_End] [http-nio-8080-exec-4] o.s.w.s.m.m.a.HttpEntityMethodProcessor  : Writing [com.ijse.gdse72.back_end.dto.ApiResponse@45c92968]
2025-09-19T13:12:13.756+05:30 DEBUG 10960 --- [Back_End] [http-nio-8080-exec-4] o.s.web.servlet.DispatcherServlet        : Completed 200 OK
2025-09-19T13:12:18.643+05:30 DEBUG 10960 --- [Back_End] [MessageBroker-8] o.s.w.s.s.t.h.DefaultSockJsService       : Closed 2 sessions: [1n1mubpy, bqdlai0r]
2025-09-19T13:12:19.711+05:30 DEBUG 10960 --- [Back_End] [http-nio-8080-exec-10] s.w.s.h.LoggingWebSocketHandlerDecorator : WebSocketServerSockJsSession[id=t12zjcaw] closed with CloseStatus[code=1000, reason=null]
2025-09-19T13:12:19.711+05:30 DEBUG 10960 --- [Back_End] [http-nio-8080-exec-10] o.s.w.s.m.SubProtocolWebSocketHandler    : Clearing session t12zjcaw
2025-09-19T13:12:19.711+05:30 DEBUG 10960 --- [Back_End] [clientInboundChannel-144] org.springframework.web.SimpLogging      : Processing DISCONNECT session=t12zjcaw
2025-09-19T13:12:19.713+05:30 DEBUG 10960 --- [Back_End] [clientOutboundChannel-72] o.s.w.s.m.SubProtocolWebSocketHandler    : No session for GenericMessage [payload=byte[0], headers={simpMessageType=DISCONNECT_ACK, simpDisconnectMessage=GenericMessage [payload=byte[0], headers={simpMessageType=DISCONNECT, stompCommand=DISCONNECT, simpSessionAttributes={org.springframework.messaging.simp.SimpAttributes.COMPLETED=true}, simpSessionId=t12zjcaw}], simpSessionId=t12zjcaw}]
2025-09-19T13:12:19.809+05:30 DEBUG 10960 --- [Back_End] [http-nio-8080-exec-3] o.s.web.servlet.DispatcherServlet        : GET "/api/classes/2", parameters={}
2025-09-19T13:12:19.810+05:30 DEBUG 10960 --- [Back_End] [http-nio-8080-exec-3] s.w.s.m.m.a.RequestMappingHandlerMapping : Mapped to com.ijse.gdse72.back_end.controller.ClassController#getClassById(Long)
2025-09-19T13:12:19.819+05:30 DEBUG 10960 --- [Back_End] [http-nio-8080-exec-8] o.s.web.servlet.DispatcherServlet        : GET "/ws-chat/info?t=1758267739770", parameters={masked}
2025-09-19T13:12:19.819+05:30 DEBUG 10960 --- [Back_End] [http-nio-8080-exec-8] o.s.w.s.s.s.WebSocketHandlerMapping      : Mapped to org.springframework.web.socket.sockjs.support.SockJsHttpRequestHandler@28391cc6
2025-09-19T13:12:19.820+05:30 DEBUG 10960 --- [Back_End] [http-nio-8080-exec-8] o.s.w.s.s.t.h.DefaultSockJsService       : Processing transport request: GET http://localhost:8080/ws-chat/info?t=1758267739770
2025-09-19T13:12:19.821+05:30 DEBUG 10960 --- [Back_End] [http-nio-8080-exec-8] o.s.web.servlet.DispatcherServlet        : Completed 200 OK
2025-09-19T13:12:19.826+05:30 DEBUG 10960 --- [Back_End] [http-nio-8080-exec-3] o.s.w.s.m.m.a.HttpEntityMethodProcessor  : Using 'application/json', given [*/*] and supported [application/json, application/*+json]
2025-09-19T13:12:19.826+05:30 DEBUG 10960 --- [Back_End] [http-nio-8080-exec-3] o.s.w.s.m.m.a.HttpEntityMethodProcessor  : Writing [com.ijse.gdse72.back_end.dto.ApiResponse@a3238b3]
2025-09-19T13:12:19.828+05:30 DEBUG 10960 --- [Back_End] [http-nio-8080-exec-3] o.s.web.servlet.DispatcherServlet        : Completed 200 OK
2025-09-19T13:12:19.840+05:30 DEBUG 10960 --- [Back_End] [http-nio-8080-exec-7] o.s.web.servlet.DispatcherServlet        : GET "/api/classes/2", parameters={}
2025-09-19T13:12:19.841+05:30 DEBUG 10960 --- [Back_End] [http-nio-8080-exec-7] s.w.s.m.m.a.RequestMappingHandlerMapping : Mapped to com.ijse.gdse72.back_end.controller.ClassController#getClassById(Long)
2025-09-19T13:12:19.852+05:30 DEBUG 10960 --- [Back_End] [http-nio-8080-exec-7] o.s.w.s.m.m.a.HttpEntityMethodProcessor  : Using 'application/json', given [*/*] and supported [application/json, application/*+json]
2025-09-19T13:12:19.853+05:30 DEBUG 10960 --- [Back_End] [http-nio-8080-exec-7] o.s.w.s.m.m.a.HttpEntityMethodProcessor  : Writing [com.ijse.gdse72.back_end.dto.ApiResponse@59ed5e8c]
2025-09-19T13:12:19.854+05:30 DEBUG 10960 --- [Back_End] [http-nio-8080-exec-7] o.s.web.servlet.DispatcherServlet        : Completed 200 OK
2025-09-19T13:12:19.882+05:30 DEBUG 10960 --- [Back_End] [http-nio-8080-exec-1] o.s.web.servlet.DispatcherServlet        : GET "/ws-chat/364/gyouh0ia/websocket", parameters={}
2025-09-19T13:12:19.882+05:30 DEBUG 10960 --- [Back_End] [http-nio-8080-exec-1] o.s.w.s.s.s.WebSocketHandlerMapping      : Mapped to org.springframework.web.socket.sockjs.support.SockJsHttpRequestHandler@28391cc6
2025-09-19T13:12:19.882+05:30 DEBUG 10960 --- [Back_End] [http-nio-8080-exec-1] o.s.w.s.s.t.h.DefaultSockJsService       : Processing transport request: GET http://localhost:8080/ws-chat/364/gyouh0ia/websocket
2025-09-19T13:12:19.883+05:30 DEBUG 10960 --- [Back_End] [http-nio-8080-exec-1] o.s.web.servlet.DispatcherServlet        : Completed 101 SWITCHING_PROTOCOLS
2025-09-19T13:12:19.884+05:30 DEBUG 10960 --- [Back_End] [http-nio-8080-exec-1] s.w.s.h.LoggingWebSocketHandlerDecorator : New WebSocketServerSockJsSession[id=gyouh0ia]
2025-09-19T13:12:19.890+05:30 DEBUG 10960 --- [Back_End] [clientInboundChannel-149] org.springframework.web.SimpLogging      : Processing CONNECT session=gyouh0ia
2025-09-19T13:12:19.894+05:30 DEBUG 10960 --- [Back_End] [clientInboundChannel-147] org.springframework.web.SimpLogging      : Processing SUBSCRIBE destination=/topic/messages-usergyouh0ia subscriptionId=sub-0 session=gyouh0ia payload=byte[0]
2025-09-19T13:12:19.903+05:30 DEBUG 10960 --- [Back_End] [http-nio-8080-exec-10] o.s.web.servlet.DispatcherServlet        : GET "/api/classes/2/users", parameters={}
2025-09-19T13:12:19.904+05:30 DEBUG 10960 --- [Back_End] [http-nio-8080-exec-10] s.w.s.m.m.a.RequestMappingHandlerMapping : Mapped to com.ijse.gdse72.back_end.controller.ClassController#getUsersByClass(Long)
2025-09-19T13:12:19.910+05:30 DEBUG 10960 --- [Back_End] [http-nio-8080-exec-10] o.s.w.s.m.m.a.HttpEntityMethodProcessor  : Using 'application/json', given [*/*] and supported [application/json, application/*+json]
2025-09-19T13:12:19.910+05:30 DEBUG 10960 --- [Back_End] [http-nio-8080-exec-10] o.s.w.s.m.m.a.HttpEntityMethodProcessor  : Writing [com.ijse.gdse72.back_end.dto.ApiResponse@d57e45d]
2025-09-19T13:12:19.911+05:30 DEBUG 10960 --- [Back_End] [http-nio-8080-exec-10] o.s.web.servlet.DispatcherServlet        : Completed 200 OK
2025-09-19T13:12:24.400+05:30 DEBUG 10960 --- [Back_End] [http-nio-8080-exec-3] s.w.s.h.LoggingWebSocketHandlerDecorator : WebSocketServerSockJsSession[id=gyouh0ia] closed with CloseStatus[code=1000, reason=null]
2025-09-19T13:12:24.400+05:30 DEBUG 10960 --- [Back_End] [http-nio-8080-exec-3] o.s.w.s.m.SubProtocolWebSocketHandler    : Clearing session gyouh0ia
2025-09-19T13:12:24.400+05:30 DEBUG 10960 --- [Back_End] [clientInboundChannel-155] org.springframework.web.SimpLogging      : Processing DISCONNECT session=gyouh0ia
2025-09-19T13:12:24.402+05:30 DEBUG 10960 --- [Back_End] [clientOutboundChannel-74] o.s.w.s.m.SubProtocolWebSocketHandler    : No session for GenericMessage [payload=byte[0], headers={simpMessageType=DISCONNECT_ACK, simpDisconnectMessage=GenericMessage [payload=byte[0], headers={simpMessageType=DISCONNECT, stompCommand=DISCONNECT, simpSessionAttributes={org.springframework.messaging.simp.SimpAttributes.COMPLETED=true}, simpSessionId=gyouh0ia}], simpSessionId=gyouh0ia}]
2025-09-19T13:12:24.490+05:30 DEBUG 10960 --- [Back_End] [http-nio-8080-exec-7] o.s.web.servlet.DispatcherServlet        : GET "/api/classes/2", parameters={}
2025-09-19T13:12:24.490+05:30 DEBUG 10960 --- [Back_End] [http-nio-8080-exec-7] s.w.s.m.m.a.RequestMappingHandlerMapping : Mapped to com.ijse.gdse72.back_end.controller.ClassController#getClassById(Long)
2025-09-19T13:12:24.506+05:30 DEBUG 10960 --- [Back_End] [http-nio-8080-exec-7] o.s.w.s.m.m.a.HttpEntityMethodProcessor  : Using 'application/json', given [*/*] and supported [application/json, application/*+json]
2025-09-19T13:12:24.506+05:30 DEBUG 10960 --- [Back_End] [http-nio-8080-exec-7] o.s.w.s.m.m.a.HttpEntityMethodProcessor  : Writing [com.ijse.gdse72.back_end.dto.ApiResponse@4869936e]
2025-09-19T13:12:24.508+05:30 DEBUG 10960 --- [Back_End] [http-nio-8080-exec-7] o.s.web.servlet.DispatcherServlet        : Completed 200 OK
2025-09-19T13:12:24.526+05:30 DEBUG 10960 --- [Back_End] [http-nio-8080-exec-1] o.s.web.servlet.DispatcherServlet        : GET "/api/classes/2", parameters={}
2025-09-19T13:12:24.527+05:30 DEBUG 10960 --- [Back_End] [http-nio-8080-exec-1] s.w.s.m.m.a.RequestMappingHandlerMapping : Mapped to com.ijse.gdse72.back_end.controller.ClassController#getClassById(Long)
2025-09-19T13:12:24.529+05:30 DEBUG 10960 --- [Back_End] [http-nio-8080-exec-6] o.s.web.servlet.DispatcherServlet        : GET "/ws-chat/info?t=1758267744463", parameters={masked}
2025-09-19T13:12:24.529+05:30 DEBUG 10960 --- [Back_End] [http-nio-8080-exec-6] o.s.w.s.s.s.WebSocketHandlerMapping      : Mapped to org.springframework.web.socket.sockjs.support.SockJsHttpRequestHandler@28391cc6
2025-09-19T13:12:24.530+05:30 DEBUG 10960 --- [Back_End] [http-nio-8080-exec-6] o.s.w.s.s.t.h.DefaultSockJsService       : Processing transport request: GET http://localhost:8080/ws-chat/info?t=1758267744463
2025-09-19T13:12:24.530+05:30 DEBUG 10960 --- [Back_End] [http-nio-8080-exec-6] o.s.web.servlet.DispatcherServlet        : Completed 200 OK
2025-09-19T13:12:24.540+05:30 DEBUG 10960 --- [Back_End] [http-nio-8080-exec-1] o.s.w.s.m.m.a.HttpEntityMethodProcessor  : Using 'application/json', given [*/*] and supported [application/json, application/*+json]
2025-09-19T13:12:24.541+05:30 DEBUG 10960 --- [Back_End] [http-nio-8080-exec-1] o.s.w.s.m.m.a.HttpEntityMethodProcessor  : Writing [com.ijse.gdse72.back_end.dto.ApiResponse@5430e322]
2025-09-19T13:12:24.542+05:30 DEBUG 10960 --- [Back_End] [http-nio-8080-exec-1] o.s.web.servlet.DispatcherServlet        : Completed 200 OK
2025-09-19T13:12:24.562+05:30 DEBUG 10960 --- [Back_End] [http-nio-8080-exec-2] o.s.web.servlet.DispatcherServlet        : GET "/ws-chat/976/t13nloio/websocket", parameters={}
2025-09-19T13:12:24.562+05:30 DEBUG 10960 --- [Back_End] [http-nio-8080-exec-2] o.s.w.s.s.s.WebSocketHandlerMapping      : Mapped to org.springframework.web.socket.sockjs.support.SockJsHttpRequestHandler@28391cc6
2025-09-19T13:12:24.563+05:30 DEBUG 10960 --- [Back_End] [http-nio-8080-exec-2] o.s.w.s.s.t.h.DefaultSockJsService       : Processing transport request: GET http://localhost:8080/ws-chat/976/t13nloio/websocket
2025-09-19T13:12:24.563+05:30 DEBUG 10960 --- [Back_End] [http-nio-8080-exec-2] o.s.web.servlet.DispatcherServlet        : Completed 101 SWITCHING_PROTOCOLS
2025-09-19T13:12:24.564+05:30 DEBUG 10960 --- [Back_End] [http-nio-8080-exec-2] s.w.s.h.LoggingWebSocketHandlerDecorator : New WebSocketServerSockJsSession[id=t13nloio]
2025-09-19T13:12:24.568+05:30 DEBUG 10960 --- [Back_End] [clientInboundChannel-157] org.springframework.web.SimpLogging      : Processing CONNECT session=t13nloio
2025-09-19T13:12:24.572+05:30 DEBUG 10960 --- [Back_End] [clientInboundChannel-159] org.springframework.web.SimpLogging      : Processing SUBSCRIBE destination=/topic/messages-usert13nloio subscriptionId=sub-0 session=t13nloio payload=byte[0]
2025-09-19T13:12:24.576+05:30 DEBUG 10960 --- [Back_End] [http-nio-8080-exec-10] o.s.web.servlet.DispatcherServlet        : GET "/api/classes/2/users", parameters={}
2025-09-19T13:12:24.576+05:30 DEBUG 10960 --- [Back_End] [http-nio-8080-exec-10] s.w.s.m.m.a.RequestMappingHandlerMapping : Mapped to com.ijse.gdse72.back_end.controller.ClassController#getUsersByClass(Long)
2025-09-19T13:12:24.583+05:30 DEBUG 10960 --- [Back_End] [http-nio-8080-exec-10] o.s.w.s.m.m.a.HttpEntityMethodProcessor  : Using 'application/json', given [*/*] and supported [application/json, application/*+json]
2025-09-19T13:12:24.583+05:30 DEBUG 10960 --- [Back_End] [http-nio-8080-exec-10] o.s.w.s.m.m.a.HttpEntityMethodProcessor  : Writing [com.ijse.gdse72.back_end.dto.ApiResponse@6f1c4fb7]
2025-09-19T13:12:24.584+05:30 DEBUG 10960 --- [Back_End] [http-nio-8080-exec-10] o.s.web.servlet.DispatcherServlet        : Completed 200 OK
2025-09-19T13:12:26.801+05:30 DEBUG 10960 --- [Back_End] [http-nio-8080-exec-5] s.w.s.h.LoggingWebSocketHandlerDecorator : WebSocketServerSockJsSession[id=t13nloio] closed with CloseStatus[code=1000, reason=null]
2025-09-19T13:12:26.801+05:30 DEBUG 10960 --- [Back_End] [http-nio-8080-exec-5] o.s.w.s.m.SubProtocolWebSocketHandler    : Clearing session t13nloio
2025-09-19T13:12:26.802+05:30 DEBUG 10960 --- [Back_End] [clientInboundChannel-137] org.springframework.web.SimpLogging      : Processing DISCONNECT session=t13nloio
2025-09-19T13:12:26.803+05:30 DEBUG 10960 --- [Back_End] [clientOutboundChannel-76] o.s.w.s.m.SubProtocolWebSocketHandler    : No session for GenericMessage [payload=byte[0], headers={simpMessageType=DISCONNECT_ACK, simpDisconnectMessage=GenericMessage [payload=byte[0], headers={simpMessageType=DISCONNECT, stompCommand=DISCONNECT, simpSessionAttributes={org.springframework.messaging.simp.SimpAttributes.COMPLETED=true}, simpSessionId=t13nloio}], simpSessionId=t13nloio}]
2025-09-19T13:12:26.923+05:30 DEBUG 10960 --- [Back_End] [http-nio-8080-exec-7] o.s.web.servlet.DispatcherServlet        : GET "/api/classes/2", parameters={}
2025-09-19T13:12:26.924+05:30 DEBUG 10960 --- [Back_End] [http-nio-8080-exec-7] s.w.s.m.m.a.RequestMappingHandlerMapping : Mapped to com.ijse.gdse72.back_end.controller.ClassController#getClassById(Long)
2025-09-19T13:12:26.936+05:30 DEBUG 10960 --- [Back_End] [http-nio-8080-exec-6] o.s.web.servlet.DispatcherServlet        : GET "/ws-chat/info?t=1758267746867", parameters={masked}
2025-09-19T13:12:26.937+05:30 DEBUG 10960 --- [Back_End] [http-nio-8080-exec-6] o.s.w.s.s.s.WebSocketHandlerMapping      : Mapped to org.springframework.web.socket.sockjs.support.SockJsHttpRequestHandler@28391cc6
2025-09-19T13:12:26.937+05:30 DEBUG 10960 --- [Back_End] [http-nio-8080-exec-7] o.s.w.s.m.m.a.HttpEntityMethodProcessor  : Using 'application/json', given [*/*] and supported [application/json, application/*+json]
2025-09-19T13:12:26.937+05:30 DEBUG 10960 --- [Back_End] [http-nio-8080-exec-7] o.s.w.s.m.m.a.HttpEntityMethodProcessor  : Writing [com.ijse.gdse72.back_end.dto.ApiResponse@3af129c1]
2025-09-19T13:12:26.938+05:30 DEBUG 10960 --- [Back_End] [http-nio-8080-exec-6] o.s.w.s.s.t.h.DefaultSockJsService       : Processing transport request: GET http://localhost:8080/ws-chat/info?t=1758267746867
2025-09-19T13:12:26.938+05:30 DEBUG 10960 --- [Back_End] [http-nio-8080-exec-6] o.s.web.servlet.DispatcherServlet        : Completed 200 OK
2025-09-19T13:12:26.939+05:30 DEBUG 10960 --- [Back_End] [http-nio-8080-exec-7] o.s.web.servlet.DispatcherServlet        : Completed 200 OK
2025-09-19T13:12:26.952+05:30 DEBUG 10960 --- [Back_End] [http-nio-8080-exec-1] o.s.web.servlet.DispatcherServlet        : GET "/api/classes/2", parameters={}
2025-09-19T13:12:26.952+05:30 DEBUG 10960 --- [Back_End] [http-nio-8080-exec-1] s.w.s.m.m.a.RequestMappingHandlerMapping : Mapped to com.ijse.gdse72.back_end.controller.ClassController#getClassById(Long)
2025-09-19T13:12:26.962+05:30 DEBUG 10960 --- [Back_End] [http-nio-8080-exec-1] o.s.w.s.m.m.a.HttpEntityMethodProcessor  : Using 'application/json', given [*/*] and supported [application/json, application/*+json]
2025-09-19T13:12:26.963+05:30 DEBUG 10960 --- [Back_End] [http-nio-8080-exec-1] o.s.w.s.m.m.a.HttpEntityMethodProcessor  : Writing [com.ijse.gdse72.back_end.dto.ApiResponse@7d5bcb68]
2025-09-19T13:12:26.964+05:30 DEBUG 10960 --- [Back_End] [http-nio-8080-exec-1] o.s.web.servlet.DispatcherServlet        : Completed 200 OK
2025-09-19T13:12:26.975+05:30 DEBUG 10960 --- [Back_End] [http-nio-8080-exec-2] o.s.web.servlet.DispatcherServlet        : GET "/ws-chat/548/01atyt5j/websocket", parameters={}
2025-09-19T13:12:26.975+05:30 DEBUG 10960 --- [Back_End] [http-nio-8080-exec-2] o.s.w.s.s.s.WebSocketHandlerMapping      : Mapped to org.springframework.web.socket.sockjs.support.SockJsHttpRequestHandler@28391cc6
2025-09-19T13:12:26.975+05:30 DEBUG 10960 --- [Back_End] [http-nio-8080-exec-2] o.s.w.s.s.t.h.DefaultSockJsService       : Processing transport request: GET http://localhost:8080/ws-chat/548/01atyt5j/websocket
2025-09-19T13:12:26.977+05:30 DEBUG 10960 --- [Back_End] [http-nio-8080-exec-2] o.s.web.servlet.DispatcherServlet        : Completed 101 SWITCHING_PROTOCOLS
2025-09-19T13:12:26.980+05:30 DEBUG 10960 --- [Back_End] [http-nio-8080-exec-2] s.w.s.h.LoggingWebSocketHandlerDecorator : New WebSocketServerSockJsSession[id=01atyt5j]
2025-09-19T13:12:26.984+05:30 DEBUG 10960 --- [Back_End] [clientInboundChannel-140] org.springframework.web.SimpLogging      : Processing CONNECT session=01atyt5j
2025-09-19T13:12:26.987+05:30 DEBUG 10960 --- [Back_End] [clientInboundChannel-143] org.springframework.web.SimpLogging      : Processing SUBSCRIBE destination=/topic/messages-user01atyt5j subscriptionId=sub-0 session=01atyt5j payload=byte[0]
2025-09-19T13:12:26.988+05:30 DEBUG 10960 --- [Back_End] [http-nio-8080-exec-9] o.s.web.servlet.DispatcherServlet        : GET "/api/classes/2/users", parameters={}
2025-09-19T13:12:26.988+05:30 DEBUG 10960 --- [Back_End] [http-nio-8080-exec-9] s.w.s.m.m.a.RequestMappingHandlerMapping : Mapped to com.ijse.gdse72.back_end.controller.ClassController#getUsersByClass(Long)
2025-09-19T13:12:26.994+05:30 DEBUG 10960 --- [Back_End] [http-nio-8080-exec-9] o.s.w.s.m.m.a.HttpEntityMethodProcessor  : Using 'application/json', given [*/*] and supported [application/json, application/*+json]
2025-09-19T13:12:26.995+05:30 DEBUG 10960 --- [Back_End] [http-nio-8080-exec-9] o.s.w.s.m.m.a.HttpEntityMethodProcessor  : Writing [com.ijse.gdse72.back_end.dto.ApiResponse@11d7c7f0]
2025-09-19T13:12:26.996+05:30 DEBUG 10960 --- [Back_End] [http-nio-8080-exec-9] o.s.web.servlet.DispatcherServlet        : Completed 200 OK
2025-09-19T13:12:28.657+05:30 DEBUG 10960 --- [Back_End] [MessageBroker-8] o.s.w.s.s.t.h.DefaultSockJsService       : Closed 1 sessions: [t12zjcaw]
2025-09-19T13:12:33.103+05:30 DEBUG 10960 --- [Back_End] [http-nio-8080-exec-7] s.w.s.h.LoggingWebSocketHandlerDecorator : WebSocketServerSockJsSession[id=01atyt5j] closed with CloseStatus[code=1000, reason=null]
2025-09-19T13:12:33.104+05:30 DEBUG 10960 --- [Back_End] [http-nio-8080-exec-7] o.s.w.s.m.SubProtocolWebSocketHandler    : Clearing session 01atyt5j
2025-09-19T13:12:33.104+05:30 DEBUG 10960 --- [Back_End] [clientInboundChannel-145] org.springframework.web.SimpLogging      : Processing DISCONNECT session=01atyt5j
2025-09-19T13:12:33.105+05:30 DEBUG 10960 --- [Back_End] [clientOutboundChannel-78] o.s.w.s.m.SubProtocolWebSocketHandler    : No session for GenericMessage [payload=byte[0], headers={simpMessageType=DISCONNECT_ACK, simpDisconnectMessage=GenericMessage [payload=byte[0], headers={simpMessageType=DISCONNECT, stompCommand=DISCONNECT, simpSessionAttributes={org.springframework.messaging.simp.SimpAttributes.COMPLETED=true}, simpSessionId=01atyt5j}], simpSessionId=01atyt5j}]
2025-09-19T13:12:33.248+05:30 DEBUG 10960 --- [Back_End] [http-nio-8080-exec-2] o.s.web.servlet.DispatcherServlet        : GET "/ws-chat/info?t=1758267753171", parameters={masked}
2025-09-19T13:12:33.249+05:30 DEBUG 10960 --- [Back_End] [http-nio-8080-exec-2] o.s.w.s.s.s.WebSocketHandlerMapping      : Mapped to org.springframework.web.socket.sockjs.support.SockJsHttpRequestHandler@28391cc6
2025-09-19T13:12:33.250+05:30 DEBUG 10960 --- [Back_End] [http-nio-8080-exec-2] o.s.w.s.s.t.h.DefaultSockJsService       : Processing transport request: GET http://localhost:8080/ws-chat/info?t=1758267753171
2025-09-19T13:12:33.250+05:30 DEBUG 10960 --- [Back_End] [http-nio-8080-exec-2] o.s.web.servlet.DispatcherServlet        : Completed 200 OK
2025-09-19T13:12:33.262+05:30 DEBUG 10960 --- [Back_End] [http-nio-8080-exec-10] o.s.web.servlet.DispatcherServlet        : GET "/api/classes/2", parameters={}
2025-09-19T13:12:33.263+05:30 DEBUG 10960 --- [Back_End] [http-nio-8080-exec-10] s.w.s.m.m.a.RequestMappingHandlerMapping : Mapped to com.ijse.gdse72.back_end.controller.ClassController#getClassById(Long)
2025-09-19T13:12:33.273+05:30 DEBUG 10960 --- [Back_End] [http-nio-8080-exec-10] o.s.w.s.m.m.a.HttpEntityMethodProcessor  : Using 'application/json', given [*/*] and supported [application/json, application/*+json]
2025-09-19T13:12:33.273+05:30 DEBUG 10960 --- [Back_End] [http-nio-8080-exec-10] o.s.w.s.m.m.a.HttpEntityMethodProcessor  : Writing [com.ijse.gdse72.back_end.dto.ApiResponse@183b941c]
2025-09-19T13:12:33.274+05:30 DEBUG 10960 --- [Back_End] [http-nio-8080-exec-10] o.s.web.servlet.DispatcherServlet        : Completed 200 OK
2025-09-19T13:12:33.286+05:30 DEBUG 10960 --- [Back_End] [http-nio-8080-exec-5] o.s.web.servlet.DispatcherServlet        : GET "/api/classes/2", parameters={}
2025-09-19T13:12:33.287+05:30 DEBUG 10960 --- [Back_End] [http-nio-8080-exec-5] s.w.s.m.m.a.RequestMappingHandlerMapping : Mapped to com.ijse.gdse72.back_end.controller.ClassController#getClassById(Long)
2025-09-19T13:12:33.289+05:30 DEBUG 10960 --- [Back_End] [http-nio-8080-exec-9] o.s.web.servlet.DispatcherServlet        : GET "/ws-chat/457/nfiwvuf3/websocket", parameters={}
2025-09-19T13:12:33.289+05:30 DEBUG 10960 --- [Back_End] [http-nio-8080-exec-9] o.s.w.s.s.s.WebSocketHandlerMapping      : Mapped to org.springframework.web.socket.sockjs.support.SockJsHttpRequestHandler@28391cc6
2025-09-19T13:12:33.290+05:30 DEBUG 10960 --- [Back_End] [http-nio-8080-exec-9] o.s.w.s.s.t.h.DefaultSockJsService       : Processing transport request: GET http://localhost:8080/ws-chat/457/nfiwvuf3/websocket
2025-09-19T13:12:33.291+05:30 DEBUG 10960 --- [Back_End] [http-nio-8080-exec-9] o.s.web.servlet.DispatcherServlet        : Completed 101 SWITCHING_PROTOCOLS
2025-09-19T13:12:33.292+05:30 DEBUG 10960 --- [Back_End] [http-nio-8080-exec-9] s.w.s.h.LoggingWebSocketHandlerDecorator : New WebSocketServerSockJsSession[id=nfiwvuf3]
2025-09-19T13:12:33.297+05:30 DEBUG 10960 --- [Back_End] [clientInboundChannel-151] org.springframework.web.SimpLogging      : Processing CONNECT session=nfiwvuf3
2025-09-19T13:12:33.298+05:30 DEBUG 10960 --- [Back_End] [http-nio-8080-exec-5] o.s.w.s.m.m.a.HttpEntityMethodProcessor  : Using 'application/json', given [*/*] and supported [application/json, application/*+json]
2025-09-19T13:12:33.298+05:30 DEBUG 10960 --- [Back_End] [http-nio-8080-exec-5] o.s.w.s.m.m.a.HttpEntityMethodProcessor  : Writing [com.ijse.gdse72.back_end.dto.ApiResponse@44c563fb]
2025-09-19T13:12:33.299+05:30 DEBUG 10960 --- [Back_End] [http-nio-8080-exec-5] o.s.web.servlet.DispatcherServlet        : Completed 200 OK
2025-09-19T13:12:33.301+05:30 DEBUG 10960 --- [Back_End] [clientInboundChannel-153] org.springframework.web.SimpLogging      : Processing SUBSCRIBE destination=/topic/messages-usernfiwvuf3 subscriptionId=sub-0 session=nfiwvuf3 payload=byte[0]
2025-09-19T13:12:33.318+05:30 DEBUG 10960 --- [Back_End] [http-nio-8080-exec-7] o.s.web.servlet.DispatcherServlet        : GET "/api/classes/2/users", parameters={}
2025-09-19T13:12:33.318+05:30 DEBUG 10960 --- [Back_End] [http-nio-8080-exec-7] s.w.s.m.m.a.RequestMappingHandlerMapping : Mapped to com.ijse.gdse72.back_end.controller.ClassController#getUsersByClass(Long)
2025-09-19T13:12:33.326+05:30 DEBUG 10960 --- [Back_End] [http-nio-8080-exec-7] o.s.w.s.m.m.a.HttpEntityMethodProcessor  : Using 'application/json', given [*/*] and supported [application/json, application/*+json]
2025-09-19T13:12:33.326+05:30 DEBUG 10960 --- [Back_End] [http-nio-8080-exec-7] o.s.w.s.m.m.a.HttpEntityMethodProcessor  : Writing [com.ijse.gdse72.back_end.dto.ApiResponse@784bb35b]
2025-09-19T13:12:33.327+05:30 DEBUG 10960 --- [Back_End] [http-nio-8080-exec-7] o.s.web.servlet.DispatcherServlet        : Completed 200 OK
2025-09-19T13:12:33.657+05:30 DEBUG 10960 --- [Back_End] [MessageBroker-8] o.s.w.s.s.t.h.DefaultSockJsService       : Closed 2 sessions: [t13nloio, gyouh0ia]
2025-09-19T13:12:38.654+05:30 DEBUG 10960 --- [Back_End] [MessageBroker-8] o.s.w.s.s.t.h.DefaultSockJsService       : Closed 1 sessions: [01atyt5j]
2025-09-19T13:12:43.689+05:30 DEBUG 10960 --- [Back_End] [http-nio-8080-exec-9] o.s.web.servlet.DispatcherServlet        : GET "/api/classes/2", parameters={}
2025-09-19T13:12:43.690+05:30 DEBUG 10960 --- [Back_End] [http-nio-8080-exec-9] s.w.s.m.m.a.RequestMappingHandlerMapping : Mapped to com.ijse.gdse72.back_end.controller.ClassController#getClassById(Long)
2025-09-19T13:12:43.697+05:30 DEBUG 10960 --- [Back_End] [http-nio-8080-exec-9] o.s.w.s.m.m.a.HttpEntityMethodProcessor  : Using 'application/json', given [*/*] and supported [application/json, application/*+json]
2025-09-19T13:12:43.697+05:30 DEBUG 10960 --- [Back_End] [http-nio-8080-exec-9] o.s.w.s.m.m.a.HttpEntityMethodProcessor  : Writing [com.ijse.gdse72.back_end.dto.ApiResponse@47150406]
2025-09-19T13:12:43.698+05:30 DEBUG 10960 --- [Back_End] [http-nio-8080-exec-9] o.s.web.servlet.DispatcherServlet        : Completed 200 OK
2025-09-19T13:15:03.830+05:30 DEBUG 10960 --- [Back_End] [http-nio-8080-exec-5] s.w.s.h.LoggingWebSocketHandlerDecorator : WebSocketServerSockJsSession[id=nfiwvuf3] closed with CloseStatus[code=1000, reason=null]
2025-09-19T13:15:03.830+05:30 DEBUG 10960 --- [Back_End] [http-nio-8080-exec-5] o.s.w.s.m.SubProtocolWebSocketHandler    : Clearing session nfiwvuf3
2025-09-19T13:15:03.836+05:30 DEBUG 10960 --- [Back_End] [clientInboundChannel-161] org.springframework.web.SimpLogging      : Processing DISCONNECT session=nfiwvuf3
2025-09-19T13:15:03.838+05:30 DEBUG 10960 --- [Back_End] [clientOutboundChannel-80] o.s.w.s.m.SubProtocolWebSocketHandler    : No session for GenericMessage [payload=byte[0], headers={simpMessageType=DISCONNECT_ACK, simpDisconnectMessage=GenericMessage [payload=byte[0], headers={simpMessageType=DISCONNECT, stompCommand=DISCONNECT, simpSessionAttributes={org.springframework.messaging.simp.SimpAttributes.COMPLETED=true}, simpSessionId=nfiwvuf3}], simpSessionId=nfiwvuf3}]
2025-09-19T13:15:04.109+05:30 DEBUG 10960 --- [Back_End] [http-nio-8080-exec-4] o.s.web.servlet.DispatcherServlet        : GET "/ws-chat/info?t=1758267904097", parameters={masked}
2025-09-19T13:15:04.110+05:30 DEBUG 10960 --- [Back_End] [http-nio-8080-exec-4] o.s.w.s.s.s.WebSocketHandlerMapping      : Mapped to org.springframework.web.socket.sockjs.support.SockJsHttpRequestHandler@28391cc6
2025-09-19T13:15:04.110+05:30 DEBUG 10960 --- [Back_End] [http-nio-8080-exec-4] o.s.w.s.s.t.h.DefaultSockJsService       : Processing transport request: GET http://localhost:8080/ws-chat/info?t=1758267904097
2025-09-19T13:15:04.110+05:30 DEBUG 10960 --- [Back_End] [http-nio-8080-exec-4] o.s.web.servlet.DispatcherServlet        : Completed 200 OK
2025-09-19T13:15:04.111+05:30 DEBUG 10960 --- [Back_End] [http-nio-8080-exec-7] o.s.web.servlet.DispatcherServlet        : GET "/api/classes/2", parameters={}
2025-09-19T13:15:04.111+05:30 DEBUG 10960 --- [Back_End] [http-nio-8080-exec-7] s.w.s.m.m.a.RequestMappingHandlerMapping : Mapped to com.ijse.gdse72.back_end.controller.ClassController#getClassById(Long)
2025-09-19T13:15:04.128+05:30 DEBUG 10960 --- [Back_End] [http-nio-8080-exec-7] o.s.w.s.m.m.a.HttpEntityMethodProcessor  : Using 'application/json', given [*/*] and supported [application/json, application/*+json]
2025-09-19T13:15:04.129+05:30 DEBUG 10960 --- [Back_End] [http-nio-8080-exec-7] o.s.w.s.m.m.a.HttpEntityMethodProcessor  : Writing [com.ijse.gdse72.back_end.dto.ApiResponse@f38d878]
2025-09-19T13:15:04.130+05:30 DEBUG 10960 --- [Back_End] [http-nio-8080-exec-7] o.s.web.servlet.DispatcherServlet        : Completed 200 OK
2025-09-19T13:15:04.144+05:30 DEBUG 10960 --- [Back_End] [http-nio-8080-exec-1] o.s.web.servlet.DispatcherServlet        : GET "/api/classes/2", parameters={}
2025-09-19T13:15:04.145+05:30 DEBUG 10960 --- [Back_End] [http-nio-8080-exec-1] s.w.s.m.m.a.RequestMappingHandlerMapping : Mapped to com.ijse.gdse72.back_end.controller.ClassController#getClassById(Long)
2025-09-19T13:15:04.162+05:30 DEBUG 10960 --- [Back_End] [http-nio-8080-exec-1] o.s.w.s.m.m.a.HttpEntityMethodProcessor  : Using 'application/json', given [*/*] and supported [application/json, application/*+json]
2025-09-19T13:15:04.162+05:30 DEBUG 10960 --- [Back_End] [http-nio-8080-exec-1] o.s.w.s.m.m.a.HttpEntityMethodProcessor  : Writing [com.ijse.gdse72.back_end.dto.ApiResponse@4a4813f6]
2025-09-19T13:15:04.164+05:30 DEBUG 10960 --- [Back_End] [http-nio-8080-exec-1] o.s.web.servlet.DispatcherServlet        : Completed 200 OK
2025-09-19T13:15:04.191+05:30 DEBUG 10960 --- [Back_End] [http-nio-8080-exec-2] o.s.web.servlet.DispatcherServlet        : GET "/ws-chat/229/vhwwx0yv/websocket", parameters={}
2025-09-19T13:15:04.191+05:30 DEBUG 10960 --- [Back_End] [http-nio-8080-exec-2] o.s.w.s.s.s.WebSocketHandlerMapping      : Mapped to org.springframework.web.socket.sockjs.support.SockJsHttpRequestHandler@28391cc6
2025-09-19T13:15:04.192+05:30 DEBUG 10960 --- [Back_End] [http-nio-8080-exec-2] o.s.w.s.s.t.h.DefaultSockJsService       : Processing transport request: GET http://localhost:8080/ws-chat/229/vhwwx0yv/websocket
2025-09-19T13:15:04.193+05:30 DEBUG 10960 --- [Back_End] [http-nio-8080-exec-2] o.s.web.servlet.DispatcherServlet        : Completed 101 SWITCHING_PROTOCOLS
2025-09-19T13:15:04.195+05:30 DEBUG 10960 --- [Back_End] [http-nio-8080-exec-2] s.w.s.h.LoggingWebSocketHandlerDecorator : New WebSocketServerSockJsSession[id=vhwwx0yv]
2025-09-19T13:15:04.220+05:30 DEBUG 10960 --- [Back_End] [clientInboundChannel-164] org.springframework.web.SimpLogging      : Processing CONNECT session=vhwwx0yv
2025-09-19T13:15:04.224+05:30 DEBUG 10960 --- [Back_End] [http-nio-8080-exec-9] o.s.web.servlet.DispatcherServlet        : GET "/api/classes/2/users", parameters={}
2025-09-19T13:15:04.225+05:30 DEBUG 10960 --- [Back_End] [http-nio-8080-exec-9] s.w.s.m.m.a.RequestMappingHandlerMapping : Mapped to com.ijse.gdse72.back_end.controller.ClassController#getUsersByClass(Long)
2025-09-19T13:15:04.230+05:30 DEBUG 10960 --- [Back_End] [clientInboundChannel-168] org.springframework.web.SimpLogging      : Processing SUBSCRIBE destination=/topic/messages-uservhwwx0yv subscriptionId=sub-0 session=vhwwx0yv payload=byte[0]
2025-09-19T13:15:04.237+05:30 DEBUG 10960 --- [Back_End] [http-nio-8080-exec-9] o.s.w.s.m.m.a.HttpEntityMethodProcessor  : Using 'application/json', given [*/*] and supported [application/json, application/*+json]
2025-09-19T13:15:04.237+05:30 DEBUG 10960 --- [Back_End] [http-nio-8080-exec-9] o.s.w.s.m.m.a.HttpEntityMethodProcessor  : Writing [com.ijse.gdse72.back_end.dto.ApiResponse@2496bad]
2025-09-19T13:15:04.238+05:30 DEBUG 10960 --- [Back_End] [http-nio-8080-exec-9] o.s.web.servlet.DispatcherServlet        : Completed 200 OK
2025-09-19T13:15:06.330+05:30 DEBUG 10960 --- [Back_End] [http-nio-8080-exec-6] o.s.web.servlet.DispatcherServlet        : GET "/api/classes/2", parameters={}
2025-09-19T13:15:06.330+05:30 DEBUG 10960 --- [Back_End] [http-nio-8080-exec-6] s.w.s.m.m.a.RequestMappingHandlerMapping : Mapped to com.ijse.gdse72.back_end.controller.ClassController#getClassById(Long)
2025-09-19T13:15:06.338+05:30 DEBUG 10960 --- [Back_End] [http-nio-8080-exec-6] o.s.w.s.m.m.a.HttpEntityMethodProcessor  : Using 'application/json', given [*/*] and supported [application/json, application/*+json]
2025-09-19T13:15:06.339+05:30 DEBUG 10960 --- [Back_End] [http-nio-8080-exec-6] o.s.w.s.m.m.a.HttpEntityMethodProcessor  : Writing [com.ijse.gdse72.back_end.dto.ApiResponse@24dd54ab]
2025-09-19T13:15:06.340+05:30 DEBUG 10960 --- [Back_End] [http-nio-8080-exec-6] o.s.web.servlet.DispatcherServlet        : Completed 200 OK
2025-09-19T13:15:13.647+05:30 DEBUG 10960 --- [Back_End] [MessageBroker-7] o.s.w.s.s.t.h.DefaultSockJsService       : Closed 1 sessions: [nfiwvuf3]
2025-09-19T13:15:16.147+05:30 DEBUG 10960 --- [Back_End] [http-nio-8080-exec-1] s.w.s.h.LoggingWebSocketHandlerDecorator : WebSocketServerSockJsSession[id=vhwwx0yv] closed with CloseStatus[code=1000, reason=null]
2025-09-19T13:15:16.148+05:30 DEBUG 10960 --- [Back_End] [http-nio-8080-exec-1] o.s.w.s.m.SubProtocolWebSocketHandler    : Clearing session vhwwx0yv
2025-09-19T13:15:16.149+05:30 DEBUG 10960 --- [Back_End] [clientInboundChannel-170] org.springframework.web.SimpLogging      : Processing DISCONNECT session=vhwwx0yv
2025-09-19T13:15:16.150+05:30 DEBUG 10960 --- [Back_End] [clientOutboundChannel-82] o.s.w.s.m.SubProtocolWebSocketHandler    : No session for GenericMessage [payload=byte[0], headers={simpMessageType=DISCONNECT_ACK, simpDisconnectMessage=GenericMessage [payload=byte[0], headers={simpMessageType=DISCONNECT, stompCommand=DISCONNECT, simpSessionAttributes={org.springframework.messaging.simp.SimpAttributes.COMPLETED=true}, simpSessionId=vhwwx0yv}], simpSessionId=vhwwx0yv}]
2025-09-19T13:15:16.334+05:30 DEBUG 10960 --- [Back_End] [http-nio-8080-exec-3] o.s.web.servlet.DispatcherServlet        : GET "/api/classes/2", parameters={}
2025-09-19T13:15:16.335+05:30 DEBUG 10960 --- [Back_End] [http-nio-8080-exec-3] s.w.s.m.m.a.RequestMappingHandlerMapping : Mapped to com.ijse.gdse72.back_end.controller.ClassController#getClassById(Long)
2025-09-19T13:15:16.343+05:30 DEBUG 10960 --- [Back_End] [http-nio-8080-exec-3] o.s.w.s.m.m.a.HttpEntityMethodProcessor  : Using 'application/json', given [*/*] and supported [application/json, application/*+json]
2025-09-19T13:15:16.344+05:30 DEBUG 10960 --- [Back_End] [http-nio-8080-exec-3] o.s.w.s.m.m.a.HttpEntityMethodProcessor  : Writing [com.ijse.gdse72.back_end.dto.ApiResponse@73b61eb8]
2025-09-19T13:15:16.344+05:30 DEBUG 10960 --- [Back_End] [http-nio-8080-exec-3] o.s.web.servlet.DispatcherServlet        : Completed 200 OK
2025-09-19T13:15:16.358+05:30 DEBUG 10960 --- [Back_End] [http-nio-8080-exec-5] o.s.web.servlet.DispatcherServlet        : GET "/api/classes/2", parameters={}
2025-09-19T13:15:16.358+05:30 DEBUG 10960 --- [Back_End] [http-nio-8080-exec-5] s.w.s.m.m.a.RequestMappingHandlerMapping : Mapped to com.ijse.gdse72.back_end.controller.ClassController#getClassById(Long)
2025-09-19T13:15:16.370+05:30 DEBUG 10960 --- [Back_End] [http-nio-8080-exec-5] o.s.w.s.m.m.a.HttpEntityMethodProcessor  : Using 'application/json', given [*/*] and supported [application/json, application/*+json]
2025-09-19T13:15:16.370+05:30 DEBUG 10960 --- [Back_End] [http-nio-8080-exec-5] o.s.w.s.m.m.a.HttpEntityMethodProcessor  : Writing [com.ijse.gdse72.back_end.dto.ApiResponse@467462cb]
2025-09-19T13:15:16.371+05:30 DEBUG 10960 --- [Back_End] [http-nio-8080-exec-9] o.s.web.servlet.DispatcherServlet        : GET "/ws-chat/info?t=1758267916348", parameters={masked}
2025-09-19T13:15:16.371+05:30 DEBUG 10960 --- [Back_End] [http-nio-8080-exec-5] o.s.web.servlet.DispatcherServlet        : Completed 200 OK
2025-09-19T13:15:16.372+05:30 DEBUG 10960 --- [Back_End] [http-nio-8080-exec-9] o.s.w.s.s.s.WebSocketHandlerMapping      : Mapped to org.springframework.web.socket.sockjs.support.SockJsHttpRequestHandler@28391cc6
2025-09-19T13:15:16.372+05:30 DEBUG 10960 --- [Back_End] [http-nio-8080-exec-9] o.s.w.s.s.t.h.DefaultSockJsService       : Processing transport request: GET http://localhost:8080/ws-chat/info?t=1758267916348
2025-09-19T13:15:16.372+05:30 DEBUG 10960 --- [Back_End] [http-nio-8080-exec-9] o.s.web.servlet.DispatcherServlet        : Completed 200 OK
2025-09-19T13:15:16.405+05:30 DEBUG 10960 --- [Back_End] [http-nio-8080-exec-6] o.s.web.servlet.DispatcherServlet        : GET "/ws-chat/506/4fe0pzuh/websocket", parameters={}
2025-09-19T13:15:16.406+05:30 DEBUG 10960 --- [Back_End] [http-nio-8080-exec-6] o.s.w.s.s.s.WebSocketHandlerMapping      : Mapped to org.springframework.web.socket.sockjs.support.SockJsHttpRequestHandler@28391cc6
2025-09-19T13:15:16.406+05:30 DEBUG 10960 --- [Back_End] [http-nio-8080-exec-6] o.s.w.s.s.t.h.DefaultSockJsService       : Processing transport request: GET http://localhost:8080/ws-chat/506/4fe0pzuh/websocket
2025-09-19T13:15:16.408+05:30 DEBUG 10960 --- [Back_End] [http-nio-8080-exec-6] o.s.web.servlet.DispatcherServlet        : Completed 101 SWITCHING_PROTOCOLS
2025-09-19T13:15:16.409+05:30 DEBUG 10960 --- [Back_End] [http-nio-8080-exec-6] s.w.s.h.LoggingWebSocketHandlerDecorator : New WebSocketServerSockJsSession[id=4fe0pzuh]
2025-09-19T13:15:16.425+05:30 DEBUG 10960 --- [Back_End] [http-nio-8080-exec-8] o.s.web.servlet.DispatcherServlet        : GET "/api/classes/2/users", parameters={}
2025-09-19T13:15:16.426+05:30 DEBUG 10960 --- [Back_End] [http-nio-8080-exec-8] s.w.s.m.m.a.RequestMappingHandlerMapping : Mapped to com.ijse.gdse72.back_end.controller.ClassController#getUsersByClass(Long)
2025-09-19T13:15:16.430+05:30 DEBUG 10960 --- [Back_End] [clientInboundChannel-173] org.springframework.web.SimpLogging      : Processing CONNECT session=4fe0pzuh
2025-09-19T13:15:16.436+05:30 DEBUG 10960 --- [Back_End] [http-nio-8080-exec-8] o.s.w.s.m.m.a.HttpEntityMethodProcessor  : Using 'application/json', given [*/*] and supported [application/json, application/*+json]
2025-09-19T13:15:16.437+05:30 DEBUG 10960 --- [Back_End] [http-nio-8080-exec-8] o.s.w.s.m.m.a.HttpEntityMethodProcessor  : Writing [com.ijse.gdse72.back_end.dto.ApiResponse@17db2c23]
2025-09-19T13:15:16.438+05:30 DEBUG 10960 --- [Back_End] [http-nio-8080-exec-8] o.s.web.servlet.DispatcherServlet        : Completed 200 OK
2025-09-19T13:15:16.440+05:30 DEBUG 10960 --- [Back_End] [clientInboundChannel-177] org.springframework.web.SimpLogging      : Processing SUBSCRIBE destination=/topic/messages-user4fe0pzuh subscriptionId=sub-0 session=4fe0pzuh payload=byte[0]
2025-09-19T13:15:23.655+05:30 DEBUG 10960 --- [Back_End] [MessageBroker-7] o.s.w.s.s.t.h.DefaultSockJsService       : Closed 1 sessions: [vhwwx0yv]
2025-09-19T13:18:02.307+05:30 DEBUG 10960 --- [Back_End] [http-nio-8080-exec-5] s.w.s.h.LoggingWebSocketHandlerDecorator : WebSocketServerSockJsSession[id=4fe0pzuh] closed with CloseStatus[code=1000, reason=null]
2025-09-19T13:18:02.307+05:30 DEBUG 10960 --- [Back_End] [http-nio-8080-exec-5] o.s.w.s.m.SubProtocolWebSocketHandler    : Clearing session 4fe0pzuh
2025-09-19T13:18:02.308+05:30 DEBUG 10960 --- [Back_End] [clientInboundChannel-179] org.springframework.web.SimpLogging      : Processing DISCONNECT session=4fe0pzuh
2025-09-19T13:18:02.309+05:30 DEBUG 10960 --- [Back_End] [clientOutboundChannel-84] o.s.w.s.m.SubProtocolWebSocketHandler    : No session for GenericMessage [payload=byte[0], headers={simpMessageType=DISCONNECT_ACK, simpDisconnectMessage=GenericMessage [payload=byte[0], headers={simpMessageType=DISCONNECT, stompCommand=DISCONNECT, simpSessionAttributes={org.springframework.messaging.simp.SimpAttributes.COMPLETED=true}, simpSessionId=4fe0pzuh}], simpSessionId=4fe0pzuh}]
2025-09-19T13:18:02.450+05:30 DEBUG 10960 --- [Back_End] [http-nio-8080-exec-6] o.s.web.servlet.DispatcherServlet        : GET "/api/classes/2", parameters={}
2025-09-19T13:18:02.451+05:30 DEBUG 10960 --- [Back_End] [http-nio-8080-exec-6] s.w.s.m.m.a.RequestMappingHandlerMapping : Mapped to com.ijse.gdse72.back_end.controller.ClassController#getClassById(Long)
2025-09-19T13:18:02.451+05:30 DEBUG 10960 --- [Back_End] [http-nio-8080-exec-7] o.s.web.servlet.DispatcherServlet        : GET "/ws-chat/info?t=1758268082445", parameters={masked}
2025-09-19T13:18:02.451+05:30 DEBUG 10960 --- [Back_End] [http-nio-8080-exec-7] o.s.w.s.s.s.WebSocketHandlerMapping      : Mapped to org.springframework.web.socket.sockjs.support.SockJsHttpRequestHandler@28391cc6
2025-09-19T13:18:02.451+05:30 DEBUG 10960 --- [Back_End] [http-nio-8080-exec-7] o.s.w.s.s.t.h.DefaultSockJsService       : Processing transport request: GET http://localhost:8080/ws-chat/info?t=1758268082445
2025-09-19T13:18:02.452+05:30 DEBUG 10960 --- [Back_End] [http-nio-8080-exec-7] o.s.web.servlet.DispatcherServlet        : Completed 200 OK
2025-09-19T13:18:02.460+05:30 DEBUG 10960 --- [Back_End] [http-nio-8080-exec-6] o.s.w.s.m.m.a.HttpEntityMethodProcessor  : Using 'application/json', given [*/*] and supported [application/json, application/*+json]
2025-09-19T13:18:02.460+05:30 DEBUG 10960 --- [Back_End] [http-nio-8080-exec-6] o.s.w.s.m.m.a.HttpEntityMethodProcessor  : Writing [com.ijse.gdse72.back_end.dto.ApiResponse@62e12da]
2025-09-19T13:18:02.461+05:30 DEBUG 10960 --- [Back_End] [http-nio-8080-exec-6] o.s.web.servlet.DispatcherServlet        : Completed 200 OK
2025-09-19T13:18:02.470+05:30 DEBUG 10960 --- [Back_End] [http-nio-8080-exec-8] o.s.web.servlet.DispatcherServlet        : GET "/api/classes/2", parameters={}
2025-09-19T13:18:02.470+05:30 DEBUG 10960 --- [Back_End] [http-nio-8080-exec-8] s.w.s.m.m.a.RequestMappingHandlerMapping : Mapped to com.ijse.gdse72.back_end.controller.ClassController#getClassById(Long)
2025-09-19T13:18:02.478+05:30 DEBUG 10960 --- [Back_End] [http-nio-8080-exec-1] o.s.web.servlet.DispatcherServlet        : GET "/ws-chat/137/rj1b0e4l/websocket", parameters={}
2025-09-19T13:18:02.478+05:30 DEBUG 10960 --- [Back_End] [http-nio-8080-exec-1] o.s.w.s.s.s.WebSocketHandlerMapping      : Mapped to org.springframework.web.socket.sockjs.support.SockJsHttpRequestHandler@28391cc6
2025-09-19T13:18:02.479+05:30 DEBUG 10960 --- [Back_End] [http-nio-8080-exec-1] o.s.w.s.s.t.h.DefaultSockJsService       : Processing transport request: GET http://localhost:8080/ws-chat/137/rj1b0e4l/websocket
2025-09-19T13:18:02.479+05:30 DEBUG 10960 --- [Back_End] [http-nio-8080-exec-8] o.s.w.s.m.m.a.HttpEntityMethodProcessor  : Using 'application/json', given [*/*] and supported [application/json, application/*+json]
2025-09-19T13:18:02.479+05:30 DEBUG 10960 --- [Back_End] [http-nio-8080-exec-8] o.s.w.s.m.m.a.HttpEntityMethodProcessor  : Writing [com.ijse.gdse72.back_end.dto.ApiResponse@11bd0583]
2025-09-19T13:18:02.480+05:30 DEBUG 10960 --- [Back_End] [http-nio-8080-exec-1] o.s.web.servlet.DispatcherServlet        : Completed 101 SWITCHING_PROTOCOLS
2025-09-19T13:18:02.480+05:30 DEBUG 10960 --- [Back_End] [http-nio-8080-exec-8] o.s.web.servlet.DispatcherServlet        : Completed 200 OK
2025-09-19T13:18:02.481+05:30 DEBUG 10960 --- [Back_End] [http-nio-8080-exec-1] s.w.s.h.LoggingWebSocketHandlerDecorator : New WebSocketServerSockJsSession[id=rj1b0e4l]
2025-09-19T13:18:02.497+05:30 DEBUG 10960 --- [Back_End] [clientInboundChannel-182] org.springframework.web.SimpLogging      : Processing CONNECT session=rj1b0e4l
2025-09-19T13:18:02.501+05:30 DEBUG 10960 --- [Back_End] [clientInboundChannel-186] org.springframework.web.SimpLogging      : Processing SUBSCRIBE destination=/topic/messages-userrj1b0e4l subscriptionId=sub-0 session=rj1b0e4l payload=byte[0]
2025-09-19T13:18:02.503+05:30 DEBUG 10960 --- [Back_End] [http-nio-8080-exec-2] o.s.web.servlet.DispatcherServlet        : GET "/api/classes/2/users", parameters={}
2025-09-19T13:18:02.503+05:30 DEBUG 10960 --- [Back_End] [http-nio-8080-exec-2] s.w.s.m.m.a.RequestMappingHandlerMapping : Mapped to com.ijse.gdse72.back_end.controller.ClassController#getUsersByClass(Long)
2025-09-19T13:18:02.506+05:30 DEBUG 10960 --- [Back_End] [http-nio-8080-exec-2] o.s.w.s.m.m.a.HttpEntityMethodProcessor  : Using 'application/json', given [*/*] and supported [application/json, application/*+json]
2025-09-19T13:18:02.507+05:30 DEBUG 10960 --- [Back_End] [http-nio-8080-exec-2] o.s.w.s.m.m.a.HttpEntityMethodProcessor  : Writing [com.ijse.gdse72.back_end.dto.ApiResponse@24c17c45]
2025-09-19T13:18:02.507+05:30 DEBUG 10960 --- [Back_End] [http-nio-8080-exec-2] o.s.web.servlet.DispatcherServlet        : Completed 200 OK
2025-09-19T13:18:07.427+05:30 DEBUG 10960 --- [Back_End] [http-nio-8080-exec-9] s.w.s.h.LoggingWebSocketHandlerDecorator : WebSocketServerSockJsSession[id=rj1b0e4l] closed with CloseStatus[code=1000, reason=null]
2025-09-19T13:18:07.428+05:30 DEBUG 10960 --- [Back_End] [http-nio-8080-exec-9] o.s.w.s.m.SubProtocolWebSocketHandler    : Clearing session rj1b0e4l
2025-09-19T13:18:07.428+05:30 DEBUG 10960 --- [Back_End] [clientInboundChannel-188] org.springframework.web.SimpLogging      : Processing DISCONNECT session=rj1b0e4l
2025-09-19T13:18:07.429+05:30 DEBUG 10960 --- [Back_End] [clientOutboundChannel-86] o.s.w.s.m.SubProtocolWebSocketHandler    : No session for GenericMessage [payload=byte[0], headers={simpMessageType=DISCONNECT_ACK, simpDisconnectMessage=GenericMessage [payload=byte[0], headers={simpMessageType=DISCONNECT, stompCommand=DISCONNECT, simpSessionAttributes={org.springframework.messaging.simp.SimpAttributes.COMPLETED=true}, simpSessionId=rj1b0e4l}], simpSessionId=rj1b0e4l}]
2025-09-19T13:18:07.574+05:30 DEBUG 10960 --- [Back_End] [http-nio-8080-exec-6] o.s.web.servlet.DispatcherServlet        : GET "/api/classes/2", parameters={}
2025-09-19T13:18:07.574+05:30 DEBUG 10960 --- [Back_End] [http-nio-8080-exec-6] s.w.s.m.m.a.RequestMappingHandlerMapping : Mapped to com.ijse.gdse72.back_end.controller.ClassController#getClassById(Long)
2025-09-19T13:18:07.582+05:30 DEBUG 10960 --- [Back_End] [http-nio-8080-exec-6] o.s.w.s.m.m.a.HttpEntityMethodProcessor  : Using 'application/json', given [*/*] and supported [application/json, application/*+json]
2025-09-19T13:18:07.583+05:30 DEBUG 10960 --- [Back_End] [http-nio-8080-exec-6] o.s.w.s.m.m.a.HttpEntityMethodProcessor  : Writing [com.ijse.gdse72.back_end.dto.ApiResponse@38d68113]
2025-09-19T13:18:07.584+05:30 DEBUG 10960 --- [Back_End] [http-nio-8080-exec-6] o.s.web.servlet.DispatcherServlet        : Completed 200 OK
2025-09-19T13:18:07.596+05:30 DEBUG 10960 --- [Back_End] [http-nio-8080-exec-8] o.s.web.servlet.DispatcherServlet        : GET "/api/classes/2", parameters={}
2025-09-19T13:18:07.597+05:30 DEBUG 10960 --- [Back_End] [http-nio-8080-exec-8] s.w.s.m.m.a.RequestMappingHandlerMapping : Mapped to com.ijse.gdse72.back_end.controller.ClassController#getClassById(Long)
2025-09-19T13:18:07.608+05:30 DEBUG 10960 --- [Back_End] [http-nio-8080-exec-8] o.s.w.s.m.m.a.HttpEntityMethodProcessor  : Using 'application/json', given [*/*] and supported [application/json, application/*+json]
2025-09-19T13:18:07.609+05:30 DEBUG 10960 --- [Back_End] [http-nio-8080-exec-8] o.s.w.s.m.m.a.HttpEntityMethodProcessor  : Writing [com.ijse.gdse72.back_end.dto.ApiResponse@5a02a71c]
2025-09-19T13:18:07.609+05:30 DEBUG 10960 --- [Back_End] [http-nio-8080-exec-8] o.s.web.servlet.DispatcherServlet        : Completed 200 OK
2025-09-19T13:18:07.614+05:30 DEBUG 10960 --- [Back_End] [http-nio-8080-exec-1] o.s.web.servlet.DispatcherServlet        : GET "/ws-chat/info?t=1758268087588", parameters={masked}
2025-09-19T13:18:07.614+05:30 DEBUG 10960 --- [Back_End] [http-nio-8080-exec-1] o.s.w.s.s.s.WebSocketHandlerMapping      : Mapped to org.springframework.web.socket.sockjs.support.SockJsHttpRequestHandler@28391cc6
2025-09-19T13:18:07.615+05:30 DEBUG 10960 --- [Back_End] [http-nio-8080-exec-1] o.s.w.s.s.t.h.DefaultSockJsService       : Processing transport request: GET http://localhost:8080/ws-chat/info?t=1758268087588
2025-09-19T13:18:07.615+05:30 DEBUG 10960 --- [Back_End] [http-nio-8080-exec-1] o.s.web.servlet.DispatcherServlet        : Completed 200 OK
2025-09-19T13:18:07.672+05:30 DEBUG 10960 --- [Back_End] [http-nio-8080-exec-3] o.s.web.servlet.DispatcherServlet        : GET "/api/classes/2/users", parameters={}
2025-09-19T13:18:07.673+05:30 DEBUG 10960 --- [Back_End] [http-nio-8080-exec-3] s.w.s.m.m.a.RequestMappingHandlerMapping : Mapped to com.ijse.gdse72.back_end.controller.ClassController#getUsersByClass(Long)
2025-09-19T13:18:07.681+05:30 DEBUG 10960 --- [Back_End] [http-nio-8080-exec-5] o.s.web.servlet.DispatcherServlet        : GET "/ws-chat/240/wy4g3q3u/websocket", parameters={}
2025-09-19T13:18:07.681+05:30 DEBUG 10960 --- [Back_End] [http-nio-8080-exec-3] o.s.w.s.m.m.a.HttpEntityMethodProcessor  : Using 'application/json', given [*/*] and supported [application/json, application/*+json]
2025-09-19T13:18:07.681+05:30 DEBUG 10960 --- [Back_End] [http-nio-8080-exec-5] o.s.w.s.s.s.WebSocketHandlerMapping      : Mapped to org.springframework.web.socket.sockjs.support.SockJsHttpRequestHandler@28391cc6
2025-09-19T13:18:07.681+05:30 DEBUG 10960 --- [Back_End] [http-nio-8080-exec-3] o.s.w.s.m.m.a.HttpEntityMethodProcessor  : Writing [com.ijse.gdse72.back_end.dto.ApiResponse@2452918f]
2025-09-19T13:18:07.681+05:30 DEBUG 10960 --- [Back_End] [http-nio-8080-exec-5] o.s.w.s.s.t.h.DefaultSockJsService       : Processing transport request: GET http://localhost:8080/ws-chat/240/wy4g3q3u/websocket
2025-09-19T13:18:07.682+05:30 DEBUG 10960 --- [Back_End] [http-nio-8080-exec-3] o.s.web.servlet.DispatcherServlet        : Completed 200 OK
2025-09-19T13:18:07.682+05:30 DEBUG 10960 --- [Back_End] [http-nio-8080-exec-5] o.s.web.servlet.DispatcherServlet        : Completed 101 SWITCHING_PROTOCOLS
2025-09-19T13:18:07.684+05:30 DEBUG 10960 --- [Back_End] [http-nio-8080-exec-5] s.w.s.h.LoggingWebSocketHandlerDecorator : New WebSocketServerSockJsSession[id=wy4g3q3u]
2025-09-19T13:18:07.702+05:30 DEBUG 10960 --- [Back_End] [clientInboundChannel-191] org.springframework.web.SimpLogging      : Processing CONNECT session=wy4g3q3u
2025-09-19T13:18:07.710+05:30 DEBUG 10960 --- [Back_End] [clientInboundChannel-195] org.springframework.web.SimpLogging      : Processing SUBSCRIBE destination=/topic/messages-userwy4g3q3u subscriptionId=sub-0 session=wy4g3q3u payload=byte[0]
2025-09-19T13:18:08.648+05:30 DEBUG 10960 --- [Back_End] [MessageBroker-7] o.s.w.s.s.t.h.DefaultSockJsService       : Closed 1 sessions: [4fe0pzuh]
2025-09-19T13:18:10.874+05:30 DEBUG 10960 --- [Back_End] [http-nio-8080-exec-4] o.s.web.servlet.DispatcherServlet        : GET "/api/classes/2", parameters={}
2025-09-19T13:18:10.874+05:30 DEBUG 10960 --- [Back_End] [http-nio-8080-exec-4] s.w.s.m.m.a.RequestMappingHandlerMapping : Mapped to com.ijse.gdse72.back_end.controller.ClassController#getClassById(Long)
2025-09-19T13:18:10.879+05:30 DEBUG 10960 --- [Back_End] [http-nio-8080-exec-4] o.s.w.s.m.m.a.HttpEntityMethodProcessor  : Using 'application/json', given [*/*] and supported [application/json, application/*+json]
2025-09-19T13:18:10.880+05:30 DEBUG 10960 --- [Back_End] [http-nio-8080-exec-4] o.s.w.s.m.m.a.HttpEntityMethodProcessor  : Writing [com.ijse.gdse72.back_end.dto.ApiResponse@50b52f01]
2025-09-19T13:18:10.881+05:30 DEBUG 10960 --- [Back_End] [http-nio-8080-exec-4] o.s.web.servlet.DispatcherServlet        : Completed 200 OK
2025-09-19T13:18:13.655+05:30 DEBUG 10960 --- [Back_End] [MessageBroker-7] o.s.w.s.s.t.h.DefaultSockJsService       : Closed 1 sessions: [rj1b0e4l]
2025-09-19T13:18:23.091+05:30 DEBUG 10960 --- [Back_End] [http-nio-8080-exec-1] s.w.s.h.LoggingWebSocketHandlerDecorator : WebSocketServerSockJsSession[id=wy4g3q3u] closed with CloseStatus[code=1000, reason=null]
2025-09-19T13:18:23.091+05:30 DEBUG 10960 --- [Back_End] [http-nio-8080-exec-1] o.s.w.s.m.SubProtocolWebSocketHandler    : Clearing session wy4g3q3u
2025-09-19T13:18:23.092+05:30 DEBUG 10960 --- [Back_End] [clientInboundChannel-197] org.springframework.web.SimpLogging      : Processing DISCONNECT session=wy4g3q3u
2025-09-19T13:18:23.094+05:30 DEBUG 10960 --- [Back_End] [clientOutboundChannel-88] o.s.w.s.m.SubProtocolWebSocketHandler    : No session for GenericMessage [payload=byte[0], headers={simpMessageType=DISCONNECT_ACK, simpDisconnectMessage=GenericMessage [payload=byte[0], headers={simpMessageType=DISCONNECT, stompCommand=DISCONNECT, simpSessionAttributes={org.springframework.messaging.simp.SimpAttributes.COMPLETED=true}, simpSessionId=wy4g3q3u}], simpSessionId=wy4g3q3u}]
2025-09-19T13:18:23.216+05:30 DEBUG 10960 --- [Back_End] [http-nio-8080-exec-5] o.s.web.servlet.DispatcherServlet        : GET "/api/classes/2", parameters={}
2025-09-19T13:18:23.216+05:30 DEBUG 10960 --- [Back_End] [http-nio-8080-exec-5] s.w.s.m.m.a.RequestMappingHandlerMapping : Mapped to com.ijse.gdse72.back_end.controller.ClassController#getClassById(Long)
2025-09-19T13:18:23.224+05:30 DEBUG 10960 --- [Back_End] [http-nio-8080-exec-5] o.s.w.s.m.m.a.HttpEntityMethodProcessor  : Using 'application/json', given [*/*] and supported [application/json, application/*+json]
2025-09-19T13:18:23.224+05:30 DEBUG 10960 --- [Back_End] [http-nio-8080-exec-5] o.s.w.s.m.m.a.HttpEntityMethodProcessor  : Writing [com.ijse.gdse72.back_end.dto.ApiResponse@2795419e]
2025-09-19T13:18:23.225+05:30 DEBUG 10960 --- [Back_End] [http-nio-8080-exec-5] o.s.web.servlet.DispatcherServlet        : Completed 200 OK
2025-09-19T13:18:23.236+05:30 DEBUG 10960 --- [Back_End] [http-nio-8080-exec-2] o.s.web.servlet.DispatcherServlet        : GET "/api/classes/2", parameters={}
2025-09-19T13:18:23.236+05:30 DEBUG 10960 --- [Back_End] [http-nio-8080-exec-2] s.w.s.m.m.a.RequestMappingHandlerMapping : Mapped to com.ijse.gdse72.back_end.controller.ClassController#getClassById(Long)
2025-09-19T13:18:23.243+05:30 DEBUG 10960 --- [Back_End] [http-nio-8080-exec-2] o.s.w.s.m.m.a.HttpEntityMethodProcessor  : Using 'application/json', given [*/*] and supported [application/json, application/*+json]
2025-09-19T13:18:23.244+05:30 DEBUG 10960 --- [Back_End] [http-nio-8080-exec-2] o.s.w.s.m.m.a.HttpEntityMethodProcessor  : Writing [com.ijse.gdse72.back_end.dto.ApiResponse@6f06dce7]
2025-09-19T13:18:23.244+05:30 DEBUG 10960 --- [Back_End] [http-nio-8080-exec-2] o.s.web.servlet.DispatcherServlet        : Completed 200 OK
2025-09-19T13:18:23.249+05:30 DEBUG 10960 --- [Back_End] [http-nio-8080-exec-9] o.s.web.servlet.DispatcherServlet        : GET "/ws-chat/info?t=1758268103225", parameters={masked}
2025-09-19T13:18:23.249+05:30 DEBUG 10960 --- [Back_End] [http-nio-8080-exec-9] o.s.w.s.s.s.WebSocketHandlerMapping      : Mapped to org.springframework.web.socket.sockjs.support.SockJsHttpRequestHandler@28391cc6
2025-09-19T13:18:23.250+05:30 DEBUG 10960 --- [Back_End] [http-nio-8080-exec-9] o.s.w.s.s.t.h.DefaultSockJsService       : Processing transport request: GET http://localhost:8080/ws-chat/info?t=1758268103225
2025-09-19T13:18:23.250+05:30 DEBUG 10960 --- [Back_End] [http-nio-8080-exec-9] o.s.web.servlet.DispatcherServlet        : Completed 200 OK
2025-09-19T13:18:23.260+05:30 DEBUG 10960 --- [Back_End] [http-nio-8080-exec-7] o.s.web.servlet.DispatcherServlet        : GET "/ws-chat/121/3evc5ptt/websocket", parameters={}
2025-09-19T13:18:23.260+05:30 DEBUG 10960 --- [Back_End] [http-nio-8080-exec-7] o.s.w.s.s.s.WebSocketHandlerMapping      : Mapped to org.springframework.web.socket.sockjs.support.SockJsHttpRequestHandler@28391cc6
2025-09-19T13:18:23.261+05:30 DEBUG 10960 --- [Back_End] [http-nio-8080-exec-7] o.s.w.s.s.t.h.DefaultSockJsService       : Processing transport request: GET http://localhost:8080/ws-chat/121/3evc5ptt/websocket
2025-09-19T13:18:23.262+05:30 DEBUG 10960 --- [Back_End] [http-nio-8080-exec-7] o.s.web.servlet.DispatcherServlet        : Completed 101 SWITCHING_PROTOCOLS
2025-09-19T13:18:23.263+05:30 DEBUG 10960 --- [Back_End] [http-nio-8080-exec-7] s.w.s.h.LoggingWebSocketHandlerDecorator : New WebSocketServerSockJsSession[id=3evc5ptt]
2025-09-19T13:18:23.267+05:30 DEBUG 10960 --- [Back_End] [http-nio-8080-exec-6] o.s.web.servlet.DispatcherServlet        : GET "/api/classes/2/users", parameters={}
2025-09-19T13:18:23.267+05:30 DEBUG 10960 --- [Back_End] [http-nio-8080-exec-6] s.w.s.m.m.a.RequestMappingHandlerMapping : Mapped to com.ijse.gdse72.back_end.controller.ClassController#getUsersByClass(Long)
2025-09-19T13:18:23.273+05:30 DEBUG 10960 --- [Back_End] [http-nio-8080-exec-6] o.s.w.s.m.m.a.HttpEntityMethodProcessor  : Using 'application/json', given [*/*] and supported [application/json, application/*+json]
2025-09-19T13:18:23.273+05:30 DEBUG 10960 --- [Back_End] [http-nio-8080-exec-6] o.s.w.s.m.m.a.HttpEntityMethodProcessor  : Writing [com.ijse.gdse72.back_end.dto.ApiResponse@759d9aa4]
2025-09-19T13:18:23.273+05:30 DEBUG 10960 --- [Back_End] [http-nio-8080-exec-6] o.s.web.servlet.DispatcherServlet        : Completed 200 OK
2025-09-19T13:18:23.276+05:30 DEBUG 10960 --- [Back_End] [clientInboundChannel-200] org.springframework.web.SimpLogging      : Processing CONNECT session=3evc5ptt
2025-09-19T13:18:23.282+05:30 DEBUG 10960 --- [Back_End] [clientInboundChannel-179] org.springframework.web.SimpLogging      : Processing SUBSCRIBE destination=/topic/messages-user3evc5ptt subscriptionId=sub-0 session=3evc5ptt payload=byte[0]
2025-09-19T13:18:24.491+05:30  INFO 10960 --- [Back_End] [MessageBroker-9] o.s.w.s.c.WebSocketMessageBrokerStats    : WebSocketSession[1 current WS(1)-HttpStream(0)-HttpPoll(0), 45 total, 0 closed abnormally (0 connect failure, 0 send limit, 0 transport error)], stompSubProtocol[processed CONNECT(45)-CONNECTED(45)-DISCONNECT(0)], stompBrokerRelay[null], inboundChannel[pool size = 24, active threads = 0, queued tasks = 0, completed tasks = 402], outboundChannel[pool size = 6, active threads = 0, queued tasks = 0, completed tasks = 89], sockJsScheduler[pool size = 12, active threads = 1, queued tasks = 2, completed tasks = 397]
2025-09-19T13:18:28.644+05:30 DEBUG 10960 --- [Back_End] [MessageBroker-5] o.s.w.s.s.t.h.DefaultSockJsService       : Closed 1 sessions: [wy4g3q3u]
2025-09-19T13:18:29.598+05:30 DEBUG 10960 --- [Back_End] [http-nio-8080-exec-9] o.s.web.servlet.DispatcherServlet        : GET "/api/classes/2", parameters={}
2025-09-19T13:18:29.598+05:30 DEBUG 10960 --- [Back_End] [http-nio-8080-exec-9] s.w.s.m.m.a.RequestMappingHandlerMapping : Mapped to com.ijse.gdse72.back_end.controller.ClassController#getClassById(Long)
2025-09-19T13:18:29.602+05:30 DEBUG 10960 --- [Back_End] [http-nio-8080-exec-9] o.s.w.s.m.m.a.HttpEntityMethodProcessor  : Using 'application/json', given [*/*] and supported [application/json, application/*+json]
2025-09-19T13:18:29.602+05:30 DEBUG 10960 --- [Back_End] [http-nio-8080-exec-9] o.s.w.s.m.m.a.HttpEntityMethodProcessor  : Writing [com.ijse.gdse72.back_end.dto.ApiResponse@2387addf]
2025-09-19T13:18:29.602+05:30 DEBUG 10960 --- [Back_End] [http-nio-8080-exec-9] o.s.web.servlet.DispatcherServlet        : Completed 200 OK
2025-09-19T13:18:50.724+05:30 DEBUG 10960 --- [Back_End] [http-nio-8080-exec-7] s.w.s.h.LoggingWebSocketHandlerDecorator : WebSocketServerSockJsSession[id=3evc5ptt] closed with CloseStatus[code=1000, reason=null]
2025-09-19T13:18:50.724+05:30 DEBUG 10960 --- [Back_End] [http-nio-8080-exec-7] o.s.w.s.m.SubProtocolWebSocketHandler    : Clearing session 3evc5ptt
2025-09-19T13:18:50.724+05:30 DEBUG 10960 --- [Back_End] [clientInboundChannel-183] org.springframework.web.SimpLogging      : Processing DISCONNECT session=3evc5ptt
2025-09-19T13:18:50.725+05:30 DEBUG 10960 --- [Back_End] [clientOutboundChannel-90] o.s.w.s.m.SubProtocolWebSocketHandler    : No session for GenericMessage [payload=byte[0], headers={simpMessageType=DISCONNECT_ACK, simpDisconnectMessage=GenericMessage [payload=byte[0], headers={simpMessageType=DISCONNECT, stompCommand=DISCONNECT, simpSessionAttributes={org.springframework.messaging.simp.SimpAttributes.COMPLETED=true}, simpSessionId=3evc5ptt}], simpSessionId=3evc5ptt}]
2025-09-19T13:18:50.821+05:30 DEBUG 10960 --- [Back_End] [http-nio-8080-exec-6] o.s.web.servlet.DispatcherServlet        : GET "/auth/user/2", parameters={}
2025-09-19T13:18:50.821+05:30 DEBUG 10960 --- [Back_End] [http-nio-8080-exec-6] s.w.s.m.m.a.RequestMappingHandlerMapping : Mapped to com.ijse.gdse72.back_end.controller.AuthController#getUserById(Long)
2025-09-19T13:18:50.834+05:30 DEBUG 10960 --- [Back_End] [http-nio-8080-exec-6] o.s.w.s.m.m.a.HttpEntityMethodProcessor  : Using 'application/json', given [*/*] and supported [application/json, application/*+json]
2025-09-19T13:18:50.835+05:30 DEBUG 10960 --- [Back_End] [http-nio-8080-exec-6] o.s.w.s.m.m.a.HttpEntityMethodProcessor  : Writing [com.ijse.gdse72.back_end.dto.ApiResponse@4b190ac8]
2025-09-19T13:18:50.835+05:30 DEBUG 10960 --- [Back_End] [http-nio-8080-exec-6] o.s.web.servlet.DispatcherServlet        : Completed 200 OK
2025-09-19T13:18:50.835+05:30 DEBUG 10960 --- [Back_End] [http-nio-8080-exec-10] o.s.web.servlet.DispatcherServlet        : GET "/api/classes/student-statistics/2", parameters={}
2025-09-19T13:18:50.836+05:30 DEBUG 10960 --- [Back_End] [http-nio-8080-exec-10] s.w.s.m.m.a.RequestMappingHandlerMapping : Mapped to com.ijse.gdse72.back_end.controller.ClassController#getStudentClassStatistics(Long)
2025-09-19T13:18:50.838+05:30 DEBUG 10960 --- [Back_End] [http-nio-8080-exec-3] o.s.web.servlet.DispatcherServlet        : GET "/api/classes/student/2", parameters={}
2025-09-19T13:18:50.838+05:30 DEBUG 10960 --- [Back_End] [http-nio-8080-exec-3] s.w.s.m.m.a.RequestMappingHandlerMapping : Mapped to com.ijse.gdse72.back_end.controller.ClassController#getClassesByStudent(Long)
2025-09-19T13:18:50.853+05:30 DEBUG 10960 --- [Back_End] [http-nio-8080-exec-10] o.s.w.s.m.m.a.HttpEntityMethodProcessor  : Using 'application/json', given [*/*] and supported [application/json, application/*+json]
2025-09-19T13:18:50.853+05:30 DEBUG 10960 --- [Back_End] [http-nio-8080-exec-10] o.s.w.s.m.m.a.HttpEntityMethodProcessor  : Writing [com.ijse.gdse72.back_end.dto.ApiResponse@352ebab8]
2025-09-19T13:18:50.854+05:30 DEBUG 10960 --- [Back_End] [http-nio-8080-exec-10] o.s.web.servlet.DispatcherServlet        : Completed 200 OK
2025-09-19T13:18:50.855+05:30 DEBUG 10960 --- [Back_End] [http-nio-8080-exec-3] o.s.w.s.m.m.a.HttpEntityMethodProcessor  : Using 'application/json', given [*/*] and supported [application/json, application/*+json]
2025-09-19T13:18:50.855+05:30 DEBUG 10960 --- [Back_End] [http-nio-8080-exec-3] o.s.w.s.m.m.a.HttpEntityMethodProcessor  : Writing [com.ijse.gdse72.back_end.dto.ApiResponse@5985f683]
2025-09-19T13:18:50.856+05:30 DEBUG 10960 --- [Back_End] [http-nio-8080-exec-3] o.s.web.servlet.DispatcherServlet        : Completed 200 OK
2025-09-19T13:18:51.304+05:30 DEBUG 10960 --- [Back_End] [http-nio-8080-exec-5] o.s.web.servlet.DispatcherServlet        : GET "/api/classes/student-statistics/2", parameters={}
2025-09-19T13:18:51.304+05:30 DEBUG 10960 --- [Back_End] [http-nio-8080-exec-5] s.w.s.m.m.a.RequestMappingHandlerMapping : Mapped to com.ijse.gdse72.back_end.controller.ClassController#getStudentClassStatistics(Long)
2025-09-19T13:18:51.309+05:30 DEBUG 10960 --- [Back_End] [http-nio-8080-exec-5] o.s.w.s.m.m.a.HttpEntityMethodProcessor  : Using 'application/json', given [*/*] and supported [application/json, application/*+json]
2025-09-19T13:18:51.309+05:30 DEBUG 10960 --- [Back_End] [http-nio-8080-exec-5] o.s.w.s.m.m.a.HttpEntityMethodProcessor  : Writing [com.ijse.gdse72.back_end.dto.ApiResponse@2ad6baec]
2025-09-19T13:18:51.309+05:30 DEBUG 10960 --- [Back_End] [http-nio-8080-exec-5] o.s.web.servlet.DispatcherServlet        : Completed 200 OK
2025-09-19T13:18:52.817+05:30 DEBUG 10960 --- [Back_End] [http-nio-8080-exec-4] o.s.web.servlet.DispatcherServlet        : GET "/ws-chat/info?t=1758268132780", parameters={masked}
2025-09-19T13:18:52.817+05:30 DEBUG 10960 --- [Back_End] [http-nio-8080-exec-4] o.s.w.s.s.s.WebSocketHandlerMapping      : Mapped to org.springframework.web.socket.sockjs.support.SockJsHttpRequestHandler@28391cc6
2025-09-19T13:18:52.818+05:30 DEBUG 10960 --- [Back_End] [http-nio-8080-exec-4] o.s.w.s.s.t.h.DefaultSockJsService       : Processing transport request: GET http://localhost:8080/ws-chat/info?t=1758268132780
2025-09-19T13:18:52.818+05:30 DEBUG 10960 --- [Back_End] [http-nio-8080-exec-4] o.s.web.servlet.DispatcherServlet        : Completed 200 OK
2025-09-19T13:18:52.832+05:30 DEBUG 10960 --- [Back_End] [http-nio-8080-exec-7] o.s.web.servlet.DispatcherServlet        : GET "/api/classes/2", parameters={}
2025-09-19T13:18:52.833+05:30 DEBUG 10960 --- [Back_End] [http-nio-8080-exec-7] s.w.s.m.m.a.RequestMappingHandlerMapping : Mapped to com.ijse.gdse72.back_end.controller.ClassController#getClassById(Long)
2025-09-19T13:18:52.843+05:30 DEBUG 10960 --- [Back_End] [http-nio-8080-exec-7] o.s.w.s.m.m.a.HttpEntityMethodProcessor  : Using 'application/json', given [*/*] and supported [application/json, application/*+json]
2025-09-19T13:18:52.843+05:30 DEBUG 10960 --- [Back_End] [http-nio-8080-exec-7] o.s.w.s.m.m.a.HttpEntityMethodProcessor  : Writing [com.ijse.gdse72.back_end.dto.ApiResponse@69eafeb]
2025-09-19T13:18:52.844+05:30 DEBUG 10960 --- [Back_End] [http-nio-8080-exec-7] o.s.web.servlet.DispatcherServlet        : Completed 200 OK
2025-09-19T13:18:52.851+05:30 DEBUG 10960 --- [Back_End] [http-nio-8080-exec-8] o.s.web.servlet.DispatcherServlet        : GET "/api/classes/2", parameters={}
2025-09-19T13:18:52.852+05:30 DEBUG 10960 --- [Back_End] [http-nio-8080-exec-8] s.w.s.m.m.a.RequestMappingHandlerMapping : Mapped to com.ijse.gdse72.back_end.controller.ClassController#getClassById(Long)
2025-09-19T13:18:52.859+05:30 DEBUG 10960 --- [Back_End] [http-nio-8080-exec-1] o.s.web.servlet.DispatcherServlet        : GET "/ws-chat/431/iozhn4vx/websocket", parameters={}
2025-09-19T13:18:52.859+05:30 DEBUG 10960 --- [Back_End] [http-nio-8080-exec-1] o.s.w.s.s.s.WebSocketHandlerMapping      : Mapped to org.springframework.web.socket.sockjs.support.SockJsHttpRequestHandler@28391cc6
2025-09-19T13:18:52.860+05:30 DEBUG 10960 --- [Back_End] [http-nio-8080-exec-8] o.s.w.s.m.m.a.HttpEntityMethodProcessor  : Using 'application/json', given [*/*] and supported [application/json, application/*+json]
2025-09-19T13:18:52.860+05:30 DEBUG 10960 --- [Back_End] [http-nio-8080-exec-1] o.s.w.s.s.t.h.DefaultSockJsService       : Processing transport request: GET http://localhost:8080/ws-chat/431/iozhn4vx/websocket
2025-09-19T13:18:52.860+05:30 DEBUG 10960 --- [Back_End] [http-nio-8080-exec-8] o.s.w.s.m.m.a.HttpEntityMethodProcessor  : Writing [com.ijse.gdse72.back_end.dto.ApiResponse@2f7e5fea]
2025-09-19T13:18:52.860+05:30 DEBUG 10960 --- [Back_End] [http-nio-8080-exec-1] o.s.web.servlet.DispatcherServlet        : Completed 101 SWITCHING_PROTOCOLS
2025-09-19T13:18:52.860+05:30 DEBUG 10960 --- [Back_End] [http-nio-8080-exec-8] o.s.web.servlet.DispatcherServlet        : Completed 200 OK
2025-09-19T13:18:52.861+05:30 DEBUG 10960 --- [Back_End] [http-nio-8080-exec-1] s.w.s.h.LoggingWebSocketHandlerDecorator : New WebSocketServerSockJsSession[id=iozhn4vx]
2025-09-19T13:18:52.865+05:30 DEBUG 10960 --- [Back_End] [clientInboundChannel-185] org.springframework.web.SimpLogging      : Processing CONNECT session=iozhn4vx
2025-09-19T13:18:52.869+05:30 DEBUG 10960 --- [Back_End] [clientInboundChannel-187] org.springframework.web.SimpLogging      : Processing SUBSCRIBE destination=/topic/messages-useriozhn4vx subscriptionId=sub-0 session=iozhn4vx payload=byte[0]
2025-09-19T13:18:52.870+05:30 DEBUG 10960 --- [Back_End] [http-nio-8080-exec-10] o.s.web.servlet.DispatcherServlet        : GET "/api/classes/2/users", parameters={}
2025-09-19T13:18:52.871+05:30 DEBUG 10960 --- [Back_End] [http-nio-8080-exec-10] s.w.s.m.m.a.RequestMappingHandlerMapping : Mapped to com.ijse.gdse72.back_end.controller.ClassController#getUsersByClass(Long)
2025-09-19T13:18:52.875+05:30 DEBUG 10960 --- [Back_End] [http-nio-8080-exec-10] o.s.w.s.m.m.a.HttpEntityMethodProcessor  : Using 'application/json', given [*/*] and supported [application/json, application/*+json]
2025-09-19T13:18:52.875+05:30 DEBUG 10960 --- [Back_End] [http-nio-8080-exec-10] o.s.w.s.m.m.a.HttpEntityMethodProcessor  : Writing [com.ijse.gdse72.back_end.dto.ApiResponse@23696979]
2025-09-19T13:18:52.875+05:30 DEBUG 10960 --- [Back_End] [http-nio-8080-exec-10] o.s.web.servlet.DispatcherServlet        : Completed 200 OK
2025-09-19T13:18:55.537+05:30 DEBUG 10960 --- [Back_End] [http-nio-8080-exec-2] o.s.web.servlet.DispatcherServlet        : GET "/api/chats/2/1", parameters={}
2025-09-19T13:18:55.537+05:30 DEBUG 10960 --- [Back_End] [http-nio-8080-exec-2] s.w.s.m.m.a.RequestMappingHandlerMapping : Mapped to com.ijse.gdse72.back_end.controller.ChatController#getChatHistory(String, String)
2025-09-19T13:18:55.554+05:30 DEBUG 10960 --- [Back_End] [http-nio-8080-exec-2] m.m.a.RequestResponseBodyMethodProcessor : Using 'application/json', given [*/*] and supported [application/json, application/*+json]
2025-09-19T13:18:55.555+05:30 DEBUG 10960 --- [Back_End] [http-nio-8080-exec-2] m.m.a.RequestResponseBodyMethodProcessor : Writing [[ChatMessageDTO(chatId=63, senderId=2, receiverId=1, classId=null, message=Sir, I’m a bit confused a (truncated)...]
2025-09-19T13:18:55.557+05:30 DEBUG 10960 --- [Back_End] [http-nio-8080-exec-2] o.s.web.servlet.DispatcherServlet        : Completed 200 OK
2025-09-19T13:18:58.648+05:30 DEBUG 10960 --- [Back_End] [MessageBroker-9] o.s.w.s.s.t.h.DefaultSockJsService       : Closed 1 sessions: [3evc5ptt]
2025-09-19T13:19:00.136+05:30 DEBUG 10960 --- [Back_End] [http-nio-8080-exec-3] o.s.web.servlet.DispatcherServlet        : GET "/api/chats/2/4", parameters={}
2025-09-19T13:19:00.136+05:30 DEBUG 10960 --- [Back_End] [http-nio-8080-exec-3] s.w.s.m.m.a.RequestMappingHandlerMapping : Mapped to com.ijse.gdse72.back_end.controller.ChatController#getChatHistory(String, String)
2025-09-19T13:19:00.150+05:30 DEBUG 10960 --- [Back_End] [http-nio-8080-exec-3] m.m.a.RequestResponseBodyMethodProcessor : Using 'application/json', given [*/*] and supported [application/json, application/*+json]
2025-09-19T13:19:00.150+05:30 DEBUG 10960 --- [Back_End] [http-nio-8080-exec-3] m.m.a.RequestResponseBodyMethodProcessor : Writing [[ChatMessageDTO(chatId=35, senderId=2, receiverId=4, classId=null, message=Hey! Did you finish the w (truncated)...]
2025-09-19T13:19:00.151+05:30 DEBUG 10960 --- [Back_End] [http-nio-8080-exec-3] o.s.web.servlet.DispatcherServlet        : Completed 200 OK
2025-09-19T13:19:07.273+05:30 DEBUG 10960 --- [Back_End] [http-nio-8080-exec-9] o.s.web.servlet.DispatcherServlet        : GET "/api/chats/2/5", parameters={}
2025-09-19T13:19:07.273+05:30 DEBUG 10960 --- [Back_End] [http-nio-8080-exec-9] s.w.s.m.m.a.RequestMappingHandlerMapping : Mapped to com.ijse.gdse72.back_end.controller.ChatController#getChatHistory(String, String)
2025-09-19T13:19:07.276+05:30 DEBUG 10960 --- [Back_End] [http-nio-8080-exec-9] m.m.a.RequestResponseBodyMethodProcessor : Using 'application/json', given [*/*] and supported [application/json, application/*+json]
2025-09-19T13:19:07.276+05:30 DEBUG 10960 --- [Back_End] [http-nio-8080-exec-9] m.m.a.RequestResponseBodyMethodProcessor : Writing [[ChatMessageDTO(chatId=55, senderId=2, receiverId=5, classId=null, message=Hi Dilmi, did you finish  (truncated)...]
2025-09-19T13:19:07.276+05:30 DEBUG 10960 --- [Back_End] [http-nio-8080-exec-9] o.s.web.servlet.DispatcherServlet        : Completed 200 OK
2025-09-19T13:19:10.767+05:30 DEBUG 10960 --- [Back_End] [http-nio-8080-exec-4] o.s.web.servlet.DispatcherServlet        : GET "/api/chats/2/9", parameters={}
2025-09-19T13:19:10.767+05:30 DEBUG 10960 --- [Back_End] [http-nio-8080-exec-4] s.w.s.m.m.a.RequestMappingHandlerMapping : Mapped to com.ijse.gdse72.back_end.controller.ChatController#getChatHistory(String, String)
2025-09-19T13:19:10.769+05:30 DEBUG 10960 --- [Back_End] [http-nio-8080-exec-4] m.m.a.RequestResponseBodyMethodProcessor : Using 'application/json', given [*/*] and supported [application/json, application/*+json]
2025-09-19T13:19:10.769+05:30 DEBUG 10960 --- [Back_End] [http-nio-8080-exec-4] m.m.a.RequestResponseBodyMethodProcessor : Writing [[ChatMessageDTO(chatId=47, senderId=2, receiverId=9, classId=null, message=Hi Dasun, did you watch t (truncated)...]
2025-09-19T13:19:10.770+05:30 DEBUG 10960 --- [Back_End] [http-nio-8080-exec-4] o.s.web.servlet.DispatcherServlet        : Completed 200 OK
2025-09-19T13:19:14.087+05:30 DEBUG 10960 --- [Back_End] [http-nio-8080-exec-7] o.s.web.servlet.DispatcherServlet        : GET "/api/chats/2/4", parameters={}
2025-09-19T13:19:14.087+05:30 DEBUG 10960 --- [Back_End] [http-nio-8080-exec-7] s.w.s.m.m.a.RequestMappingHandlerMapping : Mapped to com.ijse.gdse72.back_end.controller.ChatController#getChatHistory(String, String)
2025-09-19T13:19:14.090+05:30 DEBUG 10960 --- [Back_End] [http-nio-8080-exec-7] m.m.a.RequestResponseBodyMethodProcessor : Using 'application/json', given [*/*] and supported [application/json, application/*+json]
2025-09-19T13:19:14.090+05:30 DEBUG 10960 --- [Back_End] [http-nio-8080-exec-7] m.m.a.RequestResponseBodyMethodProcessor : Writing [[ChatMessageDTO(chatId=35, senderId=2, receiverId=4, classId=null, message=Hey! Did you finish the w (truncated)...]
2025-09-19T13:19:14.091+05:30 DEBUG 10960 --- [Back_End] [http-nio-8080-exec-7] o.s.web.servlet.DispatcherServlet        : Completed 200 OK
2025-09-19T13:19:31.344+05:30 DEBUG 10960 --- [Back_End] [http-nio-8080-exec-3] o.s.web.servlet.DispatcherServlet        : GET "/api/chats/2/5", parameters={}
2025-09-19T13:19:31.344+05:30 DEBUG 10960 --- [Back_End] [http-nio-8080-exec-3] s.w.s.m.m.a.RequestMappingHandlerMapping : Mapped to com.ijse.gdse72.back_end.controller.ChatController#getChatHistory(String, String)
2025-09-19T13:19:31.346+05:30 DEBUG 10960 --- [Back_End] [http-nio-8080-exec-3] m.m.a.RequestResponseBodyMethodProcessor : Using 'application/json', given [*/*] and supported [application/json, application/*+json]
2025-09-19T13:19:31.346+05:30 DEBUG 10960 --- [Back_End] [http-nio-8080-exec-3] m.m.a.RequestResponseBodyMethodProcessor : Writing [[ChatMessageDTO(chatId=55, senderId=2, receiverId=5, classId=null, message=Hi Dilmi, did you finish  (truncated)...]
2025-09-19T13:19:31.347+05:30 DEBUG 10960 --- [Back_End] [http-nio-8080-exec-3] o.s.web.servlet.DispatcherServlet        : Completed 200 OK
2025-09-19T13:25:44.780+05:30 DEBUG 10960 --- [Back_End] [http-nio-8080-exec-10] s.w.s.h.LoggingWebSocketHandlerDecorator : WebSocketServerSockJsSession[id=iozhn4vx] closed with CloseStatus[code=1000, reason=null]
2025-09-19T13:25:44.781+05:30 DEBUG 10960 --- [Back_End] [http-nio-8080-exec-10] o.s.w.s.m.SubProtocolWebSocketHandler    : Clearing session iozhn4vx
2025-09-19T13:25:44.781+05:30 DEBUG 10960 --- [Back_End] [clientInboundChannel-203] org.springframework.web.SimpLogging      : Processing DISCONNECT session=iozhn4vx
2025-09-19T13:25:44.782+05:30 DEBUG 10960 --- [Back_End] [clientOutboundChannel-92] o.s.w.s.m.SubProtocolWebSocketHandler    : No session for GenericMessage [payload=byte[0], headers={simpMessageType=DISCONNECT_ACK, simpDisconnectMessage=GenericMessage [payload=byte[0], headers={simpMessageType=DISCONNECT, stompCommand=DISCONNECT, simpSessionAttributes={org.springframework.messaging.simp.SimpAttributes.COMPLETED=true}, simpSessionId=iozhn4vx}], simpSessionId=iozhn4vx}]
2025-09-19T13:25:53.646+05:30 DEBUG 10960 --- [Back_End] [MessageBroker-4] o.s.w.s.s.t.h.DefaultSockJsService       : Closed 1 sessions: [iozhn4vx]
2025-09-19T13:26:20.162+05:30 DEBUG 10960 --- [Back_End] [http-nio-8080-exec-2] o.s.web.servlet.DispatcherServlet        : POST "/auth/login", parameters={}
2025-09-19T13:26:20.162+05:30 DEBUG 10960 --- [Back_End] [http-nio-8080-exec-2] s.w.s.m.m.a.RequestMappingHandlerMapping : Mapped to com.ijse.gdse72.back_end.controller.AuthController#login(AuthDTO)
2025-09-19T13:26:20.180+05:30 DEBUG 10960 --- [Back_End] [http-nio-8080-exec-2] m.m.a.RequestResponseBodyMethodProcessor : Read "application/json;charset=UTF-8" to [com.ijse.gdse72.back_end.dto.AuthDTO@69796560]
2025-09-19T13:26:20.274+05:30 DEBUG 10960 --- [Back_End] [http-nio-8080-exec-2] o.s.w.s.m.m.a.HttpEntityMethodProcessor  : Using 'application/json', given [*/*] and supported [application/json, application/*+json]
2025-09-19T13:26:20.274+05:30 DEBUG 10960 --- [Back_End] [http-nio-8080-exec-2] o.s.w.s.m.m.a.HttpEntityMethodProcessor  : Writing [com.ijse.gdse72.back_end.dto.ApiResponse@7f308b86]
2025-09-19T13:26:20.275+05:30 DEBUG 10960 --- [Back_End] [http-nio-8080-exec-2] o.s.web.servlet.DispatcherServlet        : Completed 200 OK
2025-09-19T13:26:21.400+05:30 DEBUG 10960 --- [Back_End] [http-nio-8080-exec-4] o.s.web.servlet.DispatcherServlet        : GET "/auth/user/2", parameters={}
2025-09-19T13:26:21.400+05:30 DEBUG 10960 --- [Back_End] [http-nio-8080-exec-4] s.w.s.m.m.a.RequestMappingHandlerMapping : Mapped to com.ijse.gdse72.back_end.controller.AuthController#getUserById(Long)
2025-09-19T13:26:21.406+05:30 DEBUG 10960 --- [Back_End] [http-nio-8080-exec-4] o.s.w.s.m.m.a.HttpEntityMethodProcessor  : Using 'application/json', given [*/*] and supported [application/json, application/*+json]
2025-09-19T13:26:21.406+05:30 DEBUG 10960 --- [Back_End] [http-nio-8080-exec-4] o.s.w.s.m.m.a.HttpEntityMethodProcessor  : Writing [com.ijse.gdse72.back_end.dto.ApiResponse@7ca4ac96]
2025-09-19T13:26:21.407+05:30 DEBUG 10960 --- [Back_End] [http-nio-8080-exec-4] o.s.web.servlet.DispatcherServlet        : Completed 200 OK
2025-09-19T13:26:21.437+05:30 DEBUG 10960 --- [Back_End] [http-nio-8080-exec-8] o.s.web.servlet.DispatcherServlet        : GET "/api/classes/student/2", parameters={}
2025-09-19T13:26:21.437+05:30 DEBUG 10960 --- [Back_End] [http-nio-8080-exec-8] s.w.s.m.m.a.RequestMappingHandlerMapping : Mapped to com.ijse.gdse72.back_end.controller.ClassController#getClassesByStudent(Long)
2025-09-19T13:26:21.446+05:30 DEBUG 10960 --- [Back_End] [http-nio-8080-exec-1] o.s.web.servlet.DispatcherServlet        : GET "/api/classes/student-statistics/2", parameters={}
2025-09-19T13:26:21.448+05:30 DEBUG 10960 --- [Back_End] [http-nio-8080-exec-1] s.w.s.m.m.a.RequestMappingHandlerMapping : Mapped to com.ijse.gdse72.back_end.controller.ClassController#getStudentClassStatistics(Long)
2025-09-19T13:26:21.458+05:30 DEBUG 10960 --- [Back_End] [http-nio-8080-exec-8] o.s.w.s.m.m.a.HttpEntityMethodProcessor  : Using 'application/json', given [*/*] and supported [application/json, application/*+json]
2025-09-19T13:26:21.458+05:30 DEBUG 10960 --- [Back_End] [http-nio-8080-exec-8] o.s.w.s.m.m.a.HttpEntityMethodProcessor  : Writing [com.ijse.gdse72.back_end.dto.ApiResponse@3c46a307]
2025-09-19T13:26:21.459+05:30 DEBUG 10960 --- [Back_End] [http-nio-8080-exec-8] o.s.web.servlet.DispatcherServlet        : Completed 200 OK
2025-09-19T13:26:21.464+05:30 DEBUG 10960 --- [Back_End] [http-nio-8080-exec-1] o.s.w.s.m.m.a.HttpEntityMethodProcessor  : Using 'application/json', given [*/*] and supported [application/json, application/*+json]
2025-09-19T13:26:21.465+05:30 DEBUG 10960 --- [Back_End] [http-nio-8080-exec-1] o.s.w.s.m.m.a.HttpEntityMethodProcessor  : Writing [com.ijse.gdse72.back_end.dto.ApiResponse@30061a23]
2025-09-19T13:26:21.466+05:30 DEBUG 10960 --- [Back_End] [http-nio-8080-exec-1] o.s.web.servlet.DispatcherServlet        : Completed 200 OK
2025-09-19T13:26:21.891+05:30 DEBUG 10960 --- [Back_End] [http-nio-8080-exec-3] o.s.web.servlet.DispatcherServlet        : GET "/api/classes/student-statistics/2", parameters={}
2025-09-19T13:26:21.891+05:30 DEBUG 10960 --- [Back_End] [http-nio-8080-exec-3] s.w.s.m.m.a.RequestMappingHandlerMapping : Mapped to com.ijse.gdse72.back_end.controller.ClassController#getStudentClassStatistics(Long)
2025-09-19T13:26:21.898+05:30 DEBUG 10960 --- [Back_End] [http-nio-8080-exec-3] o.s.w.s.m.m.a.HttpEntityMethodProcessor  : Using 'application/json', given [*/*] and supported [application/json, application/*+json]
2025-09-19T13:26:21.898+05:30 DEBUG 10960 --- [Back_End] [http-nio-8080-exec-3] o.s.w.s.m.m.a.HttpEntityMethodProcessor  : Writing [com.ijse.gdse72.back_end.dto.ApiResponse@706173d3]
2025-09-19T13:26:21.899+05:30 DEBUG 10960 --- [Back_End] [http-nio-8080-exec-3] o.s.web.servlet.DispatcherServlet        : Completed 200 OK
2025-09-19T13:26:25.301+05:30 DEBUG 10960 --- [Back_End] [http-nio-8080-exec-6] o.s.web.servlet.DispatcherServlet        : GET "/ws-chat/info?t=1758268585258", parameters={masked}
2025-09-19T13:26:25.302+05:30 DEBUG 10960 --- [Back_End] [http-nio-8080-exec-6] o.s.w.s.s.s.WebSocketHandlerMapping      : Mapped to org.springframework.web.socket.sockjs.support.SockJsHttpRequestHandler@28391cc6
2025-09-19T13:26:25.302+05:30 DEBUG 10960 --- [Back_End] [http-nio-8080-exec-6] o.s.w.s.s.t.h.DefaultSockJsService       : Processing transport request: GET http://localhost:8080/ws-chat/info?t=1758268585258
2025-09-19T13:26:25.303+05:30 DEBUG 10960 --- [Back_End] [http-nio-8080-exec-6] o.s.web.servlet.DispatcherServlet        : Completed 200 OK
2025-09-19T13:26:25.313+05:30 DEBUG 10960 --- [Back_End] [http-nio-8080-exec-7] o.s.web.servlet.DispatcherServlet        : GET "/api/classes/2", parameters={}
2025-09-19T13:26:25.313+05:30 DEBUG 10960 --- [Back_End] [http-nio-8080-exec-7] s.w.s.m.m.a.RequestMappingHandlerMapping : Mapped to com.ijse.gdse72.back_end.controller.ClassController#getClassById(Long)
2025-09-19T13:26:25.322+05:30 DEBUG 10960 --- [Back_End] [http-nio-8080-exec-7] o.s.w.s.m.m.a.HttpEntityMethodProcessor  : Using 'application/json', given [*/*] and supported [application/json, application/*+json]
2025-09-19T13:26:25.323+05:30 DEBUG 10960 --- [Back_End] [http-nio-8080-exec-7] o.s.w.s.m.m.a.HttpEntityMethodProcessor  : Writing [com.ijse.gdse72.back_end.dto.ApiResponse@53624804]
2025-09-19T13:26:25.323+05:30 DEBUG 10960 --- [Back_End] [http-nio-8080-exec-7] o.s.web.servlet.DispatcherServlet        : Completed 200 OK
2025-09-19T13:26:25.333+05:30 DEBUG 10960 --- [Back_End] [http-nio-8080-exec-8] o.s.web.servlet.DispatcherServlet        : GET "/api/classes/2", parameters={}
2025-09-19T13:26:25.333+05:30 DEBUG 10960 --- [Back_End] [http-nio-8080-exec-1] o.s.web.servlet.DispatcherServlet        : GET "/ws-chat/661/xqxx2c2s/websocket", parameters={}
2025-09-19T13:26:25.334+05:30 DEBUG 10960 --- [Back_End] [http-nio-8080-exec-8] s.w.s.m.m.a.RequestMappingHandlerMapping : Mapped to com.ijse.gdse72.back_end.controller.ClassController#getClassById(Long)
2025-09-19T13:26:25.334+05:30 DEBUG 10960 --- [Back_End] [http-nio-8080-exec-1] o.s.w.s.s.s.WebSocketHandlerMapping      : Mapped to org.springframework.web.socket.sockjs.support.SockJsHttpRequestHandler@28391cc6
2025-09-19T13:26:25.335+05:30 DEBUG 10960 --- [Back_End] [http-nio-8080-exec-1] o.s.w.s.s.t.h.DefaultSockJsService       : Processing transport request: GET http://localhost:8080/ws-chat/661/xqxx2c2s/websocket
2025-09-19T13:26:25.336+05:30 DEBUG 10960 --- [Back_End] [http-nio-8080-exec-1] o.s.web.servlet.DispatcherServlet        : Completed 101 SWITCHING_PROTOCOLS
2025-09-19T13:26:25.338+05:30 DEBUG 10960 --- [Back_End] [http-nio-8080-exec-1] s.w.s.h.LoggingWebSocketHandlerDecorator : New WebSocketServerSockJsSession[id=xqxx2c2s]
2025-09-19T13:26:25.343+05:30 DEBUG 10960 --- [Back_End] [http-nio-8080-exec-8] o.s.w.s.m.m.a.HttpEntityMethodProcessor  : Using 'application/json', given [*/*] and supported [application/json, application/*+json]
2025-09-19T13:26:25.343+05:30 DEBUG 10960 --- [Back_End] [http-nio-8080-exec-8] o.s.w.s.m.m.a.HttpEntityMethodProcessor  : Writing [com.ijse.gdse72.back_end.dto.ApiResponse@1daa572c]
2025-09-19T13:26:25.344+05:30 DEBUG 10960 --- [Back_End] [clientInboundChannel-206] org.springframework.web.SimpLogging      : Processing CONNECT session=xqxx2c2s
2025-09-19T13:26:25.344+05:30 DEBUG 10960 --- [Back_End] [http-nio-8080-exec-8] o.s.web.servlet.DispatcherServlet        : Completed 200 OK
2025-09-19T13:26:25.347+05:30 DEBUG 10960 --- [Back_End] [clientInboundChannel-210] org.springframework.web.SimpLogging      : Processing SUBSCRIBE destination=/topic/messages-userxqxx2c2s subscriptionId=sub-0 session=xqxx2c2s payload=byte[0]
2025-09-19T13:26:25.378+05:30 DEBUG 10960 --- [Back_End] [http-nio-8080-exec-9] o.s.web.servlet.DispatcherServlet        : GET "/api/classes/2/users", parameters={}
2025-09-19T13:26:25.379+05:30 DEBUG 10960 --- [Back_End] [http-nio-8080-exec-9] s.w.s.m.m.a.RequestMappingHandlerMapping : Mapped to com.ijse.gdse72.back_end.controller.ClassController#getUsersByClass(Long)
2025-09-19T13:26:25.421+05:30 DEBUG 10960 --- [Back_End] [http-nio-8080-exec-9] o.s.w.s.m.m.a.HttpEntityMethodProcessor  : Using 'application/json', given [*/*] and supported [application/json, application/*+json]
2025-09-19T13:26:25.421+05:30 DEBUG 10960 --- [Back_End] [http-nio-8080-exec-9] o.s.w.s.m.m.a.HttpEntityMethodProcessor  : Writing [com.ijse.gdse72.back_end.dto.ApiResponse@ad09f24]
2025-09-19T13:26:25.422+05:30 DEBUG 10960 --- [Back_End] [http-nio-8080-exec-9] o.s.web.servlet.DispatcherServlet        : Completed 200 OK
2025-09-19T13:26:34.666+05:30 DEBUG 10960 --- [Back_End] [http-nio-8080-exec-1] o.s.web.servlet.DispatcherServlet        : GET "/api/classes/2", parameters={}
2025-09-19T13:26:34.666+05:30 DEBUG 10960 --- [Back_End] [http-nio-8080-exec-1] s.w.s.m.m.a.RequestMappingHandlerMapping : Mapped to com.ijse.gdse72.back_end.controller.ClassController#getClassById(Long)
2025-09-19T13:26:34.671+05:30 DEBUG 10960 --- [Back_End] [http-nio-8080-exec-1] o.s.w.s.m.m.a.HttpEntityMethodProcessor  : Using 'application/json', given [*/*] and supported [application/json, application/*+json]
2025-09-19T13:26:34.671+05:30 DEBUG 10960 --- [Back_End] [http-nio-8080-exec-1] o.s.w.s.m.m.a.HttpEntityMethodProcessor  : Writing [com.ijse.gdse72.back_end.dto.ApiResponse@5727efd6]
2025-09-19T13:26:34.671+05:30 DEBUG 10960 --- [Back_End] [http-nio-8080-exec-1] o.s.web.servlet.DispatcherServlet        : Completed 200 OK
2025-09-19T13:26:58.930+05:30 DEBUG 10960 --- [Back_End] [http-nio-8080-exec-5] o.s.web.servlet.DispatcherServlet        : GET "/api/chats/2/4", parameters={}
2025-09-19T13:26:58.930+05:30 DEBUG 10960 --- [Back_End] [http-nio-8080-exec-5] s.w.s.m.m.a.RequestMappingHandlerMapping : Mapped to com.ijse.gdse72.back_end.controller.ChatController#getChatHistory(String, String)
2025-09-19T13:26:58.934+05:30 DEBUG 10960 --- [Back_End] [http-nio-8080-exec-5] m.m.a.RequestResponseBodyMethodProcessor : Using 'application/json', given [*/*] and supported [application/json, application/*+json]
2025-09-19T13:26:58.934+05:30 DEBUG 10960 --- [Back_End] [http-nio-8080-exec-5] m.m.a.RequestResponseBodyMethodProcessor : Writing [[ChatMessageDTO(chatId=35, senderId=2, receiverId=4, classId=null, message=Hey! Did you finish the w (truncated)...]
2025-09-19T13:26:58.935+05:30 DEBUG 10960 --- [Back_End] [http-nio-8080-exec-5] o.s.web.servlet.DispatcherServlet        : Completed 200 OK
2025-09-19T13:27:04.687+05:30 DEBUG 10960 --- [Back_End] [http-nio-8080-exec-6] o.s.web.servlet.DispatcherServlet        : GET "/api/chats/2/1", parameters={}
2025-09-19T13:27:04.687+05:30 DEBUG 10960 --- [Back_End] [http-nio-8080-exec-6] s.w.s.m.m.a.RequestMappingHandlerMapping : Mapped to com.ijse.gdse72.back_end.controller.ChatController#getChatHistory(String, String)
2025-09-19T13:27:04.689+05:30 DEBUG 10960 --- [Back_End] [http-nio-8080-exec-6] m.m.a.RequestResponseBodyMethodProcessor : Using 'application/json', given [*/*] and supported [application/json, application/*+json]
2025-09-19T13:27:04.690+05:30 DEBUG 10960 --- [Back_End] [http-nio-8080-exec-6] m.m.a.RequestResponseBodyMethodProcessor : Writing [[ChatMessageDTO(chatId=63, senderId=2, receiverId=1, classId=null, message=Sir, I’m a bit confused a (truncated)...]
2025-09-19T13:27:04.690+05:30 DEBUG 10960 --- [Back_End] [http-nio-8080-exec-6] o.s.web.servlet.DispatcherServlet        : Completed 200 OK
2025-09-19T13:27:09.225+05:30 DEBUG 10960 --- [Back_End] [http-nio-8080-exec-2] o.s.web.servlet.DispatcherServlet        : GET "/api/chats/2/5", parameters={}
2025-09-19T13:27:09.225+05:30 DEBUG 10960 --- [Back_End] [http-nio-8080-exec-2] s.w.s.m.m.a.RequestMappingHandlerMapping : Mapped to com.ijse.gdse72.back_end.controller.ChatController#getChatHistory(String, String)
2025-09-19T13:27:09.231+05:30 DEBUG 10960 --- [Back_End] [http-nio-8080-exec-2] m.m.a.RequestResponseBodyMethodProcessor : Using 'application/json', given [*/*] and supported [application/json, application/*+json]
2025-09-19T13:27:09.232+05:30 DEBUG 10960 --- [Back_End] [http-nio-8080-exec-2] m.m.a.RequestResponseBodyMethodProcessor : Writing [[ChatMessageDTO(chatId=55, senderId=2, receiverId=5, classId=null, message=Hi Dilmi, did you finish  (truncated)...]
2025-09-19T13:27:09.233+05:30 DEBUG 10960 --- [Back_End] [http-nio-8080-exec-2] o.s.web.servlet.DispatcherServlet        : Completed 200 OK
2025-09-19T13:27:22.491+05:30 DEBUG 10960 --- [Back_End] [clientInboundChannel-211] .WebSocketAnnotationMethodMessageHandler : Searching methods to handle SEND /app/sendMessage session=xqxx2c2s, lookupDestination='/sendMessage'
2025-09-19T13:27:22.535+05:30 DEBUG 10960 --- [Back_End] [clientInboundChannel-211] .WebSocketAnnotationMethodMessageHandler : Invoking ChatController#sendMessage[1 args]
2025-09-19T13:39:35.650+05:30 DEBUG 10960 --- [Back_End] [http-nio-8080-exec-3] s.w.s.h.LoggingWebSocketHandlerDecorator : WebSocketServerSockJsSession[id=xqxx2c2s] closed with CloseStatus[code=1000, reason=null]
2025-09-19T13:39:35.650+05:30 DEBUG 10960 --- [Back_End] [http-nio-8080-exec-3] o.s.w.s.m.SubProtocolWebSocketHandler    : Clearing session xqxx2c2s
2025-09-19T13:39:35.651+05:30 DEBUG 10960 --- [Back_End] [clientInboundChannel-215] org.springframework.web.SimpLogging      : Processing DISCONNECT session=xqxx2c2s
2025-09-19T13:39:35.652+05:30 DEBUG 10960 --- [Back_End] [clientOutboundChannel-94] o.s.w.s.m.SubProtocolWebSocketHandler    : No session for GenericMessage [payload=byte[0], headers={simpMessageType=DISCONNECT_ACK, simpDisconnectMessage=GenericMessage [payload=byte[0], headers={simpMessageType=DISCONNECT, stompCommand=DISCONNECT, simpSessionAttributes={org.springframework.messaging.simp.SimpAttributes.COMPLETED=true}, simpSessionId=xqxx2c2s}], simpSessionId=xqxx2c2s}]
2025-09-19T13:39:35.774+05:30 DEBUG 10960 --- [Back_End] [http-nio-8080-exec-5] o.s.web.servlet.DispatcherServlet        : GET "/auth/documents/user/2", parameters={}
2025-09-19T13:39:35.775+05:30 DEBUG 10960 --- [Back_End] [http-nio-8080-exec-5] s.w.s.m.m.a.RequestMappingHandlerMapping : Mapped to com.ijse.gdse72.back_end.controller.DocumentController#getDocumentsByUserId(Long)
2025-09-19T13:39:35.835+05:30 DEBUG 10960 --- [Back_End] [http-nio-8080-exec-5] o.s.w.s.m.m.a.HttpEntityMethodProcessor  : Using 'application/json', given [*/*] and supported [application/json, application/*+json]
2025-09-19T13:39:35.835+05:30 DEBUG 10960 --- [Back_End] [http-nio-8080-exec-5] o.s.w.s.m.m.a.HttpEntityMethodProcessor  : Writing [[]]
2025-09-19T13:39:35.837+05:30 DEBUG 10960 --- [Back_End] [http-nio-8080-exec-5] o.s.web.servlet.DispatcherServlet        : Completed 200 OK
2025-09-19T13:39:43.647+05:30 DEBUG 10960 --- [Back_End] [MessageBroker-6] o.s.w.s.s.t.h.DefaultSockJsService       : Closed 1 sessions: [xqxx2c2s]
2025-09-19T13:41:13.258+05:30 DEBUG 10960 --- [Back_End] [http-nio-8080-exec-4] o.s.web.servlet.DispatcherServlet        : POST "/auth/documents", parameters={}
2025-09-19T13:41:13.258+05:30 DEBUG 10960 --- [Back_End] [http-nio-8080-exec-4] s.w.s.m.m.a.RequestMappingHandlerMapping : Mapped to com.ijse.gdse72.back_end.controller.DocumentController#saveDocument(DocumentDTO, Principal)
2025-09-19T13:41:13.300+05:30 DEBUG 10960 --- [Back_End] [http-nio-8080-exec-4] m.m.a.RequestResponseBodyMethodProcessor : Read "application/json;charset=UTF-8" to [com.ijse.gdse72.back_end.dto.DocumentDTO@5861d8e7]
2025-09-19T13:41:13.403+05:30 DEBUG 10960 --- [Back_End] [http-nio-8080-exec-4] o.s.w.s.m.m.a.HttpEntityMethodProcessor  : Using 'application/json', given [*/*] and supported [application/json, application/*+json]
2025-09-19T13:41:13.403+05:30 DEBUG 10960 --- [Back_End] [http-nio-8080-exec-4] o.s.w.s.m.m.a.HttpEntityMethodProcessor  : Writing [com.ijse.gdse72.back_end.entity.Document@d899d59]
2025-09-19T13:41:13.404+05:30 DEBUG 10960 --- [Back_End] [http-nio-8080-exec-4] o.s.web.servlet.DispatcherServlet        : Completed 200 OK
2025-09-19T13:41:15.237+05:30 DEBUG 10960 --- [Back_End] [http-nio-8080-exec-1] o.s.web.servlet.DispatcherServlet        : GET "/auth/documents/user/2", parameters={}
2025-09-19T13:41:15.237+05:30 DEBUG 10960 --- [Back_End] [http-nio-8080-exec-1] s.w.s.m.m.a.RequestMappingHandlerMapping : Mapped to com.ijse.gdse72.back_end.controller.DocumentController#getDocumentsByUserId(Long)
2025-09-19T13:41:15.244+05:30 DEBUG 10960 --- [Back_End] [http-nio-8080-exec-1] o.s.w.s.m.m.a.HttpEntityMethodProcessor  : Using 'application/json', given [*/*] and supported [application/json, application/*+json]
2025-09-19T13:41:15.245+05:30 DEBUG 10960 --- [Back_End] [http-nio-8080-exec-1] o.s.w.s.m.m.a.HttpEntityMethodProcessor  : Writing [[com.ijse.gdse72.back_end.dto.DocumentDTO@69236eaf]]
2025-09-19T13:41:15.251+05:30 DEBUG 10960 --- [Back_End] [http-nio-8080-exec-1] o.s.web.servlet.DispatcherServlet        : Completed 200 OK
2025-09-19T13:42:19.209+05:30 DEBUG 10960 --- [Back_End] [http-nio-8080-exec-10] o.s.web.servlet.DispatcherServlet        : POST "/auth/documents", parameters={}
2025-09-19T13:42:19.209+05:30 DEBUG 10960 --- [Back_End] [http-nio-8080-exec-10] s.w.s.m.m.a.RequestMappingHandlerMapping : Mapped to com.ijse.gdse72.back_end.controller.DocumentController#saveDocument(DocumentDTO, Principal)
2025-09-19T13:42:19.212+05:30 DEBUG 10960 --- [Back_End] [http-nio-8080-exec-10] m.m.a.RequestResponseBodyMethodProcessor : Read "application/json;charset=UTF-8" to [com.ijse.gdse72.back_end.dto.DocumentDTO@405a254f]
2025-09-19T13:42:19.249+05:30 DEBUG 10960 --- [Back_End] [http-nio-8080-exec-10] o.s.w.s.m.m.a.HttpEntityMethodProcessor  : Using 'application/json', given [*/*] and supported [application/json, application/*+json]
2025-09-19T13:42:19.249+05:30 DEBUG 10960 --- [Back_End] [http-nio-8080-exec-10] o.s.w.s.m.m.a.HttpEntityMethodProcessor  : Writing [com.ijse.gdse72.back_end.entity.Document@2d17d3b9]
2025-09-19T13:42:19.250+05:30 DEBUG 10960 --- [Back_End] [http-nio-8080-exec-10] o.s.web.servlet.DispatcherServlet        : Completed 200 OK
2025-09-19T13:42:20.602+05:30 DEBUG 10960 --- [Back_End] [http-nio-8080-exec-6] o.s.web.servlet.DispatcherServlet        : GET "/auth/documents/user/2", parameters={}
2025-09-19T13:42:20.604+05:30 DEBUG 10960 --- [Back_End] [http-nio-8080-exec-6] s.w.s.m.m.a.RequestMappingHandlerMapping : Mapped to com.ijse.gdse72.back_end.controller.DocumentController#getDocumentsByUserId(Long)
2025-09-19T13:42:20.610+05:30 DEBUG 10960 --- [Back_End] [http-nio-8080-exec-6] o.s.w.s.m.m.a.HttpEntityMethodProcessor  : Using 'application/json', given [*/*] and supported [application/json, application/*+json]
2025-09-19T13:42:20.611+05:30 DEBUG 10960 --- [Back_End] [http-nio-8080-exec-6] o.s.w.s.m.m.a.HttpEntityMethodProcessor  : Writing [[com.ijse.gdse72.back_end.dto.DocumentDTO@28155e24, com.ijse.gdse72.back_end.dto.DocumentDTO@a3b35ef (truncated)...]
2025-09-19T13:42:20.613+05:30 DEBUG 10960 --- [Back_End] [http-nio-8080-exec-6] o.s.web.servlet.DispatcherServlet        : Completed 200 OK
2025-09-19T13:42:34.445+05:30 DEBUG 10960 --- [Back_End] [http-nio-8080-exec-1] o.s.web.servlet.DispatcherServlet        : DELETE "/auth/documents/9", parameters={}
2025-09-19T13:42:34.445+05:30 DEBUG 10960 --- [Back_End] [http-nio-8080-exec-1] s.w.s.m.m.a.RequestMappingHandlerMapping : Mapped to com.ijse.gdse72.back_end.controller.DocumentController#deleteDocument(Long)
2025-09-19T13:42:34.516+05:30 DEBUG 10960 --- [Back_End] [http-nio-8080-exec-1] o.s.w.s.m.m.a.HttpEntityMethodProcessor  : Using 'text/plain', given [*/*] and supported [text/plain, */*, application/json, application/*+json]
2025-09-19T13:42:34.519+05:30 DEBUG 10960 --- [Back_End] [http-nio-8080-exec-1] o.s.w.s.m.m.a.HttpEntityMethodProcessor  : Writing ["Document deleted successfully"]
2025-09-19T13:42:34.522+05:30 DEBUG 10960 --- [Back_End] [http-nio-8080-exec-1] o.s.web.servlet.DispatcherServlet        : Completed 200 OK
2025-09-19T13:42:42.669+05:30 DEBUG 10960 --- [Back_End] [http-nio-8080-exec-3] o.s.web.servlet.DispatcherServlet        : GET "/auth/documents/8", parameters={}
2025-09-19T13:42:42.669+05:30 DEBUG 10960 --- [Back_End] [http-nio-8080-exec-3] s.w.s.m.m.a.RequestMappingHandlerMapping : Mapped to com.ijse.gdse72.back_end.controller.DocumentController#getDocument(Long)
2025-09-19T13:42:42.674+05:30 DEBUG 10960 --- [Back_End] [http-nio-8080-exec-3] o.s.w.s.m.m.a.HttpEntityMethodProcessor  : Using 'application/json', given [*/*] and supported [application/json, application/*+json]
2025-09-19T13:42:42.675+05:30 DEBUG 10960 --- [Back_End] [http-nio-8080-exec-3] o.s.w.s.m.m.a.HttpEntityMethodProcessor  : Writing [com.ijse.gdse72.back_end.entity.Document@468642d]
2025-09-19T13:42:42.676+05:30 DEBUG 10960 --- [Back_End] [http-nio-8080-exec-3] o.s.web.servlet.DispatcherServlet        : Completed 200 OK
2025-09-19T13:42:50.908+05:30 DEBUG 10960 --- [Back_End] [http-nio-8080-exec-6] o.s.web.servlet.DispatcherServlet        : GET "/auth/documents/user/2", parameters={}
2025-09-19T13:42:50.909+05:30 DEBUG 10960 --- [Back_End] [http-nio-8080-exec-6] s.w.s.m.m.a.RequestMappingHandlerMapping : Mapped to com.ijse.gdse72.back_end.controller.DocumentController#getDocumentsByUserId(Long)
2025-09-19T13:42:50.913+05:30 DEBUG 10960 --- [Back_End] [http-nio-8080-exec-6] o.s.w.s.m.m.a.HttpEntityMethodProcessor  : Using 'application/json', given [*/*] and supported [application/json, application/*+json]
2025-09-19T13:42:50.914+05:30 DEBUG 10960 --- [Back_End] [http-nio-8080-exec-6] o.s.w.s.m.m.a.HttpEntityMethodProcessor  : Writing [[com.ijse.gdse72.back_end.dto.DocumentDTO@759a8008]]
2025-09-19T13:42:50.914+05:30 DEBUG 10960 --- [Back_End] [http-nio-8080-exec-6] o.s.web.servlet.DispatcherServlet        : Completed 200 OK
2025-09-19T13:48:24.507+05:30  INFO 10960 --- [Back_End] [MessageBroker-4] o.s.w.s.c.WebSocketMessageBrokerStats    : WebSocketSession[0 current WS(0)-HttpStream(0)-HttpPoll(0), 47 total, 0 closed abnormally (0 connect failure, 0 send limit, 0 transport error)], stompSubProtocol[processed CONNECT(47)-CONNECTED(47)-DISCONNECT(0)], stompBrokerRelay[null], inboundChannel[pool size = 0, active threads = 0, queued tasks = 0, completed tasks = 426], outboundChannel[pool size = 0, active threads = 0, queued tasks = 0, completed tasks = 94], sockJsScheduler[pool size = 12, active threads = 1, queued tasks = 1, completed tasks = 806]
2025-09-19T14:18:24.522+05:30  INFO 10960 --- [Back_End] [MessageBroker-7] o.s.w.s.c.WebSocketMessageBrokerStats    : WebSocketSession[0 current WS(0)-HttpStream(0)-HttpPoll(0), 47 total, 0 closed abnormally (0 connect failure, 0 send limit, 0 transport error)], stompSubProtocol[processed CONNECT(47)-CONNECTED(47)-DISCONNECT(0)], stompBrokerRelay[null], inboundChannel[pool size = 0, active threads = 0, queued tasks = 0, completed tasks = 426], outboundChannel[pool size = 0, active threads = 0, queued tasks = 0, completed tasks = 94], sockJsScheduler[pool size = 12, active threads = 1, queued tasks = 1, completed tasks = 1167]
2025-09-19T14:48:24.524+05:30  INFO 10960 --- [Back_End] [MessageBroker-12] o.s.w.s.c.WebSocketMessageBrokerStats    : WebSocketSession[0 current WS(0)-HttpStream(0)-HttpPoll(0), 47 total, 0 closed abnormally (0 connect failure, 0 send limit, 0 transport error)], stompSubProtocol[processed CONNECT(47)-CONNECTED(47)-DISCONNECT(0)], stompBrokerRelay[null], inboundChannel[pool size = 0, active threads = 0, queued tasks = 0, completed tasks = 426], outboundChannel[pool size = 0, active threads = 0, queued tasks = 0, completed tasks = 94], sockJsScheduler[pool size = 12, active threads = 1, queued tasks = 1, completed tasks = 1528]
2025-09-19T15:08:18.792+05:30 DEBUG 10960 --- [Back_End] [http-nio-8080-exec-1] o.s.web.servlet.DispatcherServlet        : POST "/auth/login", parameters={}
2025-09-19T15:08:18.792+05:30 DEBUG 10960 --- [Back_End] [http-nio-8080-exec-1] s.w.s.m.m.a.RequestMappingHandlerMapping : Mapped to com.ijse.gdse72.back_end.controller.AuthController#login(AuthDTO)
2025-09-19T15:08:18.793+05:30 DEBUG 10960 --- [Back_End] [http-nio-8080-exec-1] m.m.a.RequestResponseBodyMethodProcessor : Read "application/json;charset=UTF-8" to [com.ijse.gdse72.back_end.dto.AuthDTO@4fa8bb94]
2025-09-19T15:08:18.895+05:30 DEBUG 10960 --- [Back_End] [http-nio-8080-exec-1] .m.m.a.ExceptionHandlerExceptionResolver : Using @ExceptionHandler com.ijse.gdse72.back_end.exception.GlobalExceptionHandler#handleBadCredentialsException(BadCredentialsException)
2025-09-19T15:08:18.898+05:30 DEBUG 10960 --- [Back_End] [http-nio-8080-exec-1] m.m.a.RequestResponseBodyMethodProcessor : Using 'application/json', given [*/*] and supported [application/json, application/*+json]
2025-09-19T15:08:18.898+05:30 DEBUG 10960 --- [Back_End] [http-nio-8080-exec-1] m.m.a.RequestResponseBodyMethodProcessor : Writing [com.ijse.gdse72.back_end.dto.ApiResponse@2078d3f7]
2025-09-19T15:08:18.900+05:30 DEBUG 10960 --- [Back_End] [http-nio-8080-exec-1] .m.m.a.ExceptionHandlerExceptionResolver : Resolved [org.springframework.security.authentication.BadCredentialsException: Incorrect password]
2025-09-19T15:08:18.900+05:30 DEBUG 10960 --- [Back_End] [http-nio-8080-exec-1] o.s.web.servlet.DispatcherServlet        : Completed 401 UNAUTHORIZED
2025-09-19T15:08:20.510+05:30 DEBUG 10960 --- [Back_End] [http-nio-8080-exec-8] o.s.web.servlet.DispatcherServlet        : POST "/auth/login", parameters={}
2025-09-19T15:08:20.510+05:30 DEBUG 10960 --- [Back_End] [http-nio-8080-exec-8] s.w.s.m.m.a.RequestMappingHandlerMapping : Mapped to com.ijse.gdse72.back_end.controller.AuthController#login(AuthDTO)
2025-09-19T15:08:20.513+05:30 DEBUG 10960 --- [Back_End] [http-nio-8080-exec-8] m.m.a.RequestResponseBodyMethodProcessor : Read "application/json;charset=UTF-8" to [com.ijse.gdse72.back_end.dto.AuthDTO@6b320f64]
2025-09-19T15:08:20.618+05:30 DEBUG 10960 --- [Back_End] [http-nio-8080-exec-8] o.s.w.s.m.m.a.HttpEntityMethodProcessor  : Using 'application/json', given [*/*] and supported [application/json, application/*+json]
2025-09-19T15:08:20.618+05:30 DEBUG 10960 --- [Back_End] [http-nio-8080-exec-8] o.s.w.s.m.m.a.HttpEntityMethodProcessor  : Writing [com.ijse.gdse72.back_end.dto.ApiResponse@14d29863]
2025-09-19T15:08:20.618+05:30 DEBUG 10960 --- [Back_End] [http-nio-8080-exec-8] o.s.web.servlet.DispatcherServlet        : Completed 200 OK
2025-09-19T15:08:21.779+05:30 DEBUG 10960 --- [Back_End] [http-nio-8080-exec-3] o.s.web.servlet.DispatcherServlet        : GET "/auth/user/1", parameters={}
2025-09-19T15:08:21.779+05:30 DEBUG 10960 --- [Back_End] [http-nio-8080-exec-3] s.w.s.m.m.a.RequestMappingHandlerMapping : Mapped to com.ijse.gdse72.back_end.controller.AuthController#getUserById(Long)
2025-09-19T15:08:21.786+05:30 DEBUG 10960 --- [Back_End] [http-nio-8080-exec-3] o.s.w.s.m.m.a.HttpEntityMethodProcessor  : Using 'application/json', given [*/*] and supported [application/json, application/*+json]
2025-09-19T15:08:21.786+05:30 DEBUG 10960 --- [Back_End] [http-nio-8080-exec-3] o.s.w.s.m.m.a.HttpEntityMethodProcessor  : Writing [com.ijse.gdse72.back_end.dto.ApiResponse@7af8b87f]
2025-09-19T15:08:21.787+05:30 DEBUG 10960 --- [Back_End] [http-nio-8080-exec-3] o.s.web.servlet.DispatcherServlet        : Completed 200 OK
2025-09-19T15:08:21.794+05:30 DEBUG 10960 --- [Back_End] [http-nio-8080-exec-9] o.s.web.servlet.DispatcherServlet        : GET "/api/classes/teacher/1", parameters={}
2025-09-19T15:08:21.794+05:30 DEBUG 10960 --- [Back_End] [http-nio-8080-exec-9] s.w.s.m.m.a.RequestMappingHandlerMapping : Mapped to com.ijse.gdse72.back_end.controller.ClassController#getClassesByTeacher(Long)
2025-09-19T15:08:21.797+05:30 DEBUG 10960 --- [Back_End] [http-nio-8080-exec-6] o.s.web.servlet.DispatcherServlet        : GET "/api/classes/statistics/1", parameters={}
2025-09-19T15:08:21.797+05:30 DEBUG 10960 --- [Back_End] [http-nio-8080-exec-6] s.w.s.m.m.a.RequestMappingHandlerMapping : Mapped to com.ijse.gdse72.back_end.controller.ClassController#getTeacherStatistics(Long)
2025-09-19T15:08:21.818+05:30 DEBUG 10960 --- [Back_End] [http-nio-8080-exec-9] o.s.w.s.m.m.a.HttpEntityMethodProcessor  : Using 'application/json', given [*/*] and supported [application/json, application/*+json]
2025-09-19T15:08:21.819+05:30 DEBUG 10960 --- [Back_End] [http-nio-8080-exec-9] o.s.w.s.m.m.a.HttpEntityMethodProcessor  : Writing [com.ijse.gdse72.back_end.dto.ApiResponse@10ebe184]
2025-09-19T15:08:21.820+05:30 DEBUG 10960 --- [Back_End] [http-nio-8080-exec-9] o.s.web.servlet.DispatcherServlet        : Completed 200 OK
2025-09-19T15:08:21.864+05:30 DEBUG 10960 --- [Back_End] [http-nio-8080-exec-6] o.s.w.s.m.m.a.HttpEntityMethodProcessor  : Using 'application/json', given [*/*] and supported [application/json, application/*+json]
2025-09-19T15:08:21.865+05:30 DEBUG 10960 --- [Back_End] [http-nio-8080-exec-6] o.s.w.s.m.m.a.HttpEntityMethodProcessor  : Writing [com.ijse.gdse72.back_end.dto.ApiResponse@40a6d063]
2025-09-19T15:08:21.866+05:30 DEBUG 10960 --- [Back_End] [http-nio-8080-exec-6] o.s.web.servlet.DispatcherServlet        : Completed 200 OK
2025-09-19T15:08:22.271+05:30 DEBUG 10960 --- [Back_End] [http-nio-8080-exec-2] o.s.web.servlet.DispatcherServlet        : GET "/api/classes/statistics/1", parameters={}
2025-09-19T15:08:22.271+05:30 DEBUG 10960 --- [Back_End] [http-nio-8080-exec-2] s.w.s.m.m.a.RequestMappingHandlerMapping : Mapped to com.ijse.gdse72.back_end.controller.ClassController#getTeacherStatistics(Long)
2025-09-19T15:08:22.279+05:30 DEBUG 10960 --- [Back_End] [http-nio-8080-exec-2] o.s.w.s.m.m.a.HttpEntityMethodProcessor  : Using 'application/json', given [*/*] and supported [application/json, application/*+json]
2025-09-19T15:08:22.279+05:30 DEBUG 10960 --- [Back_End] [http-nio-8080-exec-2] o.s.w.s.m.m.a.HttpEntityMethodProcessor  : Writing [com.ijse.gdse72.back_end.dto.ApiResponse@d4bc1a4]
2025-09-19T15:08:22.280+05:30 DEBUG 10960 --- [Back_End] [http-nio-8080-exec-2] o.s.web.servlet.DispatcherServlet        : Completed 200 OK
2025-09-19T15:08:52.294+05:30 DEBUG 10960 --- [Back_End] [http-nio-8080-exec-10] o.s.web.servlet.DispatcherServlet        : GET "/api/classes/statistics/1", parameters={}
2025-09-19T15:08:52.295+05:30 DEBUG 10960 --- [Back_End] [http-nio-8080-exec-10] s.w.s.m.m.a.RequestMappingHandlerMapping : Mapped to com.ijse.gdse72.back_end.controller.ClassController#getTeacherStatistics(Long)
2025-09-19T15:08:52.302+05:30 DEBUG 10960 --- [Back_End] [http-nio-8080-exec-10] o.s.w.s.m.m.a.HttpEntityMethodProcessor  : Using 'application/json', given [*/*] and supported [application/json, application/*+json]
2025-09-19T15:08:52.302+05:30 DEBUG 10960 --- [Back_End] [http-nio-8080-exec-10] o.s.w.s.m.m.a.HttpEntityMethodProcessor  : Writing [com.ijse.gdse72.back_end.dto.ApiResponse@71369e95]
2025-09-19T15:08:52.302+05:30 DEBUG 10960 --- [Back_End] [http-nio-8080-exec-10] o.s.web.servlet.DispatcherServlet        : Completed 200 OK
2025-09-19T15:09:22.288+05:30 DEBUG 10960 --- [Back_End] [http-nio-8080-exec-3] o.s.web.servlet.DispatcherServlet        : GET "/api/classes/statistics/1", parameters={}
2025-09-19T15:09:22.289+05:30 DEBUG 10960 --- [Back_End] [http-nio-8080-exec-3] s.w.s.m.m.a.RequestMappingHandlerMapping : Mapped to com.ijse.gdse72.back_end.controller.ClassController#getTeacherStatistics(Long)
2025-09-19T15:09:22.296+05:30 DEBUG 10960 --- [Back_End] [http-nio-8080-exec-3] o.s.w.s.m.m.a.HttpEntityMethodProcessor  : Using 'application/json', given [*/*] and supported [application/json, application/*+json]
2025-09-19T15:09:22.296+05:30 DEBUG 10960 --- [Back_End] [http-nio-8080-exec-3] o.s.w.s.m.m.a.HttpEntityMethodProcessor  : Writing [com.ijse.gdse72.back_end.dto.ApiResponse@b256398]
2025-09-19T15:09:22.296+05:30 DEBUG 10960 --- [Back_End] [http-nio-8080-exec-3] o.s.web.servlet.DispatcherServlet        : Completed 200 OK
2025-09-19T15:09:52.280+05:30 DEBUG 10960 --- [Back_End] [http-nio-8080-exec-6] o.s.web.servlet.DispatcherServlet        : GET "/api/classes/statistics/1", parameters={}
2025-09-19T15:09:52.280+05:30 DEBUG 10960 --- [Back_End] [http-nio-8080-exec-6] s.w.s.m.m.a.RequestMappingHandlerMapping : Mapped to com.ijse.gdse72.back_end.controller.ClassController#getTeacherStatistics(Long)
2025-09-19T15:09:52.286+05:30 DEBUG 10960 --- [Back_End] [http-nio-8080-exec-6] o.s.w.s.m.m.a.HttpEntityMethodProcessor  : Using 'application/json', given [*/*] and supported [application/json, application/*+json]
2025-09-19T15:09:52.286+05:30 DEBUG 10960 --- [Back_End] [http-nio-8080-exec-6] o.s.w.s.m.m.a.HttpEntityMethodProcessor  : Writing [com.ijse.gdse72.back_end.dto.ApiResponse@1bbd7f40]
2025-09-19T15:09:52.286+05:30 DEBUG 10960 --- [Back_End] [http-nio-8080-exec-6] o.s.web.servlet.DispatcherServlet        : Completed 200 OK
2025-09-19T15:10:16.741+05:30  INFO 10960 --- [Back_End] [SpringApplicationShutdownHook] o.s.b.w.e.tomcat.GracefulShutdown        : Commencing graceful shutdown. Waiting for active requests to complete
2025-09-19T15:10:16.751+05:30  INFO 10960 --- [Back_End] [tomcat-shutdown] o.s.b.w.e.tomcat.GracefulShutdown        : Graceful shutdown complete
2025-09-19T15:10:16.758+05:30 DEBUG 10960 --- [Back_End] [SpringApplicationShutdownHook] org.springframework.web.SimpLogging      : clientOutboundChannel removed SubProtocolWebSocketHandler[StompSubProtocolHandler[v10.stomp, v11.stomp, v12.stomp]]
2025-09-19T15:10:16.758+05:30 DEBUG 10960 --- [Back_End] [SpringApplicationShutdownHook] org.springframework.web.SimpLogging      : clientInboundChannel removed WebSocketAnnotationMethodMessageHandler[prefixes=[/app/]]
2025-09-19T15:10:16.759+05:30  INFO 10960 --- [Back_End] [SpringApplicationShutdownHook] o.s.m.s.b.SimpleBrokerMessageHandler     : Stopping...
2025-09-19T15:10:16.759+05:30  INFO 10960 --- [Back_End] [SpringApplicationShutdownHook] o.s.m.s.b.SimpleBrokerMessageHandler     : BrokerAvailabilityEvent[available=false, SimpleBrokerMessageHandler [org.springframework.messaging.simp.broker.DefaultSubscriptionRegistry@10370297]]
2025-09-19T15:10:16.759+05:30 DEBUG 10960 --- [Back_End] [SpringApplicationShutdownHook] org.springframework.web.SimpLogging      : clientInboundChannel removed SimpleBrokerMessageHandler [org.springframework.messaging.simp.broker.DefaultSubscriptionRegistry@10370297]
2025-09-19T15:10:16.759+05:30 DEBUG 10960 --- [Back_End] [SpringApplicationShutdownHook] org.springframework.web.SimpLogging      : brokerChannel removed SimpleBrokerMessageHandler [org.springframework.messaging.simp.broker.DefaultSubscriptionRegistry@10370297]
2025-09-19T15:10:16.759+05:30  INFO 10960 --- [Back_End] [SpringApplicationShutdownHook] o.s.m.s.b.SimpleBrokerMessageHandler     : Stopped.
2025-09-19T15:10:16.759+05:30 DEBUG 10960 --- [Back_End] [SpringApplicationShutdownHook] org.springframework.web.SimpLogging      : clientInboundChannel removed UserDestinationMessageHandler[DefaultUserDestinationResolver[prefix=/user/]]
2025-09-19T15:10:16.759+05:30 DEBUG 10960 --- [Back_End] [SpringApplicationShutdownHook] org.springframework.web.SimpLogging      : brokerChannel removed UserDestinationMessageHandler[DefaultUserDestinationResolver[prefix=/user/]]
2025-09-19T15:10:16.770+05:30  INFO 10960 --- [Back_End] [SpringApplicationShutdownHook] j.LocalContainerEntityManagerFactoryBean : Closing JPA EntityManagerFactory for persistence unit 'default'
2025-09-19T15:10:16.784+05:30  INFO 10960 --- [Back_End] [SpringApplicationShutdownHook] com.zaxxer.hikari.HikariDataSource       : HikariPool-1 - Shutdown initiated...
2025-09-19T15:10:16.794+05:30  INFO 10960 --- [Back_End] [SpringApplicationShutdownHook] com.zaxxer.hikari.HikariDataSource       : HikariPool-1 - Shutdown completed.
2025-09-19T15:11:49.425+05:30  INFO 16456 --- [Back_End] [main] com.ijse.gdse72.back_end.Application     : Starting Application using Java 21.0.5 with PID 16456 (E:\AAD\FINAL_PROJECT\LearnLoop\Back_End\target\classes started by Asus in E:\AAD\FINAL_PROJECT\LearnLoop)
2025-09-19T15:11:49.427+05:30  INFO 16456 --- [Back_End] [main] com.ijse.gdse72.back_end.Application     : No active profile set, falling back to 1 default profile: "default"
2025-09-19T15:11:50.419+05:30  INFO 16456 --- [Back_End] [main] .s.d.r.c.RepositoryConfigurationDelegate : Bootstrapping Spring Data JPA repositories in DEFAULT mode.
2025-09-19T15:11:50.496+05:30  INFO 16456 --- [Back_End] [main] .s.d.r.c.RepositoryConfigurationDelegate : Finished Spring Data repository scanning in 67 ms. Found 5 JPA repository interfaces.
2025-09-19T15:11:51.150+05:30  INFO 16456 --- [Back_End] [main] o.s.b.w.embedded.tomcat.TomcatWebServer  : Tomcat initialized with port 8080 (http)
2025-09-19T15:11:51.165+05:30  INFO 16456 --- [Back_End] [main] o.apache.catalina.core.StandardService   : Starting service [Tomcat]
2025-09-19T15:11:51.165+05:30  INFO 16456 --- [Back_End] [main] o.apache.catalina.core.StandardEngine    : Starting Servlet engine: [Apache Tomcat/10.1.44]
2025-09-19T15:11:51.220+05:30  INFO 16456 --- [Back_End] [main] o.a.c.c.C.[Tomcat].[localhost].[/]       : Initializing Spring embedded WebApplicationContext
2025-09-19T15:11:51.221+05:30  INFO 16456 --- [Back_End] [main] w.s.c.ServletWebServerApplicationContext : Root WebApplicationContext: initialization completed in 1754 ms
2025-09-19T15:11:51.373+05:30  INFO 16456 --- [Back_End] [main] o.hibernate.jpa.internal.util.LogHelper  : HHH000204: Processing PersistenceUnitInfo [name: default]
2025-09-19T15:11:51.455+05:30  INFO 16456 --- [Back_End] [main] org.hibernate.Version                    : HHH000412: Hibernate ORM core version 6.6.26.Final
2025-09-19T15:11:51.499+05:30  INFO 16456 --- [Back_End] [main] o.h.c.internal.RegionFactoryInitiator    : HHH000026: Second-level cache disabled
2025-09-19T15:11:51.809+05:30  INFO 16456 --- [Back_End] [main] o.s.o.j.p.SpringPersistenceUnitInfo      : No LoadTimeWeaver setup: ignoring JPA class transformer
2025-09-19T15:11:51.843+05:30  INFO 16456 --- [Back_End] [main] com.zaxxer.hikari.HikariDataSource       : HikariPool-1 - Starting...
2025-09-19T15:11:52.282+05:30  INFO 16456 --- [Back_End] [main] com.zaxxer.hikari.pool.HikariPool        : HikariPool-1 - Added connection com.mysql.cj.jdbc.ConnectionImpl@5dd23809
2025-09-19T15:11:52.285+05:30  INFO 16456 --- [Back_End] [main] com.zaxxer.hikari.HikariDataSource       : HikariPool-1 - Start completed.
2025-09-19T15:11:52.349+05:30  WARN 16456 --- [Back_End] [main] org.hibernate.orm.deprecation            : HHH90000025: MySQLDialect does not need to be specified explicitly using 'hibernate.dialect' (remove the property setting and it will be selected by default)
2025-09-19T15:11:52.368+05:30  INFO 16456 --- [Back_End] [main] org.hibernate.orm.connections.pooling    : HHH10001005: Database info:
	Database JDBC URL [Connecting through datasource 'HikariDataSource (HikariPool-1)']
	Database driver: undefined/unknown
	Database version: 8.0.39
	Autocommit mode: undefined/unknown
	Isolation level: undefined/unknown
	Minimum pool size: undefined/unknown
	Maximum pool size: undefined/unknown
2025-09-19T15:11:53.500+05:30  INFO 16456 --- [Back_End] [main] o.h.e.t.j.p.i.JtaPlatformInitiator       : HHH000489: No JTA platform available (set 'hibernate.transaction.jta.platform' to enable JTA platform integration)
2025-09-19T15:11:53.670+05:30  INFO 16456 --- [Back_End] [main] j.LocalContainerEntityManagerFactoryBean : Initialized JPA EntityManagerFactory for persistence unit 'default'
2025-09-19T15:11:54.128+05:30  INFO 16456 --- [Back_End] [main] o.s.d.j.r.query.QueryEnhancerFactory     : Hibernate is in classpath; If applicable, HQL parser will be used.
2025-09-19T15:11:55.305+05:30  WARN 16456 --- [Back_End] [main] JpaBaseConfiguration$JpaWebConfiguration : spring.jpa.open-in-view is enabled by default. Therefore, database queries may be performed during view rendering. Explicitly configure spring.jpa.open-in-view to disable this warning
2025-09-19T15:11:55.356+05:30  INFO 16456 --- [Back_End] [main] eAuthenticationProviderManagerConfigurer : Global AuthenticationManager configured with AuthenticationProvider bean with name authenticationProvider
2025-09-19T15:11:55.357+05:30  WARN 16456 --- [Back_End] [main] r$InitializeUserDetailsManagerConfigurer : Global AuthenticationManager configured with an AuthenticationProvider bean. UserDetailsService beans will not be used by Spring Security for automatically configuring username/password login. Consider removing the AuthenticationProvider bean. Alternatively, consider using the UserDetailsService in a manually instantiated DaoAuthenticationProvider. If the current configuration is intentional, to turn off this warning, increase the logging level of 'org.springframework.security.config.annotation.authentication.configuration.InitializeUserDetailsBeanManagerConfigurer' to ERROR
2025-09-19T15:11:55.515+05:30 DEBUG 16456 --- [Back_End] [main] o.s.w.s.s.s.WebSocketHandlerMapping      : Patterns [/ws-chat/**] in 'stompWebSocketHandlerMapping'
2025-09-19T15:11:55.619+05:30 DEBUG 16456 --- [Back_End] [main] s.w.s.m.m.a.RequestMappingHandlerMapping : 31 mappings in 'requestMappingHandlerMapping'
2025-09-19T15:11:55.683+05:30 DEBUG 16456 --- [Back_End] [main] o.s.w.s.handler.SimpleUrlHandlerMapping  : Patterns [/webjars/**, /**, /uploads/**] in 'resourceHandlerMapping'
2025-09-19T15:11:55.806+05:30 DEBUG 16456 --- [Back_End] [main] .WebSocketAnnotationMethodMessageHandler : 
	c.i.g.b.c.AssignmentController:
	
2025-09-19T15:11:55.807+05:30 DEBUG 16456 --- [Back_End] [main] .WebSocketAnnotationMethodMessageHandler : 
	c.i.g.b.c.AuthController:
	
2025-09-19T15:11:55.811+05:30 DEBUG 16456 --- [Back_End] [main] .WebSocketAnnotationMethodMessageHandler : 
	c.i.g.b.c.ChatController:
	{[MESSAGE],[/sendMessage]}: sendMessage(ChatMessageDTO)
2025-09-19T15:11:55.812+05:30 DEBUG 16456 --- [Back_End] [main] .WebSocketAnnotationMethodMessageHandler : 
	c.i.g.b.c.ClassController:
	
2025-09-19T15:11:55.812+05:30 DEBUG 16456 --- [Back_End] [main] .WebSocketAnnotationMethodMessageHandler : 
	c.i.g.b.c.DocumentController:
	
2025-09-19T15:11:55.813+05:30 DEBUG 16456 --- [Back_End] [main] .WebSocketAnnotationMethodMessageHandler : 
	c.i.g.b.c.FileController:
	
2025-09-19T15:11:55.813+05:30 DEBUG 16456 --- [Back_End] [main] .WebSocketAnnotationMethodMessageHandler : 
	o.s.b.a.w.s.e.BasicErrorController:
	
2025-09-19T15:11:55.915+05:30 DEBUG 16456 --- [Back_End] [main] s.w.s.m.m.a.RequestMappingHandlerAdapter : ControllerAdvice beans: 0 @ModelAttribute, 0 @InitBinder, 1 RequestBodyAdvice, 1 ResponseBodyAdvice
2025-09-19T15:11:55.984+05:30 DEBUG 16456 --- [Back_End] [main] .m.m.a.ExceptionHandlerExceptionResolver : ControllerAdvice beans: 1 @ExceptionHandler, 1 ResponseBodyAdvice
2025-09-19T15:11:56.215+05:30 DEBUG 16456 --- [Back_End] [main] org.springframework.web.SimpLogging      : clientOutboundChannel added SubProtocolWebSocketHandler[StompSubProtocolHandler[v10.stomp, v11.stomp, v12.stomp]]
2025-09-19T15:11:56.215+05:30 DEBUG 16456 --- [Back_End] [main] org.springframework.web.SimpLogging      : clientInboundChannel added WebSocketAnnotationMethodMessageHandler[prefixes=[/app/]]
2025-09-19T15:11:56.215+05:30  INFO 16456 --- [Back_End] [main] o.s.m.s.b.SimpleBrokerMessageHandler     : Starting...
2025-09-19T15:11:56.216+05:30 DEBUG 16456 --- [Back_End] [main] org.springframework.web.SimpLogging      : clientInboundChannel added SimpleBrokerMessageHandler [org.springframework.messaging.simp.broker.DefaultSubscriptionRegistry@278537ab]
2025-09-19T15:11:56.216+05:30 DEBUG 16456 --- [Back_End] [main] org.springframework.web.SimpLogging      : brokerChannel added SimpleBrokerMessageHandler [org.springframework.messaging.simp.broker.DefaultSubscriptionRegistry@278537ab]
2025-09-19T15:11:56.216+05:30  INFO 16456 --- [Back_End] [main] o.s.m.s.b.SimpleBrokerMessageHandler     : BrokerAvailabilityEvent[available=true, SimpleBrokerMessageHandler [org.springframework.messaging.simp.broker.DefaultSubscriptionRegistry@278537ab]]
2025-09-19T15:11:56.217+05:30  INFO 16456 --- [Back_End] [main] o.s.m.s.b.SimpleBrokerMessageHandler     : Started.
2025-09-19T15:11:56.217+05:30 DEBUG 16456 --- [Back_End] [main] org.springframework.web.SimpLogging      : clientInboundChannel added UserDestinationMessageHandler[DefaultUserDestinationResolver[prefix=/user/]]
2025-09-19T15:11:56.218+05:30 DEBUG 16456 --- [Back_End] [main] org.springframework.web.SimpLogging      : brokerChannel added UserDestinationMessageHandler[DefaultUserDestinationResolver[prefix=/user/]]
2025-09-19T15:11:56.241+05:30  INFO 16456 --- [Back_End] [main] o.s.b.w.embedded.tomcat.TomcatWebServer  : Tomcat started on port 8080 (http) with context path '/'
2025-09-19T15:11:56.248+05:30  INFO 16456 --- [Back_End] [main] com.ijse.gdse72.back_end.Application     : Started Application in 7.278 seconds (process running for 12.153)
2025-09-19T15:12:11.036+05:30  INFO 16456 --- [Back_End] [http-nio-8080-exec-1] o.a.c.c.C.[Tomcat].[localhost].[/]       : Initializing Spring DispatcherServlet 'dispatcherServlet'
2025-09-19T15:12:11.036+05:30  INFO 16456 --- [Back_End] [http-nio-8080-exec-1] o.s.web.servlet.DispatcherServlet        : Initializing Servlet 'dispatcherServlet'
2025-09-19T15:12:11.036+05:30 DEBUG 16456 --- [Back_End] [http-nio-8080-exec-1] o.s.web.servlet.DispatcherServlet        : Detected StandardServletMultipartResolver
2025-09-19T15:12:11.036+05:30 DEBUG 16456 --- [Back_End] [http-nio-8080-exec-1] o.s.web.servlet.DispatcherServlet        : Detected AcceptHeaderLocaleResolver
2025-09-19T15:12:11.036+05:30 DEBUG 16456 --- [Back_End] [http-nio-8080-exec-1] o.s.web.servlet.DispatcherServlet        : Detected FixedThemeResolver
2025-09-19T15:12:11.037+05:30 DEBUG 16456 --- [Back_End] [http-nio-8080-exec-1] o.s.web.servlet.DispatcherServlet        : Detected org.springframework.web.servlet.view.DefaultRequestToViewNameTranslator@2d00df20
2025-09-19T15:12:11.037+05:30 DEBUG 16456 --- [Back_End] [http-nio-8080-exec-1] o.s.web.servlet.DispatcherServlet        : Detected org.springframework.web.servlet.support.SessionFlashMapManager@3a575fff
2025-09-19T15:12:11.038+05:30 DEBUG 16456 --- [Back_End] [http-nio-8080-exec-1] o.s.web.servlet.DispatcherServlet        : enableLoggingRequestDetails='false': request parameters and headers will be masked to prevent unsafe logging of potentially sensitive data
2025-09-19T15:12:11.038+05:30  INFO 16456 --- [Back_End] [http-nio-8080-exec-1] o.s.web.servlet.DispatcherServlet        : Completed initialization in 2 ms
2025-09-19T15:12:11.091+05:30 DEBUG 16456 --- [Back_End] [http-nio-8080-exec-2] o.s.web.servlet.DispatcherServlet        : POST "/auth/login", parameters={}
2025-09-19T15:12:11.093+05:30 DEBUG 16456 --- [Back_End] [http-nio-8080-exec-2] s.w.s.m.m.a.RequestMappingHandlerMapping : Mapped to com.ijse.gdse72.back_end.controller.AuthController#login(AuthDTO)
2025-09-19T15:12:11.163+05:30 DEBUG 16456 --- [Back_End] [http-nio-8080-exec-2] m.m.a.RequestResponseBodyMethodProcessor : Read "application/json;charset=UTF-8" to [com.ijse.gdse72.back_end.dto.AuthDTO@dfee3d3]
2025-09-19T15:12:11.436+05:30 DEBUG 16456 --- [Back_End] [http-nio-8080-exec-2] o.s.w.s.m.m.a.HttpEntityMethodProcessor  : Using 'application/json', given [*/*] and supported [application/json, application/*+json]
2025-09-19T15:12:11.436+05:30 DEBUG 16456 --- [Back_End] [http-nio-8080-exec-2] o.s.w.s.m.m.a.HttpEntityMethodProcessor  : Writing [com.ijse.gdse72.back_end.dto.ApiResponse@4ee5a49]
2025-09-19T15:12:11.445+05:30 DEBUG 16456 --- [Back_End] [http-nio-8080-exec-2] o.s.web.servlet.DispatcherServlet        : Completed 200 OK
2025-09-19T15:12:12.537+05:30 DEBUG 16456 --- [Back_End] [http-nio-8080-exec-4] o.s.web.servlet.DispatcherServlet        : GET "/auth/user/1", parameters={}
2025-09-19T15:12:12.539+05:30 DEBUG 16456 --- [Back_End] [http-nio-8080-exec-4] s.w.s.m.m.a.RequestMappingHandlerMapping : Mapped to com.ijse.gdse72.back_end.controller.AuthController#getUserById(Long)
2025-09-19T15:12:12.596+05:30 DEBUG 16456 --- [Back_End] [http-nio-8080-exec-4] o.s.w.s.m.m.a.HttpEntityMethodProcessor  : Using 'application/json', given [*/*] and supported [application/json, application/*+json]
2025-09-19T15:12:12.597+05:30 DEBUG 16456 --- [Back_End] [http-nio-8080-exec-4] o.s.w.s.m.m.a.HttpEntityMethodProcessor  : Writing [com.ijse.gdse72.back_end.dto.ApiResponse@65c18e62]
2025-09-19T15:12:12.605+05:30 DEBUG 16456 --- [Back_End] [http-nio-8080-exec-4] o.s.web.servlet.DispatcherServlet        : Completed 200 OK
2025-09-19T15:12:12.659+05:30 DEBUG 16456 --- [Back_End] [http-nio-8080-exec-7] o.s.web.servlet.DispatcherServlet        : GET "/api/classes/statistics/1", parameters={}
2025-09-19T15:12:12.659+05:30 DEBUG 16456 --- [Back_End] [http-nio-8080-exec-3] o.s.web.servlet.DispatcherServlet        : GET "/api/classes/teacher/1", parameters={}
2025-09-19T15:12:12.660+05:30 DEBUG 16456 --- [Back_End] [http-nio-8080-exec-3] s.w.s.m.m.a.RequestMappingHandlerMapping : Mapped to com.ijse.gdse72.back_end.controller.ClassController#getClassesByTeacher(Long)
2025-09-19T15:12:12.660+05:30 DEBUG 16456 --- [Back_End] [http-nio-8080-exec-7] s.w.s.m.m.a.RequestMappingHandlerMapping : Mapped to com.ijse.gdse72.back_end.controller.ClassController#getTeacherStatistics(Long)
2025-09-19T15:12:12.692+05:30 DEBUG 16456 --- [Back_End] [http-nio-8080-exec-3] o.s.w.s.m.m.a.HttpEntityMethodProcessor  : Using 'application/json', given [*/*] and supported [application/json, application/*+json]
2025-09-19T15:12:12.692+05:30 DEBUG 16456 --- [Back_End] [http-nio-8080-exec-3] o.s.w.s.m.m.a.HttpEntityMethodProcessor  : Writing [com.ijse.gdse72.back_end.dto.ApiResponse@6fc75103]
2025-09-19T15:12:12.697+05:30 DEBUG 16456 --- [Back_End] [http-nio-8080-exec-3] o.s.web.servlet.DispatcherServlet        : Completed 200 OK
2025-09-19T15:12:12.704+05:30 DEBUG 16456 --- [Back_End] [http-nio-8080-exec-7] o.s.w.s.m.m.a.HttpEntityMethodProcessor  : Using 'application/json', given [*/*] and supported [application/json, application/*+json]
2025-09-19T15:12:12.704+05:30 DEBUG 16456 --- [Back_End] [http-nio-8080-exec-7] o.s.w.s.m.m.a.HttpEntityMethodProcessor  : Writing [com.ijse.gdse72.back_end.dto.ApiResponse@306c66f4]
2025-09-19T15:12:12.706+05:30 DEBUG 16456 --- [Back_End] [http-nio-8080-exec-7] o.s.web.servlet.DispatcherServlet        : Completed 200 OK
2025-09-19T15:12:13.051+05:30 DEBUG 16456 --- [Back_End] [http-nio-8080-exec-1] o.s.web.servlet.DispatcherServlet        : GET "/api/classes/statistics/1", parameters={}
2025-09-19T15:12:13.052+05:30 DEBUG 16456 --- [Back_End] [http-nio-8080-exec-1] s.w.s.m.m.a.RequestMappingHandlerMapping : Mapped to com.ijse.gdse72.back_end.controller.ClassController#getTeacherStatistics(Long)
2025-09-19T15:12:13.063+05:30 DEBUG 16456 --- [Back_End] [http-nio-8080-exec-1] o.s.w.s.m.m.a.HttpEntityMethodProcessor  : Using 'application/json', given [*/*] and supported [application/json, application/*+json]
2025-09-19T15:12:13.064+05:30 DEBUG 16456 --- [Back_End] [http-nio-8080-exec-1] o.s.w.s.m.m.a.HttpEntityMethodProcessor  : Writing [com.ijse.gdse72.back_end.dto.ApiResponse@464d7fe1]
2025-09-19T15:12:13.065+05:30 DEBUG 16456 --- [Back_End] [http-nio-8080-exec-1] o.s.web.servlet.DispatcherServlet        : Completed 200 OK
2025-09-19T15:12:45.908+05:30 DEBUG 16456 --- [Back_End] [http-nio-8080-exec-6] o.s.web.servlet.DispatcherServlet        : POST "/auth/login", parameters={}
2025-09-19T15:12:45.909+05:30 DEBUG 16456 --- [Back_End] [http-nio-8080-exec-6] s.w.s.m.m.a.RequestMappingHandlerMapping : Mapped to com.ijse.gdse72.back_end.controller.AuthController#login(AuthDTO)
2025-09-19T15:12:45.911+05:30 DEBUG 16456 --- [Back_End] [http-nio-8080-exec-6] m.m.a.RequestResponseBodyMethodProcessor : Read "application/json;charset=UTF-8" to [com.ijse.gdse72.back_end.dto.AuthDTO@10efbcd2]
2025-09-19T15:12:46.008+05:30 DEBUG 16456 --- [Back_End] [http-nio-8080-exec-6] o.s.w.s.m.m.a.HttpEntityMethodProcessor  : Using 'application/json', given [*/*] and supported [application/json, application/*+json]
2025-09-19T15:12:46.009+05:30 DEBUG 16456 --- [Back_End] [http-nio-8080-exec-6] o.s.w.s.m.m.a.HttpEntityMethodProcessor  : Writing [com.ijse.gdse72.back_end.dto.ApiResponse@2151105d]
2025-09-19T15:12:46.010+05:30 DEBUG 16456 --- [Back_End] [http-nio-8080-exec-6] o.s.web.servlet.DispatcherServlet        : Completed 200 OK
2025-09-19T15:12:47.094+05:30 DEBUG 16456 --- [Back_End] [http-nio-8080-exec-4] o.s.web.servlet.DispatcherServlet        : GET "/auth/user/1", parameters={}
2025-09-19T15:12:47.095+05:30 DEBUG 16456 --- [Back_End] [http-nio-8080-exec-4] s.w.s.m.m.a.RequestMappingHandlerMapping : Mapped to com.ijse.gdse72.back_end.controller.AuthController#getUserById(Long)
2025-09-19T15:12:47.112+05:30 DEBUG 16456 --- [Back_End] [http-nio-8080-exec-4] o.s.w.s.m.m.a.HttpEntityMethodProcessor  : Using 'application/json', given [*/*] and supported [application/json, application/*+json]
2025-09-19T15:12:47.113+05:30 DEBUG 16456 --- [Back_End] [http-nio-8080-exec-4] o.s.w.s.m.m.a.HttpEntityMethodProcessor  : Writing [com.ijse.gdse72.back_end.dto.ApiResponse@238503ea]
2025-09-19T15:12:47.117+05:30 DEBUG 16456 --- [Back_End] [http-nio-8080-exec-4] o.s.web.servlet.DispatcherServlet        : Completed 200 OK
2025-09-19T15:12:47.171+05:30 DEBUG 16456 --- [Back_End] [http-nio-8080-exec-9] o.s.web.servlet.DispatcherServlet        : GET "/api/classes/statistics/1", parameters={}
2025-09-19T15:12:47.171+05:30 DEBUG 16456 --- [Back_End] [http-nio-8080-exec-8] o.s.web.servlet.DispatcherServlet        : GET "/api/classes/teacher/1", parameters={}
2025-09-19T15:12:47.172+05:30 DEBUG 16456 --- [Back_End] [http-nio-8080-exec-8] s.w.s.m.m.a.RequestMappingHandlerMapping : Mapped to com.ijse.gdse72.back_end.controller.ClassController#getClassesByTeacher(Long)
2025-09-19T15:12:47.172+05:30 DEBUG 16456 --- [Back_End] [http-nio-8080-exec-9] s.w.s.m.m.a.RequestMappingHandlerMapping : Mapped to com.ijse.gdse72.back_end.controller.ClassController#getTeacherStatistics(Long)
2025-09-19T15:12:47.191+05:30 DEBUG 16456 --- [Back_End] [http-nio-8080-exec-8] o.s.w.s.m.m.a.HttpEntityMethodProcessor  : Using 'application/json', given [*/*] and supported [application/json, application/*+json]
2025-09-19T15:12:47.192+05:30 DEBUG 16456 --- [Back_End] [http-nio-8080-exec-8] o.s.w.s.m.m.a.HttpEntityMethodProcessor  : Writing [com.ijse.gdse72.back_end.dto.ApiResponse@6313554]
2025-09-19T15:12:47.194+05:30 DEBUG 16456 --- [Back_End] [http-nio-8080-exec-8] o.s.web.servlet.DispatcherServlet        : Completed 200 OK
2025-09-19T15:12:47.195+05:30 DEBUG 16456 --- [Back_End] [http-nio-8080-exec-9] o.s.w.s.m.m.a.HttpEntityMethodProcessor  : Using 'application/json', given [*/*] and supported [application/json, application/*+json]
2025-09-19T15:12:47.196+05:30 DEBUG 16456 --- [Back_End] [http-nio-8080-exec-9] o.s.w.s.m.m.a.HttpEntityMethodProcessor  : Writing [com.ijse.gdse72.back_end.dto.ApiResponse@7a4b96b4]
2025-09-19T15:12:47.199+05:30 DEBUG 16456 --- [Back_End] [http-nio-8080-exec-9] o.s.web.servlet.DispatcherServlet        : Completed 200 OK
2025-09-19T15:12:47.611+05:30 DEBUG 16456 --- [Back_End] [http-nio-8080-exec-10] o.s.web.servlet.DispatcherServlet        : GET "/api/classes/statistics/1", parameters={}
2025-09-19T15:12:47.612+05:30 DEBUG 16456 --- [Back_End] [http-nio-8080-exec-10] s.w.s.m.m.a.RequestMappingHandlerMapping : Mapped to com.ijse.gdse72.back_end.controller.ClassController#getTeacherStatistics(Long)
2025-09-19T15:12:47.625+05:30 DEBUG 16456 --- [Back_End] [http-nio-8080-exec-10] o.s.w.s.m.m.a.HttpEntityMethodProcessor  : Using 'application/json', given [*/*] and supported [application/json, application/*+json]
2025-09-19T15:12:47.625+05:30 DEBUG 16456 --- [Back_End] [http-nio-8080-exec-10] o.s.w.s.m.m.a.HttpEntityMethodProcessor  : Writing [com.ijse.gdse72.back_end.dto.ApiResponse@a2873b8]
2025-09-19T15:12:47.626+05:30 DEBUG 16456 --- [Back_End] [http-nio-8080-exec-10] o.s.web.servlet.DispatcherServlet        : Completed 200 OK
2025-09-19T15:12:56.207+05:30  INFO 16456 --- [Back_End] [MessageBroker-1] o.s.w.s.c.WebSocketMessageBrokerStats    : WebSocketSession[0 current WS(0)-HttpStream(0)-HttpPoll(0), 0 total, 0 closed abnormally (0 connect failure, 0 send limit, 0 transport error)], stompSubProtocol[processed CONNECT(0)-CONNECTED(0)-DISCONNECT(0)], stompBrokerRelay[null], inboundChannel[pool size = 0, active threads = 0, queued tasks = 0, completed tasks = 0], outboundChannel[pool size = 0, active threads = 0, queued tasks = 0, completed tasks = 0], sockJsScheduler[pool size = 1, active threads = 1, queued tasks = 0, completed tasks = 0]
2025-09-19T15:13:17.621+05:30 DEBUG 16456 --- [Back_End] [http-nio-8080-exec-3] o.s.web.servlet.DispatcherServlet        : GET "/api/classes/statistics/1", parameters={}
2025-09-19T15:13:17.621+05:30 DEBUG 16456 --- [Back_End] [http-nio-8080-exec-3] s.w.s.m.m.a.RequestMappingHandlerMapping : Mapped to com.ijse.gdse72.back_end.controller.ClassController#getTeacherStatistics(Long)
2025-09-19T15:13:17.632+05:30 DEBUG 16456 --- [Back_End] [http-nio-8080-exec-3] o.s.w.s.m.m.a.HttpEntityMethodProcessor  : Using 'application/json', given [*/*] and supported [application/json, application/*+json]
2025-09-19T15:13:17.632+05:30 DEBUG 16456 --- [Back_End] [http-nio-8080-exec-3] o.s.w.s.m.m.a.HttpEntityMethodProcessor  : Writing [com.ijse.gdse72.back_end.dto.ApiResponse@333d47fe]
2025-09-19T15:13:17.634+05:30 DEBUG 16456 --- [Back_End] [http-nio-8080-exec-3] o.s.web.servlet.DispatcherServlet        : Completed 200 OK
2025-09-19T15:13:34.318+05:30 DEBUG 16456 --- [Back_End] [http-nio-8080-exec-8] o.s.web.servlet.DispatcherServlet        : GET "/api/classes/check-passcode?passcode=abc102", parameters={masked}
2025-09-19T15:13:34.319+05:30 DEBUG 16456 --- [Back_End] [http-nio-8080-exec-8] s.w.s.m.m.a.RequestMappingHandlerMapping : Mapped to com.ijse.gdse72.back_end.controller.ClassController#checkPasscodeUnique(String)
2025-09-19T15:13:34.340+05:30 DEBUG 16456 --- [Back_End] [http-nio-8080-exec-8] o.s.w.s.m.m.a.HttpEntityMethodProcessor  : Using 'application/json', given [*/*] and supported [application/json, application/*+json]
2025-09-19T15:13:34.340+05:30 DEBUG 16456 --- [Back_End] [http-nio-8080-exec-8] o.s.w.s.m.m.a.HttpEntityMethodProcessor  : Writing [com.ijse.gdse72.back_end.dto.ApiResponse@75976f37]
2025-09-19T15:13:34.342+05:30 DEBUG 16456 --- [Back_End] [http-nio-8080-exec-8] o.s.web.servlet.DispatcherServlet        : Completed 200 OK
2025-09-19T15:13:36.949+05:30 DEBUG 16456 --- [Back_End] [http-nio-8080-exec-10] o.s.web.servlet.DispatcherServlet        : POST "/api/classes/create", parameters={}
2025-09-19T15:13:36.949+05:30 DEBUG 16456 --- [Back_End] [http-nio-8080-exec-10] s.w.s.m.m.a.RequestMappingHandlerMapping : Mapped to com.ijse.gdse72.back_end.controller.ClassController#createClass(CreateClassDTO)
2025-09-19T15:13:36.953+05:30 DEBUG 16456 --- [Back_End] [http-nio-8080-exec-10] m.m.a.RequestResponseBodyMethodProcessor : Read "application/json;charset=UTF-8" to [com.ijse.gdse72.back_end.dto.CreateClassDTO@573ec137]
2025-09-19T15:13:37.024+05:30 DEBUG 16456 --- [Back_End] [http-nio-8080-exec-10] o.s.w.s.m.m.a.HttpEntityMethodProcessor  : Using 'application/json', given [*/*] and supported [application/json, application/*+json]
2025-09-19T15:13:37.024+05:30 DEBUG 16456 --- [Back_End] [http-nio-8080-exec-10] o.s.w.s.m.m.a.HttpEntityMethodProcessor  : Writing [com.ijse.gdse72.back_end.dto.ApiResponse@6223758b]
2025-09-19T15:13:37.025+05:30 DEBUG 16456 --- [Back_End] [http-nio-8080-exec-10] o.s.web.servlet.DispatcherServlet        : Completed 200 OK
2025-09-19T15:13:37.074+05:30 DEBUG 16456 --- [Back_End] [http-nio-8080-exec-1] o.s.web.servlet.DispatcherServlet        : GET "/api/classes/statistics/1", parameters={}
2025-09-19T15:13:37.075+05:30 DEBUG 16456 --- [Back_End] [http-nio-8080-exec-1] s.w.s.m.m.a.RequestMappingHandlerMapping : Mapped to com.ijse.gdse72.back_end.controller.ClassController#getTeacherStatistics(Long)
2025-09-19T15:13:37.112+05:30 DEBUG 16456 --- [Back_End] [http-nio-8080-exec-1] o.s.w.s.m.m.a.HttpEntityMethodProcessor  : Using 'application/json', given [*/*] and supported [application/json, application/*+json]
2025-09-19T15:13:37.113+05:30 DEBUG 16456 --- [Back_End] [http-nio-8080-exec-1] o.s.w.s.m.m.a.HttpEntityMethodProcessor  : Writing [com.ijse.gdse72.back_end.dto.ApiResponse@5265b17d]
2025-09-19T15:13:37.114+05:30 DEBUG 16456 --- [Back_End] [http-nio-8080-exec-1] o.s.web.servlet.DispatcherServlet        : Completed 200 OK
2025-09-19T15:13:37.191+05:30 DEBUG 16456 --- [Back_End] [http-nio-8080-exec-2] o.s.web.servlet.DispatcherServlet        : GET "/auth/user/1", parameters={}
2025-09-19T15:13:37.193+05:30 DEBUG 16456 --- [Back_End] [http-nio-8080-exec-2] s.w.s.m.m.a.RequestMappingHandlerMapping : Mapped to com.ijse.gdse72.back_end.controller.AuthController#getUserById(Long)
2025-09-19T15:13:37.207+05:30 DEBUG 16456 --- [Back_End] [http-nio-8080-exec-2] o.s.w.s.m.m.a.HttpEntityMethodProcessor  : Using 'application/json', given [*/*] and supported [application/json, application/*+json]
2025-09-19T15:13:37.208+05:30 DEBUG 16456 --- [Back_End] [http-nio-8080-exec-2] o.s.w.s.m.m.a.HttpEntityMethodProcessor  : Writing [com.ijse.gdse72.back_end.dto.ApiResponse@425520ff]
2025-09-19T15:13:37.210+05:30 DEBUG 16456 --- [Back_End] [http-nio-8080-exec-2] o.s.web.servlet.DispatcherServlet        : Completed 200 OK
2025-09-19T15:13:37.212+05:30 DEBUG 16456 --- [Back_End] [http-nio-8080-exec-3] o.s.web.servlet.DispatcherServlet        : GET "/api/classes/statistics/1", parameters={}
2025-09-19T15:13:37.213+05:30 DEBUG 16456 --- [Back_End] [http-nio-8080-exec-3] s.w.s.m.m.a.RequestMappingHandlerMapping : Mapped to com.ijse.gdse72.back_end.controller.ClassController#getTeacherStatistics(Long)
2025-09-19T15:13:37.219+05:30 DEBUG 16456 --- [Back_End] [http-nio-8080-exec-7] o.s.web.servlet.DispatcherServlet        : GET "/api/classes/teacher/1", parameters={}
2025-09-19T15:13:37.220+05:30 DEBUG 16456 --- [Back_End] [http-nio-8080-exec-7] s.w.s.m.m.a.RequestMappingHandlerMapping : Mapped to com.ijse.gdse72.back_end.controller.ClassController#getClassesByTeacher(Long)
2025-09-19T15:13:37.242+05:30 DEBUG 16456 --- [Back_End] [http-nio-8080-exec-3] o.s.w.s.m.m.a.HttpEntityMethodProcessor  : Using 'application/json', given [*/*] and supported [application/json, application/*+json]
2025-09-19T15:13:37.242+05:30 DEBUG 16456 --- [Back_End] [http-nio-8080-exec-3] o.s.w.s.m.m.a.HttpEntityMethodProcessor  : Writing [com.ijse.gdse72.back_end.dto.ApiResponse@47a315be]
2025-09-19T15:13:37.244+05:30 DEBUG 16456 --- [Back_End] [http-nio-8080-exec-3] o.s.web.servlet.DispatcherServlet        : Completed 200 OK
2025-09-19T15:13:37.246+05:30 DEBUG 16456 --- [Back_End] [http-nio-8080-exec-7] o.s.w.s.m.m.a.HttpEntityMethodProcessor  : Using 'application/json', given [*/*] and supported [application/json, application/*+json]
2025-09-19T15:13:37.246+05:30 DEBUG 16456 --- [Back_End] [http-nio-8080-exec-7] o.s.w.s.m.m.a.HttpEntityMethodProcessor  : Writing [com.ijse.gdse72.back_end.dto.ApiResponse@549d1dc9]
2025-09-19T15:13:37.248+05:30 DEBUG 16456 --- [Back_End] [http-nio-8080-exec-7] o.s.web.servlet.DispatcherServlet        : Completed 200 OK
2025-09-19T15:13:37.647+05:30 DEBUG 16456 --- [Back_End] [http-nio-8080-exec-4] o.s.web.servlet.DispatcherServlet        : GET "/api/classes/statistics/1", parameters={}
2025-09-19T15:13:37.647+05:30 DEBUG 16456 --- [Back_End] [http-nio-8080-exec-4] s.w.s.m.m.a.RequestMappingHandlerMapping : Mapped to com.ijse.gdse72.back_end.controller.ClassController#getTeacherStatistics(Long)
2025-09-19T15:13:37.661+05:30 DEBUG 16456 --- [Back_End] [http-nio-8080-exec-4] o.s.w.s.m.m.a.HttpEntityMethodProcessor  : Using 'application/json', given [*/*] and supported [application/json, application/*+json]
2025-09-19T15:13:37.661+05:30 DEBUG 16456 --- [Back_End] [http-nio-8080-exec-4] o.s.w.s.m.m.a.HttpEntityMethodProcessor  : Writing [com.ijse.gdse72.back_end.dto.ApiResponse@464ed181]
2025-09-19T15:13:37.662+05:30 DEBUG 16456 --- [Back_End] [http-nio-8080-exec-4] o.s.web.servlet.DispatcherServlet        : Completed 200 OK
2025-09-19T15:13:48.396+05:30 DEBUG 16456 --- [Back_End] [http-nio-8080-exec-1] o.s.web.servlet.DispatcherServlet        : GET "/api/classes/teacher/1", parameters={}
2025-09-19T15:13:48.396+05:30 DEBUG 16456 --- [Back_End] [http-nio-8080-exec-1] s.w.s.m.m.a.RequestMappingHandlerMapping : Mapped to com.ijse.gdse72.back_end.controller.ClassController#getClassesByTeacher(Long)
2025-09-19T15:13:48.413+05:30 DEBUG 16456 --- [Back_End] [http-nio-8080-exec-1] o.s.w.s.m.m.a.HttpEntityMethodProcessor  : Using 'application/json', given [*/*] and supported [application/json, application/*+json]
2025-09-19T15:13:48.413+05:30 DEBUG 16456 --- [Back_End] [http-nio-8080-exec-1] o.s.w.s.m.m.a.HttpEntityMethodProcessor  : Writing [com.ijse.gdse72.back_end.dto.ApiResponse@655f7d9e]
2025-09-19T15:13:48.414+05:30 DEBUG 16456 --- [Back_End] [http-nio-8080-exec-1] o.s.web.servlet.DispatcherServlet        : Completed 200 OK
2025-09-19T15:14:01.242+05:30 DEBUG 16456 --- [Back_End] [http-nio-8080-exec-7] o.s.web.servlet.DispatcherServlet        : GET "/api/classes/9", parameters={}
2025-09-19T15:14:01.242+05:30 DEBUG 16456 --- [Back_End] [http-nio-8080-exec-7] s.w.s.m.m.a.RequestMappingHandlerMapping : Mapped to com.ijse.gdse72.back_end.controller.ClassController#getClassById(Long)
2025-09-19T15:14:01.254+05:30 DEBUG 16456 --- [Back_End] [http-nio-8080-exec-7] o.s.w.s.m.m.a.HttpEntityMethodProcessor  : Using 'application/json', given [*/*] and supported [application/json, application/*+json]
2025-09-19T15:14:01.254+05:30 DEBUG 16456 --- [Back_End] [http-nio-8080-exec-7] o.s.w.s.m.m.a.HttpEntityMethodProcessor  : Writing [com.ijse.gdse72.back_end.dto.ApiResponse@13f1d8ce]
2025-09-19T15:14:01.255+05:30 DEBUG 16456 --- [Back_End] [http-nio-8080-exec-7] o.s.web.servlet.DispatcherServlet        : Completed 200 OK
2025-09-19T15:14:01.263+05:30 DEBUG 16456 --- [Back_End] [http-nio-8080-exec-4] o.s.web.servlet.DispatcherServlet        : GET "/api/classes/9", parameters={}
2025-09-19T15:14:01.264+05:30 DEBUG 16456 --- [Back_End] [http-nio-8080-exec-4] s.w.s.m.m.a.RequestMappingHandlerMapping : Mapped to com.ijse.gdse72.back_end.controller.ClassController#getClassById(Long)
2025-09-19T15:14:01.272+05:30 DEBUG 16456 --- [Back_End] [http-nio-8080-exec-4] o.s.w.s.m.m.a.HttpEntityMethodProcessor  : Using 'application/json', given [*/*] and supported [application/json, application/*+json]
2025-09-19T15:14:01.272+05:30 DEBUG 16456 --- [Back_End] [http-nio-8080-exec-4] o.s.w.s.m.m.a.HttpEntityMethodProcessor  : Writing [com.ijse.gdse72.back_end.dto.ApiResponse@25ad91d6]
2025-09-19T15:14:01.272+05:30 DEBUG 16456 --- [Back_End] [http-nio-8080-exec-4] o.s.web.servlet.DispatcherServlet        : Completed 200 OK
2025-09-19T15:14:19.800+05:30 DEBUG 16456 --- [Back_End] [http-nio-8080-exec-5] o.s.web.servlet.DispatcherServlet        : GET "/auth/documents/user/1", parameters={}
2025-09-19T15:14:19.801+05:30 DEBUG 16456 --- [Back_End] [http-nio-8080-exec-5] s.w.s.m.m.a.RequestMappingHandlerMapping : Mapped to com.ijse.gdse72.back_end.controller.DocumentController#getDocumentsByUserId(Long)
2025-09-19T15:14:19.816+05:30 DEBUG 16456 --- [Back_End] [http-nio-8080-exec-5] o.s.w.s.m.m.a.HttpEntityMethodProcessor  : Using 'application/json', given [*/*] and supported [application/json, application/*+json]
2025-09-19T15:14:19.817+05:30 DEBUG 16456 --- [Back_End] [http-nio-8080-exec-5] o.s.w.s.m.m.a.HttpEntityMethodProcessor  : Writing [[com.ijse.gdse72.back_end.dto.DocumentDTO@7ffef6a4, com.ijse.gdse72.back_end.dto.DocumentDTO@712320d (truncated)...]
2025-09-19T15:14:19.822+05:30 DEBUG 16456 --- [Back_End] [http-nio-8080-exec-5] o.s.web.servlet.DispatcherServlet        : Completed 200 OK
2025-09-19T15:14:28.042+05:30 DEBUG 16456 --- [Back_End] [http-nio-8080-exec-6] o.s.web.servlet.DispatcherServlet        : GET "/api/classes/teacher/1", parameters={}
2025-09-19T15:14:28.042+05:30 DEBUG 16456 --- [Back_End] [http-nio-8080-exec-6] s.w.s.m.m.a.RequestMappingHandlerMapping : Mapped to com.ijse.gdse72.back_end.controller.ClassController#getClassesByTeacher(Long)
2025-09-19T15:14:28.063+05:30 DEBUG 16456 --- [Back_End] [http-nio-8080-exec-6] o.s.w.s.m.m.a.HttpEntityMethodProcessor  : Using 'application/json', given [*/*] and supported [application/json, application/*+json]
2025-09-19T15:14:28.063+05:30 DEBUG 16456 --- [Back_End] [http-nio-8080-exec-6] o.s.w.s.m.m.a.HttpEntityMethodProcessor  : Writing [com.ijse.gdse72.back_end.dto.ApiResponse@48e696eb]
2025-09-19T15:14:28.064+05:30 DEBUG 16456 --- [Back_End] [http-nio-8080-exec-6] o.s.web.servlet.DispatcherServlet        : Completed 200 OK
2025-09-19T15:14:29.356+05:30 DEBUG 16456 --- [Back_End] [http-nio-8080-exec-3] o.s.web.servlet.DispatcherServlet        : GET "/auth/user/1", parameters={}
2025-09-19T15:14:29.357+05:30 DEBUG 16456 --- [Back_End] [http-nio-8080-exec-3] s.w.s.m.m.a.RequestMappingHandlerMapping : Mapped to com.ijse.gdse72.back_end.controller.AuthController#getUserById(Long)
2025-09-19T15:14:29.367+05:30 DEBUG 16456 --- [Back_End] [http-nio-8080-exec-3] o.s.w.s.m.m.a.HttpEntityMethodProcessor  : Using 'application/json', given [*/*] and supported [application/json, application/*+json]
2025-09-19T15:14:29.367+05:30 DEBUG 16456 --- [Back_End] [http-nio-8080-exec-3] o.s.w.s.m.m.a.HttpEntityMethodProcessor  : Writing [com.ijse.gdse72.back_end.dto.ApiResponse@435523b8]
2025-09-19T15:14:29.368+05:30 DEBUG 16456 --- [Back_End] [http-nio-8080-exec-3] o.s.web.servlet.DispatcherServlet        : Completed 200 OK
2025-09-19T15:14:29.373+05:30 DEBUG 16456 --- [Back_End] [http-nio-8080-exec-4] o.s.web.servlet.DispatcherServlet        : GET "/api/classes/teacher/1", parameters={}
2025-09-19T15:14:29.374+05:30 DEBUG 16456 --- [Back_End] [http-nio-8080-exec-4] s.w.s.m.m.a.RequestMappingHandlerMapping : Mapped to com.ijse.gdse72.back_end.controller.ClassController#getClassesByTeacher(Long)
2025-09-19T15:14:29.391+05:30 DEBUG 16456 --- [Back_End] [http-nio-8080-exec-10] o.s.web.servlet.DispatcherServlet        : GET "/api/classes/statistics/1", parameters={}
2025-09-19T15:14:29.391+05:30 DEBUG 16456 --- [Back_End] [http-nio-8080-exec-4] o.s.w.s.m.m.a.HttpEntityMethodProcessor  : Using 'application/json', given [*/*] and supported [application/json, application/*+json]
2025-09-19T15:14:29.392+05:30 DEBUG 16456 --- [Back_End] [http-nio-8080-exec-4] o.s.w.s.m.m.a.HttpEntityMethodProcessor  : Writing [com.ijse.gdse72.back_end.dto.ApiResponse@e6b1c74]
2025-09-19T15:14:29.392+05:30 DEBUG 16456 --- [Back_End] [http-nio-8080-exec-10] s.w.s.m.m.a.RequestMappingHandlerMapping : Mapped to com.ijse.gdse72.back_end.controller.ClassController#getTeacherStatistics(Long)
2025-09-19T15:14:29.393+05:30 DEBUG 16456 --- [Back_End] [http-nio-8080-exec-4] o.s.web.servlet.DispatcherServlet        : Completed 200 OK
2025-09-19T15:14:29.409+05:30 DEBUG 16456 --- [Back_End] [http-nio-8080-exec-10] o.s.w.s.m.m.a.HttpEntityMethodProcessor  : Using 'application/json', given [*/*] and supported [application/json, application/*+json]
2025-09-19T15:14:29.409+05:30 DEBUG 16456 --- [Back_End] [http-nio-8080-exec-10] o.s.w.s.m.m.a.HttpEntityMethodProcessor  : Writing [com.ijse.gdse72.back_end.dto.ApiResponse@64eb61b3]
2025-09-19T15:14:29.410+05:30 DEBUG 16456 --- [Back_End] [http-nio-8080-exec-10] o.s.web.servlet.DispatcherServlet        : Completed 200 OK
2025-09-19T15:14:29.838+05:30 DEBUG 16456 --- [Back_End] [http-nio-8080-exec-8] o.s.web.servlet.DispatcherServlet        : GET "/api/classes/statistics/1", parameters={}
2025-09-19T15:14:29.839+05:30 DEBUG 16456 --- [Back_End] [http-nio-8080-exec-8] s.w.s.m.m.a.RequestMappingHandlerMapping : Mapped to com.ijse.gdse72.back_end.controller.ClassController#getTeacherStatistics(Long)
2025-09-19T15:14:29.853+05:30 DEBUG 16456 --- [Back_End] [http-nio-8080-exec-8] o.s.w.s.m.m.a.HttpEntityMethodProcessor  : Using 'application/json', given [*/*] and supported [application/json, application/*+json]
2025-09-19T15:14:29.853+05:30 DEBUG 16456 --- [Back_End] [http-nio-8080-exec-8] o.s.w.s.m.m.a.HttpEntityMethodProcessor  : Writing [com.ijse.gdse72.back_end.dto.ApiResponse@803a532]
2025-09-19T15:14:29.854+05:30 DEBUG 16456 --- [Back_End] [http-nio-8080-exec-8] o.s.web.servlet.DispatcherServlet        : Completed 200 OK
2025-09-19T15:14:37.282+05:30 DEBUG 16456 --- [Back_End] [http-nio-8080-exec-1] o.s.web.servlet.DispatcherServlet        : GET "/api/classes/2", parameters={}
2025-09-19T15:14:37.283+05:30 DEBUG 16456 --- [Back_End] [http-nio-8080-exec-1] s.w.s.m.m.a.RequestMappingHandlerMapping : Mapped to com.ijse.gdse72.back_end.controller.ClassController#getClassById(Long)
2025-09-19T15:14:37.285+05:30 DEBUG 16456 --- [Back_End] [http-nio-8080-exec-2] o.s.web.servlet.DispatcherServlet        : GET "/api/classes/2/users", parameters={}
2025-09-19T15:14:37.285+05:30 DEBUG 16456 --- [Back_End] [http-nio-8080-exec-2] s.w.s.m.m.a.RequestMappingHandlerMapping : Mapped to com.ijse.gdse72.back_end.controller.ClassController#getUsersByClass(Long)
2025-09-19T15:14:37.295+05:30 DEBUG 16456 --- [Back_End] [http-nio-8080-exec-1] o.s.w.s.m.m.a.HttpEntityMethodProcessor  : Using 'application/json', given [*/*] and supported [application/json, application/*+json]
2025-09-19T15:14:37.296+05:30 DEBUG 16456 --- [Back_End] [http-nio-8080-exec-1] o.s.w.s.m.m.a.HttpEntityMethodProcessor  : Writing [com.ijse.gdse72.back_end.dto.ApiResponse@11f372b8]
2025-09-19T15:14:37.297+05:30 DEBUG 16456 --- [Back_End] [http-nio-8080-exec-1] o.s.web.servlet.DispatcherServlet        : Completed 200 OK
2025-09-19T15:14:37.301+05:30 DEBUG 16456 --- [Back_End] [http-nio-8080-exec-2] o.s.w.s.m.m.a.HttpEntityMethodProcessor  : Using 'application/json', given [application/json, text/javascript, */*;q=0.01] and supported [application/json, application/*+json]
2025-09-19T15:14:37.301+05:30 DEBUG 16456 --- [Back_End] [http-nio-8080-exec-2] o.s.w.s.m.m.a.HttpEntityMethodProcessor  : Writing [com.ijse.gdse72.back_end.dto.ApiResponse@38e1008c]
2025-09-19T15:14:37.303+05:30 DEBUG 16456 --- [Back_End] [http-nio-8080-exec-2] o.s.web.servlet.DispatcherServlet        : Completed 200 OK
2025-09-19T15:14:43.467+05:30 DEBUG 16456 --- [Back_End] [http-nio-8080-exec-10] o.s.web.servlet.DispatcherServlet        : GET "/api/classes/2", parameters={}
2025-09-19T15:14:43.467+05:30 DEBUG 16456 --- [Back_End] [http-nio-8080-exec-10] s.w.s.m.m.a.RequestMappingHandlerMapping : Mapped to com.ijse.gdse72.back_end.controller.ClassController#getClassById(Long)
2025-09-19T15:14:43.474+05:30 DEBUG 16456 --- [Back_End] [http-nio-8080-exec-10] o.s.w.s.m.m.a.HttpEntityMethodProcessor  : Using 'application/json', given [*/*] and supported [application/json, application/*+json]
2025-09-19T15:14:43.474+05:30 DEBUG 16456 --- [Back_End] [http-nio-8080-exec-10] o.s.w.s.m.m.a.HttpEntityMethodProcessor  : Writing [com.ijse.gdse72.back_end.dto.ApiResponse@374af7a0]
2025-09-19T15:14:43.475+05:30 DEBUG 16456 --- [Back_End] [http-nio-8080-exec-10] o.s.web.servlet.DispatcherServlet        : Completed 200 OK
2025-09-19T15:15:51.314+05:30 DEBUG 16456 --- [Back_End] [http-nio-8080-exec-5] o.s.web.servlet.DispatcherServlet        : POST "/auth/assignments/create", parameters={}
2025-09-19T15:15:51.314+05:30 DEBUG 16456 --- [Back_End] [http-nio-8080-exec-5] s.w.s.m.m.a.RequestMappingHandlerMapping : Mapped to com.ijse.gdse72.back_end.controller.AssignmentController#createAssignment(AssignmentDTO)
2025-09-19T15:15:51.317+05:30 DEBUG 16456 --- [Back_End] [http-nio-8080-exec-5] m.m.a.RequestResponseBodyMethodProcessor : Read "application/json;charset=UTF-8" to [com.ijse.gdse72.back_end.dto.AssignmentDTO@562f84f8]
2025-09-19T15:15:51.337+05:30 DEBUG 16456 --- [Back_End] [http-nio-8080-exec-5] o.s.w.s.m.m.a.HttpEntityMethodProcessor  : Using 'application/json', given [*/*] and supported [application/json, application/*+json]
2025-09-19T15:15:51.337+05:30 DEBUG 16456 --- [Back_End] [http-nio-8080-exec-5] o.s.w.s.m.m.a.HttpEntityMethodProcessor  : Writing [com.ijse.gdse72.back_end.dto.ApiResponse@5105f5e4]
2025-09-19T15:15:51.339+05:30 DEBUG 16456 --- [Back_End] [http-nio-8080-exec-5] o.s.web.servlet.DispatcherServlet        : Completed 200 OK
2025-09-19T15:16:30.898+05:30  INFO 16456 --- [Back_End] [SpringApplicationShutdownHook] o.s.b.w.e.tomcat.GracefulShutdown        : Commencing graceful shutdown. Waiting for active requests to complete
2025-09-19T15:16:30.903+05:30  INFO 16456 --- [Back_End] [tomcat-shutdown] o.s.b.w.e.tomcat.GracefulShutdown        : Graceful shutdown complete
2025-09-19T15:16:30.905+05:30 DEBUG 16456 --- [Back_End] [SpringApplicationShutdownHook] org.springframework.web.SimpLogging      : clientOutboundChannel removed SubProtocolWebSocketHandler[StompSubProtocolHandler[v10.stomp, v11.stomp, v12.stomp]]
2025-09-19T15:16:30.905+05:30 DEBUG 16456 --- [Back_End] [SpringApplicationShutdownHook] org.springframework.web.SimpLogging      : clientInboundChannel removed WebSocketAnnotationMethodMessageHandler[prefixes=[/app/]]
2025-09-19T15:16:30.905+05:30  INFO 16456 --- [Back_End] [SpringApplicationShutdownHook] o.s.m.s.b.SimpleBrokerMessageHandler     : Stopping...
2025-09-19T15:16:30.905+05:30  INFO 16456 --- [Back_End] [SpringApplicationShutdownHook] o.s.m.s.b.SimpleBrokerMessageHandler     : BrokerAvailabilityEvent[available=false, SimpleBrokerMessageHandler [org.springframework.messaging.simp.broker.DefaultSubscriptionRegistry@278537ab]]
2025-09-19T15:16:30.905+05:30 DEBUG 16456 --- [Back_End] [SpringApplicationShutdownHook] org.springframework.web.SimpLogging      : clientInboundChannel removed SimpleBrokerMessageHandler [org.springframework.messaging.simp.broker.DefaultSubscriptionRegistry@278537ab]
2025-09-19T15:16:30.905+05:30 DEBUG 16456 --- [Back_End] [SpringApplicationShutdownHook] org.springframework.web.SimpLogging      : brokerChannel removed SimpleBrokerMessageHandler [org.springframework.messaging.simp.broker.DefaultSubscriptionRegistry@278537ab]
2025-09-19T15:16:30.905+05:30  INFO 16456 --- [Back_End] [SpringApplicationShutdownHook] o.s.m.s.b.SimpleBrokerMessageHandler     : Stopped.
2025-09-19T15:16:30.905+05:30 DEBUG 16456 --- [Back_End] [SpringApplicationShutdownHook] org.springframework.web.SimpLogging      : clientInboundChannel removed UserDestinationMessageHandler[DefaultUserDestinationResolver[prefix=/user/]]
2025-09-19T15:16:30.905+05:30 DEBUG 16456 --- [Back_End] [SpringApplicationShutdownHook] org.springframework.web.SimpLogging      : brokerChannel removed UserDestinationMessageHandler[DefaultUserDestinationResolver[prefix=/user/]]
2025-09-19T15:16:30.908+05:30  INFO 16456 --- [Back_End] [SpringApplicationShutdownHook] j.LocalContainerEntityManagerFactoryBean : Closing JPA EntityManagerFactory for persistence unit 'default'
2025-09-19T15:16:30.910+05:30  INFO 16456 --- [Back_End] [SpringApplicationShutdownHook] com.zaxxer.hikari.HikariDataSource       : HikariPool-1 - Shutdown initiated...
2025-09-19T15:16:30.917+05:30  INFO 16456 --- [Back_End] [SpringApplicationShutdownHook] com.zaxxer.hikari.HikariDataSource       : HikariPool-1 - Shutdown completed.
2025-09-19T22:01:38.455+05:30  INFO 15736 --- [Back_End] [main] com.ijse.gdse72.back_end.Application     : Starting Application using Java 21.0.5 with PID 15736 (E:\AAD\FINAL_PROJECT\LearnLoop\Back_End\target\classes started by Asus in E:\AAD\FINAL_PROJECT\LearnLoop)
2025-09-19T22:01:38.458+05:30  INFO 15736 --- [Back_End] [main] com.ijse.gdse72.back_end.Application     : No active profile set, falling back to 1 default profile: "default"
2025-09-19T22:01:40.153+05:30  INFO 15736 --- [Back_End] [main] .s.d.r.c.RepositoryConfigurationDelegate : Bootstrapping Spring Data JPA repositories in DEFAULT mode.
2025-09-19T22:01:40.254+05:30  INFO 15736 --- [Back_End] [main] .s.d.r.c.RepositoryConfigurationDelegate : Finished Spring Data repository scanning in 87 ms. Found 5 JPA repository interfaces.
2025-09-19T22:01:41.021+05:30  INFO 15736 --- [Back_End] [main] o.s.b.w.embedded.tomcat.TomcatWebServer  : Tomcat initialized with port 8080 (http)
2025-09-19T22:01:41.038+05:30  INFO 15736 --- [Back_End] [main] o.apache.catalina.core.StandardService   : Starting service [Tomcat]
2025-09-19T22:01:41.039+05:30  INFO 15736 --- [Back_End] [main] o.apache.catalina.core.StandardEngine    : Starting Servlet engine: [Apache Tomcat/10.1.44]
2025-09-19T22:01:41.102+05:30  INFO 15736 --- [Back_End] [main] o.a.c.c.C.[Tomcat].[localhost].[/]       : Initializing Spring embedded WebApplicationContext
2025-09-19T22:01:41.103+05:30  INFO 15736 --- [Back_End] [main] w.s.c.ServletWebServerApplicationContext : Root WebApplicationContext: initialization completed in 2578 ms
2025-09-19T22:01:41.291+05:30  INFO 15736 --- [Back_End] [main] o.hibernate.jpa.internal.util.LogHelper  : HHH000204: Processing PersistenceUnitInfo [name: default]
2025-09-19T22:01:41.376+05:30  INFO 15736 --- [Back_End] [main] org.hibernate.Version                    : HHH000412: Hibernate ORM core version 6.6.26.Final
2025-09-19T22:01:41.442+05:30  INFO 15736 --- [Back_End] [main] o.h.c.internal.RegionFactoryInitiator    : HHH000026: Second-level cache disabled
2025-09-19T22:01:41.814+05:30  INFO 15736 --- [Back_End] [main] o.s.o.j.p.SpringPersistenceUnitInfo      : No LoadTimeWeaver setup: ignoring JPA class transformer
2025-09-19T22:01:41.855+05:30  INFO 15736 --- [Back_End] [main] com.zaxxer.hikari.HikariDataSource       : HikariPool-1 - Starting...
2025-09-19T22:01:42.378+05:30  INFO 15736 --- [Back_End] [main] com.zaxxer.hikari.pool.HikariPool        : HikariPool-1 - Added connection com.mysql.cj.jdbc.ConnectionImpl@2d3b0978
2025-09-19T22:01:42.381+05:30  INFO 15736 --- [Back_End] [main] com.zaxxer.hikari.HikariDataSource       : HikariPool-1 - Start completed.
2025-09-19T22:01:42.526+05:30  WARN 15736 --- [Back_End] [main] org.hibernate.orm.deprecation            : HHH90000025: MySQLDialect does not need to be specified explicitly using 'hibernate.dialect' (remove the property setting and it will be selected by default)
2025-09-19T22:01:42.610+05:30  INFO 15736 --- [Back_End] [main] org.hibernate.orm.connections.pooling    : HHH10001005: Database info:
	Database JDBC URL [Connecting through datasource 'HikariDataSource (HikariPool-1)']
	Database driver: undefined/unknown
	Database version: 8.0.39
	Autocommit mode: undefined/unknown
	Isolation level: undefined/unknown
	Minimum pool size: undefined/unknown
	Maximum pool size: undefined/unknown
2025-09-19T22:01:44.282+05:30  INFO 15736 --- [Back_End] [main] o.h.e.t.j.p.i.JtaPlatformInitiator       : HHH000489: No JTA platform available (set 'hibernate.transaction.jta.platform' to enable JTA platform integration)
2025-09-19T22:01:44.659+05:30  INFO 15736 --- [Back_End] [main] j.LocalContainerEntityManagerFactoryBean : Initialized JPA EntityManagerFactory for persistence unit 'default'
2025-09-19T22:01:48.712+05:30  INFO 15736 --- [Back_End] [main] o.s.d.j.r.query.QueryEnhancerFactory     : Hibernate is in classpath; If applicable, HQL parser will be used.
2025-09-19T22:01:50.498+05:30  WARN 15736 --- [Back_End] [main] JpaBaseConfiguration$JpaWebConfiguration : spring.jpa.open-in-view is enabled by default. Therefore, database queries may be performed during view rendering. Explicitly configure spring.jpa.open-in-view to disable this warning
2025-09-19T22:01:50.542+05:30  INFO 15736 --- [Back_End] [main] eAuthenticationProviderManagerConfigurer : Global AuthenticationManager configured with AuthenticationProvider bean with name authenticationProvider
2025-09-19T22:01:50.543+05:30  WARN 15736 --- [Back_End] [main] r$InitializeUserDetailsManagerConfigurer : Global AuthenticationManager configured with an AuthenticationProvider bean. UserDetailsService beans will not be used by Spring Security for automatically configuring username/password login. Consider removing the AuthenticationProvider bean. Alternatively, consider using the UserDetailsService in a manually instantiated DaoAuthenticationProvider. If the current configuration is intentional, to turn off this warning, increase the logging level of 'org.springframework.security.config.annotation.authentication.configuration.InitializeUserDetailsBeanManagerConfigurer' to ERROR
2025-09-19T22:01:50.676+05:30 DEBUG 15736 --- [Back_End] [main] o.s.w.s.s.s.WebSocketHandlerMapping      : Patterns [/ws-chat/**] in 'stompWebSocketHandlerMapping'
2025-09-19T22:01:50.773+05:30 DEBUG 15736 --- [Back_End] [main] s.w.s.m.m.a.RequestMappingHandlerMapping : 31 mappings in 'requestMappingHandlerMapping'
2025-09-19T22:01:50.830+05:30 DEBUG 15736 --- [Back_End] [main] o.s.w.s.handler.SimpleUrlHandlerMapping  : Patterns [/webjars/**, /**, /uploads/**] in 'resourceHandlerMapping'
2025-09-19T22:01:50.924+05:30 DEBUG 15736 --- [Back_End] [main] .WebSocketAnnotationMethodMessageHandler : 
	c.i.g.b.c.AssignmentController:
	
2025-09-19T22:01:50.924+05:30 DEBUG 15736 --- [Back_End] [main] .WebSocketAnnotationMethodMessageHandler : 
	c.i.g.b.c.AuthController:
	
2025-09-19T22:01:50.928+05:30 DEBUG 15736 --- [Back_End] [main] .WebSocketAnnotationMethodMessageHandler : 
	c.i.g.b.c.ChatController:
	{[MESSAGE],[/sendMessage]}: sendMessage(ChatMessageDTO)
2025-09-19T22:01:50.929+05:30 DEBUG 15736 --- [Back_End] [main] .WebSocketAnnotationMethodMessageHandler : 
	c.i.g.b.c.ClassController:
	
2025-09-19T22:01:50.929+05:30 DEBUG 15736 --- [Back_End] [main] .WebSocketAnnotationMethodMessageHandler : 
	c.i.g.b.c.DocumentController:
	
2025-09-19T22:01:50.929+05:30 DEBUG 15736 --- [Back_End] [main] .WebSocketAnnotationMethodMessageHandler : 
	c.i.g.b.c.FileController:
	
2025-09-19T22:01:50.930+05:30 DEBUG 15736 --- [Back_End] [main] .WebSocketAnnotationMethodMessageHandler : 
	o.s.b.a.w.s.e.BasicErrorController:
	
2025-09-19T22:01:51.032+05:30 DEBUG 15736 --- [Back_End] [main] s.w.s.m.m.a.RequestMappingHandlerAdapter : ControllerAdvice beans: 0 @ModelAttribute, 0 @InitBinder, 1 RequestBodyAdvice, 1 ResponseBodyAdvice
2025-09-19T22:01:51.102+05:30 DEBUG 15736 --- [Back_End] [main] .m.m.a.ExceptionHandlerExceptionResolver : ControllerAdvice beans: 1 @ExceptionHandler, 1 ResponseBodyAdvice
2025-09-19T22:01:51.298+05:30 DEBUG 15736 --- [Back_End] [main] org.springframework.web.SimpLogging      : clientOutboundChannel added SubProtocolWebSocketHandler[StompSubProtocolHandler[v10.stomp, v11.stomp, v12.stomp]]
2025-09-19T22:01:51.299+05:30 DEBUG 15736 --- [Back_End] [main] org.springframework.web.SimpLogging      : clientInboundChannel added WebSocketAnnotationMethodMessageHandler[prefixes=[/app/]]
2025-09-19T22:01:51.299+05:30  INFO 15736 --- [Back_End] [main] o.s.m.s.b.SimpleBrokerMessageHandler     : Starting...
2025-09-19T22:01:51.299+05:30 DEBUG 15736 --- [Back_End] [main] org.springframework.web.SimpLogging      : clientInboundChannel added SimpleBrokerMessageHandler [org.springframework.messaging.simp.broker.DefaultSubscriptionRegistry@30f8e8b2]
2025-09-19T22:01:51.299+05:30 DEBUG 15736 --- [Back_End] [main] org.springframework.web.SimpLogging      : brokerChannel added SimpleBrokerMessageHandler [org.springframework.messaging.simp.broker.DefaultSubscriptionRegistry@30f8e8b2]
2025-09-19T22:01:51.299+05:30  INFO 15736 --- [Back_End] [main] o.s.m.s.b.SimpleBrokerMessageHandler     : BrokerAvailabilityEvent[available=true, SimpleBrokerMessageHandler [org.springframework.messaging.simp.broker.DefaultSubscriptionRegistry@30f8e8b2]]
2025-09-19T22:01:51.300+05:30  INFO 15736 --- [Back_End] [main] o.s.m.s.b.SimpleBrokerMessageHandler     : Started.
2025-09-19T22:01:51.301+05:30 DEBUG 15736 --- [Back_End] [main] org.springframework.web.SimpLogging      : clientInboundChannel added UserDestinationMessageHandler[DefaultUserDestinationResolver[prefix=/user/]]
2025-09-19T22:01:51.301+05:30 DEBUG 15736 --- [Back_End] [main] org.springframework.web.SimpLogging      : brokerChannel added UserDestinationMessageHandler[DefaultUserDestinationResolver[prefix=/user/]]
2025-09-19T22:01:51.326+05:30  INFO 15736 --- [Back_End] [main] o.s.b.w.embedded.tomcat.TomcatWebServer  : Tomcat started on port 8080 (http) with context path '/'
2025-09-19T22:01:51.332+05:30  INFO 15736 --- [Back_End] [main] com.ijse.gdse72.back_end.Application     : Started Application in 13.639 seconds (process running for 14.953)
2025-09-19T22:02:24.099+05:30  INFO 15736 --- [Back_End] [http-nio-8080-exec-1] o.a.c.c.C.[Tomcat].[localhost].[/]       : Initializing Spring DispatcherServlet 'dispatcherServlet'
2025-09-19T22:02:24.099+05:30  INFO 15736 --- [Back_End] [http-nio-8080-exec-1] o.s.web.servlet.DispatcherServlet        : Initializing Servlet 'dispatcherServlet'
2025-09-19T22:02:24.100+05:30 DEBUG 15736 --- [Back_End] [http-nio-8080-exec-1] o.s.web.servlet.DispatcherServlet        : Detected StandardServletMultipartResolver
2025-09-19T22:02:24.100+05:30 DEBUG 15736 --- [Back_End] [http-nio-8080-exec-1] o.s.web.servlet.DispatcherServlet        : Detected AcceptHeaderLocaleResolver
2025-09-19T22:02:24.100+05:30 DEBUG 15736 --- [Back_End] [http-nio-8080-exec-1] o.s.web.servlet.DispatcherServlet        : Detected FixedThemeResolver
2025-09-19T22:02:24.101+05:30 DEBUG 15736 --- [Back_End] [http-nio-8080-exec-1] o.s.web.servlet.DispatcherServlet        : Detected org.springframework.web.servlet.view.DefaultRequestToViewNameTranslator@6c4fee11
2025-09-19T22:02:24.101+05:30 DEBUG 15736 --- [Back_End] [http-nio-8080-exec-1] o.s.web.servlet.DispatcherServlet        : Detected org.springframework.web.servlet.support.SessionFlashMapManager@78373fdf
2025-09-19T22:02:24.102+05:30 DEBUG 15736 --- [Back_End] [http-nio-8080-exec-1] o.s.web.servlet.DispatcherServlet        : enableLoggingRequestDetails='false': request parameters and headers will be masked to prevent unsafe logging of potentially sensitive data
2025-09-19T22:02:24.102+05:30  INFO 15736 --- [Back_End] [http-nio-8080-exec-1] o.s.web.servlet.DispatcherServlet        : Completed initialization in 3 ms
2025-09-19T22:02:24.178+05:30 DEBUG 15736 --- [Back_End] [http-nio-8080-exec-2] o.s.web.servlet.DispatcherServlet        : POST "/auth/login", parameters={}
2025-09-19T22:02:24.181+05:30 DEBUG 15736 --- [Back_End] [http-nio-8080-exec-2] s.w.s.m.m.a.RequestMappingHandlerMapping : Mapped to com.ijse.gdse72.back_end.controller.AuthController#login(AuthDTO)
2025-09-19T22:02:24.280+05:30 DEBUG 15736 --- [Back_End] [http-nio-8080-exec-2] m.m.a.RequestResponseBodyMethodProcessor : Read "application/json;charset=UTF-8" to [com.ijse.gdse72.back_end.dto.AuthDTO@25cdc5b]
2025-09-19T22:02:24.628+05:30 DEBUG 15736 --- [Back_End] [http-nio-8080-exec-2] o.s.w.s.m.m.a.HttpEntityMethodProcessor  : Using 'application/json', given [*/*] and supported [application/json, application/*+json]
2025-09-19T22:02:24.629+05:30 DEBUG 15736 --- [Back_End] [http-nio-8080-exec-2] o.s.w.s.m.m.a.HttpEntityMethodProcessor  : Writing [com.ijse.gdse72.back_end.dto.ApiResponse@6d08ea10]
2025-09-19T22:02:24.640+05:30 DEBUG 15736 --- [Back_End] [http-nio-8080-exec-2] o.s.web.servlet.DispatcherServlet        : Completed 200 OK
2025-09-19T22:02:25.922+05:30 DEBUG 15736 --- [Back_End] [http-nio-8080-exec-3] o.s.web.servlet.DispatcherServlet        : GET "/auth/user/1", parameters={}
2025-09-19T22:02:25.924+05:30 DEBUG 15736 --- [Back_End] [http-nio-8080-exec-3] s.w.s.m.m.a.RequestMappingHandlerMapping : Mapped to com.ijse.gdse72.back_end.controller.AuthController#getUserById(Long)
2025-09-19T22:02:25.975+05:30 DEBUG 15736 --- [Back_End] [http-nio-8080-exec-3] o.s.w.s.m.m.a.HttpEntityMethodProcessor  : Using 'application/json', given [*/*] and supported [application/json, application/*+json]
2025-09-19T22:02:25.976+05:30 DEBUG 15736 --- [Back_End] [http-nio-8080-exec-3] o.s.w.s.m.m.a.HttpEntityMethodProcessor  : Writing [com.ijse.gdse72.back_end.dto.ApiResponse@66e337a1]
2025-09-19T22:02:25.985+05:30 DEBUG 15736 --- [Back_End] [http-nio-8080-exec-3] o.s.web.servlet.DispatcherServlet        : Completed 200 OK
2025-09-19T22:02:26.034+05:30 DEBUG 15736 --- [Back_End] [http-nio-8080-exec-8] o.s.web.servlet.DispatcherServlet        : GET "/api/classes/teacher/1", parameters={}
2025-09-19T22:02:26.035+05:30 DEBUG 15736 --- [Back_End] [http-nio-8080-exec-8] s.w.s.m.m.a.RequestMappingHandlerMapping : Mapped to com.ijse.gdse72.back_end.controller.ClassController#getClassesByTeacher(Long)
2025-09-19T22:02:26.037+05:30 DEBUG 15736 --- [Back_End] [http-nio-8080-exec-7] o.s.web.servlet.DispatcherServlet        : GET "/api/classes/statistics/1", parameters={}
2025-09-19T22:02:26.038+05:30 DEBUG 15736 --- [Back_End] [http-nio-8080-exec-7] s.w.s.m.m.a.RequestMappingHandlerMapping : Mapped to com.ijse.gdse72.back_end.controller.ClassController#getTeacherStatistics(Long)
2025-09-19T22:02:26.085+05:30 DEBUG 15736 --- [Back_End] [http-nio-8080-exec-8] o.s.w.s.m.m.a.HttpEntityMethodProcessor  : Using 'application/json', given [*/*] and supported [application/json, application/*+json]
2025-09-19T22:02:26.086+05:30 DEBUG 15736 --- [Back_End] [http-nio-8080-exec-8] o.s.w.s.m.m.a.HttpEntityMethodProcessor  : Writing [com.ijse.gdse72.back_end.dto.ApiResponse@65c94205]
2025-09-19T22:02:26.093+05:30 DEBUG 15736 --- [Back_End] [http-nio-8080-exec-8] o.s.web.servlet.DispatcherServlet        : Completed 200 OK
2025-09-19T22:02:26.103+05:30 DEBUG 15736 --- [Back_End] [http-nio-8080-exec-7] o.s.w.s.m.m.a.HttpEntityMethodProcessor  : Using 'application/json', given [*/*] and supported [application/json, application/*+json]
2025-09-19T22:02:26.103+05:30 DEBUG 15736 --- [Back_End] [http-nio-8080-exec-7] o.s.w.s.m.m.a.HttpEntityMethodProcessor  : Writing [com.ijse.gdse72.back_end.dto.ApiResponse@1a47345d]
2025-09-19T22:02:26.110+05:30 DEBUG 15736 --- [Back_End] [http-nio-8080-exec-7] o.s.web.servlet.DispatcherServlet        : Completed 200 OK
2025-09-19T22:02:26.409+05:30 DEBUG 15736 --- [Back_End] [http-nio-8080-exec-1] o.s.web.servlet.DispatcherServlet        : GET "/api/classes/statistics/1", parameters={}
2025-09-19T22:02:26.410+05:30 DEBUG 15736 --- [Back_End] [http-nio-8080-exec-1] s.w.s.m.m.a.RequestMappingHandlerMapping : Mapped to com.ijse.gdse72.back_end.controller.ClassController#getTeacherStatistics(Long)
2025-09-19T22:02:26.430+05:30 DEBUG 15736 --- [Back_End] [http-nio-8080-exec-1] o.s.w.s.m.m.a.HttpEntityMethodProcessor  : Using 'application/json', given [*/*] and supported [application/json, application/*+json]
2025-09-19T22:02:26.430+05:30 DEBUG 15736 --- [Back_End] [http-nio-8080-exec-1] o.s.w.s.m.m.a.HttpEntityMethodProcessor  : Writing [com.ijse.gdse72.back_end.dto.ApiResponse@3b0fd772]
2025-09-19T22:02:26.432+05:30 DEBUG 15736 --- [Back_End] [http-nio-8080-exec-1] o.s.web.servlet.DispatcherServlet        : Completed 200 OK
2025-09-19T22:02:51.304+05:30  INFO 15736 --- [Back_End] [MessageBroker-1] o.s.w.s.c.WebSocketMessageBrokerStats    : WebSocketSession[0 current WS(0)-HttpStream(0)-HttpPoll(0), 0 total, 0 closed abnormally (0 connect failure, 0 send limit, 0 transport error)], stompSubProtocol[processed CONNECT(0)-CONNECTED(0)-DISCONNECT(0)], stompBrokerRelay[null], inboundChannel[pool size = 0, active threads = 0, queued tasks = 0, completed tasks = 0], outboundChannel[pool size = 0, active threads = 0, queued tasks = 0, completed tasks = 0], sockJsScheduler[pool size = 1, active threads = 1, queued tasks = 0, completed tasks = 0]
2025-09-19T22:02:56.420+05:30 DEBUG 15736 --- [Back_End] [http-nio-8080-exec-9] o.s.web.servlet.DispatcherServlet        : GET "/api/classes/statistics/1", parameters={}
2025-09-19T22:02:56.421+05:30 DEBUG 15736 --- [Back_End] [http-nio-8080-exec-9] s.w.s.m.m.a.RequestMappingHandlerMapping : Mapped to com.ijse.gdse72.back_end.controller.ClassController#getTeacherStatistics(Long)
2025-09-19T22:02:56.442+05:30 DEBUG 15736 --- [Back_End] [http-nio-8080-exec-9] o.s.w.s.m.m.a.HttpEntityMethodProcessor  : Using 'application/json', given [*/*] and supported [application/json, application/*+json]
2025-09-19T22:02:56.443+05:30 DEBUG 15736 --- [Back_End] [http-nio-8080-exec-9] o.s.w.s.m.m.a.HttpEntityMethodProcessor  : Writing [com.ijse.gdse72.back_end.dto.ApiResponse@4ea5febf]
2025-09-19T22:02:56.444+05:30 DEBUG 15736 --- [Back_End] [http-nio-8080-exec-9] o.s.web.servlet.DispatcherServlet        : Completed 200 OK
2025-09-19T22:03:00.674+05:30 DEBUG 15736 --- [Back_End] [http-nio-8080-exec-8] o.s.web.servlet.DispatcherServlet        : GET "/api/classes/teacher/1", parameters={}
2025-09-19T22:03:00.675+05:30 DEBUG 15736 --- [Back_End] [http-nio-8080-exec-8] s.w.s.m.m.a.RequestMappingHandlerMapping : Mapped to com.ijse.gdse72.back_end.controller.ClassController#getClassesByTeacher(Long)
2025-09-19T22:03:00.698+05:30 DEBUG 15736 --- [Back_End] [http-nio-8080-exec-8] o.s.w.s.m.m.a.HttpEntityMethodProcessor  : Using 'application/json', given [*/*] and supported [application/json, application/*+json]
2025-09-19T22:03:00.699+05:30 DEBUG 15736 --- [Back_End] [http-nio-8080-exec-8] o.s.w.s.m.m.a.HttpEntityMethodProcessor  : Writing [com.ijse.gdse72.back_end.dto.ApiResponse@fac881a]
2025-09-19T22:03:00.701+05:30 DEBUG 15736 --- [Back_End] [http-nio-8080-exec-8] o.s.web.servlet.DispatcherServlet        : Completed 200 OK
2025-09-19T22:03:04.154+05:30 DEBUG 15736 --- [Back_End] [http-nio-8080-exec-10] o.s.web.servlet.DispatcherServlet        : GET "/auth/documents/user/1", parameters={}
2025-09-19T22:03:04.155+05:30 DEBUG 15736 --- [Back_End] [http-nio-8080-exec-10] s.w.s.m.m.a.RequestMappingHandlerMapping : Mapped to com.ijse.gdse72.back_end.controller.DocumentController#getDocumentsByUserId(Long)
2025-09-19T22:03:04.180+05:30 DEBUG 15736 --- [Back_End] [http-nio-8080-exec-10] o.s.w.s.m.m.a.HttpEntityMethodProcessor  : Using 'application/json', given [*/*] and supported [application/json, application/*+json]
2025-09-19T22:03:04.181+05:30 DEBUG 15736 --- [Back_End] [http-nio-8080-exec-10] o.s.w.s.m.m.a.HttpEntityMethodProcessor  : Writing [[com.ijse.gdse72.back_end.dto.DocumentDTO@363c5ae6, com.ijse.gdse72.back_end.dto.DocumentDTO@29c80ee (truncated)...]
2025-09-19T22:03:04.186+05:30 DEBUG 15736 --- [Back_End] [http-nio-8080-exec-10] o.s.web.servlet.DispatcherServlet        : Completed 200 OK
2025-09-19T22:03:25.583+05:30 DEBUG 15736 --- [Back_End] [http-nio-8080-exec-2] o.s.web.servlet.DispatcherServlet        : POST "/auth/login", parameters={}
2025-09-19T22:03:25.584+05:30 DEBUG 15736 --- [Back_End] [http-nio-8080-exec-2] s.w.s.m.m.a.RequestMappingHandlerMapping : Mapped to com.ijse.gdse72.back_end.controller.AuthController#login(AuthDTO)
2025-09-19T22:03:25.585+05:30 DEBUG 15736 --- [Back_End] [http-nio-8080-exec-2] m.m.a.RequestResponseBodyMethodProcessor : Read "application/json;charset=UTF-8" to [com.ijse.gdse72.back_end.dto.AuthDTO@4e02a179]
2025-09-19T22:03:25.678+05:30 DEBUG 15736 --- [Back_End] [http-nio-8080-exec-2] o.s.w.s.m.m.a.HttpEntityMethodProcessor  : Using 'application/json', given [*/*] and supported [application/json, application/*+json]
2025-09-19T22:03:25.679+05:30 DEBUG 15736 --- [Back_End] [http-nio-8080-exec-2] o.s.w.s.m.m.a.HttpEntityMethodProcessor  : Writing [com.ijse.gdse72.back_end.dto.ApiResponse@5c6e58a3]
2025-09-19T22:03:25.680+05:30 DEBUG 15736 --- [Back_End] [http-nio-8080-exec-2] o.s.web.servlet.DispatcherServlet        : Completed 200 OK
2025-09-19T22:03:26.845+05:30 DEBUG 15736 --- [Back_End] [http-nio-8080-exec-4] o.s.web.servlet.DispatcherServlet        : GET "/auth/user/2", parameters={}
2025-09-19T22:03:26.846+05:30 DEBUG 15736 --- [Back_End] [http-nio-8080-exec-4] s.w.s.m.m.a.RequestMappingHandlerMapping : Mapped to com.ijse.gdse72.back_end.controller.AuthController#getUserById(Long)
2025-09-19T22:03:26.862+05:30 DEBUG 15736 --- [Back_End] [http-nio-8080-exec-4] o.s.w.s.m.m.a.HttpEntityMethodProcessor  : Using 'application/json', given [*/*] and supported [application/json, application/*+json]
2025-09-19T22:03:26.863+05:30 DEBUG 15736 --- [Back_End] [http-nio-8080-exec-4] o.s.w.s.m.m.a.HttpEntityMethodProcessor  : Writing [com.ijse.gdse72.back_end.dto.ApiResponse@7b034b10]
2025-09-19T22:03:26.866+05:30 DEBUG 15736 --- [Back_End] [http-nio-8080-exec-4] o.s.web.servlet.DispatcherServlet        : Completed 200 OK
2025-09-19T22:03:26.880+05:30 DEBUG 15736 --- [Back_End] [http-nio-8080-exec-8] o.s.web.servlet.DispatcherServlet        : GET "/api/classes/student/2", parameters={}
2025-09-19T22:03:26.880+05:30 DEBUG 15736 --- [Back_End] [http-nio-8080-exec-7] o.s.web.servlet.DispatcherServlet        : GET "/api/classes/student-statistics/2", parameters={}
2025-09-19T22:03:26.881+05:30 DEBUG 15736 --- [Back_End] [http-nio-8080-exec-8] s.w.s.m.m.a.RequestMappingHandlerMapping : Mapped to com.ijse.gdse72.back_end.controller.ClassController#getClassesByStudent(Long)
2025-09-19T22:03:26.881+05:30 DEBUG 15736 --- [Back_End] [http-nio-8080-exec-7] s.w.s.m.m.a.RequestMappingHandlerMapping : Mapped to com.ijse.gdse72.back_end.controller.ClassController#getStudentClassStatistics(Long)
2025-09-19T22:03:26.918+05:30 DEBUG 15736 --- [Back_End] [http-nio-8080-exec-7] o.s.w.s.m.m.a.HttpEntityMethodProcessor  : Using 'application/json', given [*/*] and supported [application/json, application/*+json]
2025-09-19T22:03:26.918+05:30 DEBUG 15736 --- [Back_End] [http-nio-8080-exec-7] o.s.w.s.m.m.a.HttpEntityMethodProcessor  : Writing [com.ijse.gdse72.back_end.dto.ApiResponse@d051f0e]
2025-09-19T22:03:26.921+05:30 DEBUG 15736 --- [Back_End] [http-nio-8080-exec-7] o.s.web.servlet.DispatcherServlet        : Completed 200 OK
2025-09-19T22:03:26.922+05:30 DEBUG 15736 --- [Back_End] [http-nio-8080-exec-8] o.s.w.s.m.m.a.HttpEntityMethodProcessor  : Using 'application/json', given [*/*] and supported [application/json, application/*+json]
2025-09-19T22:03:26.923+05:30 DEBUG 15736 --- [Back_End] [http-nio-8080-exec-8] o.s.w.s.m.m.a.HttpEntityMethodProcessor  : Writing [com.ijse.gdse72.back_end.dto.ApiResponse@3f89c3bf]
2025-09-19T22:03:26.926+05:30 DEBUG 15736 --- [Back_End] [http-nio-8080-exec-8] o.s.web.servlet.DispatcherServlet        : Completed 200 OK
2025-09-19T22:03:27.336+05:30 DEBUG 15736 --- [Back_End] [http-nio-8080-exec-10] o.s.web.servlet.DispatcherServlet        : GET "/api/classes/student-statistics/2", parameters={}
2025-09-19T22:03:27.337+05:30 DEBUG 15736 --- [Back_End] [http-nio-8080-exec-10] s.w.s.m.m.a.RequestMappingHandlerMapping : Mapped to com.ijse.gdse72.back_end.controller.ClassController#getStudentClassStatistics(Long)
2025-09-19T22:03:27.352+05:30 DEBUG 15736 --- [Back_End] [http-nio-8080-exec-10] o.s.w.s.m.m.a.HttpEntityMethodProcessor  : Using 'application/json', given [*/*] and supported [application/json, application/*+json]
2025-09-19T22:03:27.353+05:30 DEBUG 15736 --- [Back_End] [http-nio-8080-exec-10] o.s.w.s.m.m.a.HttpEntityMethodProcessor  : Writing [com.ijse.gdse72.back_end.dto.ApiResponse@2abfe18a]
2025-09-19T22:03:27.354+05:30 DEBUG 15736 --- [Back_End] [http-nio-8080-exec-10] o.s.web.servlet.DispatcherServlet        : Completed 200 OK
2025-09-19T22:03:52.672+05:30 DEBUG 15736 --- [Back_End] [http-nio-8080-exec-9] o.s.web.servlet.DispatcherServlet        : GET "/api/classes/available/2", parameters={}
2025-09-19T22:03:52.673+05:30 DEBUG 15736 --- [Back_End] [http-nio-8080-exec-9] s.w.s.m.m.a.RequestMappingHandlerMapping : Mapped to com.ijse.gdse72.back_end.controller.ClassController#getClassesNotJoinedByStudent(Long)
2025-09-19T22:03:52.732+05:30 DEBUG 15736 --- [Back_End] [http-nio-8080-exec-9] o.s.w.s.m.m.a.HttpEntityMethodProcessor  : Using 'application/json', given [*/*] and supported [application/json, application/*+json]
2025-09-19T22:03:52.732+05:30 DEBUG 15736 --- [Back_End] [http-nio-8080-exec-9] o.s.w.s.m.m.a.HttpEntityMethodProcessor  : Writing [com.ijse.gdse72.back_end.dto.ApiResponse@6251385e]
2025-09-19T22:03:52.734+05:30 DEBUG 15736 --- [Back_End] [http-nio-8080-exec-9] o.s.web.servlet.DispatcherServlet        : Completed 200 OK
2025-09-19T22:03:57.046+05:30 DEBUG 15736 --- [Back_End] [http-nio-8080-exec-3] o.s.web.servlet.DispatcherServlet        : GET "/auth/user/2", parameters={}
2025-09-19T22:03:57.047+05:30 DEBUG 15736 --- [Back_End] [http-nio-8080-exec-3] s.w.s.m.m.a.RequestMappingHandlerMapping : Mapped to com.ijse.gdse72.back_end.controller.AuthController#getUserById(Long)
2025-09-19T22:03:57.062+05:30 DEBUG 15736 --- [Back_End] [http-nio-8080-exec-3] o.s.w.s.m.m.a.HttpEntityMethodProcessor  : Using 'application/json', given [*/*] and supported [application/json, application/*+json]
2025-09-19T22:03:57.063+05:30 DEBUG 15736 --- [Back_End] [http-nio-8080-exec-3] o.s.w.s.m.m.a.HttpEntityMethodProcessor  : Writing [com.ijse.gdse72.back_end.dto.ApiResponse@7d671d10]
2025-09-19T22:03:57.066+05:30 DEBUG 15736 --- [Back_End] [http-nio-8080-exec-3] o.s.web.servlet.DispatcherServlet        : Completed 200 OK
2025-09-19T22:03:57.076+05:30 DEBUG 15736 --- [Back_End] [http-nio-8080-exec-8] o.s.web.servlet.DispatcherServlet        : GET "/api/classes/student/2", parameters={}
2025-09-19T22:03:57.077+05:30 DEBUG 15736 --- [Back_End] [http-nio-8080-exec-8] s.w.s.m.m.a.RequestMappingHandlerMapping : Mapped to com.ijse.gdse72.back_end.controller.ClassController#getClassesByStudent(Long)
2025-09-19T22:03:57.078+05:30 DEBUG 15736 --- [Back_End] [http-nio-8080-exec-10] o.s.web.servlet.DispatcherServlet        : GET "/api/classes/student-statistics/2", parameters={}
2025-09-19T22:03:57.079+05:30 DEBUG 15736 --- [Back_End] [http-nio-8080-exec-10] s.w.s.m.m.a.RequestMappingHandlerMapping : Mapped to com.ijse.gdse72.back_end.controller.ClassController#getStudentClassStatistics(Long)
2025-09-19T22:03:57.099+05:30 DEBUG 15736 --- [Back_End] [http-nio-8080-exec-10] o.s.w.s.m.m.a.HttpEntityMethodProcessor  : Using 'application/json', given [*/*] and supported [application/json, application/*+json]
2025-09-19T22:03:57.099+05:30 DEBUG 15736 --- [Back_End] [http-nio-8080-exec-8] o.s.w.s.m.m.a.HttpEntityMethodProcessor  : Using 'application/json', given [*/*] and supported [application/json, application/*+json]
2025-09-19T22:03:57.099+05:30 DEBUG 15736 --- [Back_End] [http-nio-8080-exec-10] o.s.w.s.m.m.a.HttpEntityMethodProcessor  : Writing [com.ijse.gdse72.back_end.dto.ApiResponse@17f72fbb]
2025-09-19T22:03:57.099+05:30 DEBUG 15736 --- [Back_End] [http-nio-8080-exec-8] o.s.w.s.m.m.a.HttpEntityMethodProcessor  : Writing [com.ijse.gdse72.back_end.dto.ApiResponse@63812071]
2025-09-19T22:03:57.100+05:30 DEBUG 15736 --- [Back_End] [http-nio-8080-exec-10] o.s.web.servlet.DispatcherServlet        : Completed 200 OK
2025-09-19T22:03:57.101+05:30 DEBUG 15736 --- [Back_End] [http-nio-8080-exec-8] o.s.web.servlet.DispatcherServlet        : Completed 200 OK
2025-09-19T22:03:57.529+05:30 DEBUG 15736 --- [Back_End] [http-nio-8080-exec-1] o.s.web.servlet.DispatcherServlet        : GET "/api/classes/student-statistics/2", parameters={}
2025-09-19T22:03:57.530+05:30 DEBUG 15736 --- [Back_End] [http-nio-8080-exec-1] s.w.s.m.m.a.RequestMappingHandlerMapping : Mapped to com.ijse.gdse72.back_end.controller.ClassController#getStudentClassStatistics(Long)
2025-09-19T22:03:57.550+05:30 DEBUG 15736 --- [Back_End] [http-nio-8080-exec-1] o.s.w.s.m.m.a.HttpEntityMethodProcessor  : Using 'application/json', given [*/*] and supported [application/json, application/*+json]
2025-09-19T22:03:57.551+05:30 DEBUG 15736 --- [Back_End] [http-nio-8080-exec-1] o.s.w.s.m.m.a.HttpEntityMethodProcessor  : Writing [com.ijse.gdse72.back_end.dto.ApiResponse@5b7e6228]
2025-09-19T22:03:57.552+05:30 DEBUG 15736 --- [Back_End] [http-nio-8080-exec-1] o.s.web.servlet.DispatcherServlet        : Completed 200 OK
2025-09-19T22:03:59.106+05:30 DEBUG 15736 --- [Back_End] [http-nio-8080-exec-2] o.s.web.servlet.DispatcherServlet        : GET "/ws-chat/info?t=1758299639060", parameters={masked}
2025-09-19T22:03:59.107+05:30 DEBUG 15736 --- [Back_End] [http-nio-8080-exec-2] o.s.w.s.s.s.WebSocketHandlerMapping      : Mapped to org.springframework.web.socket.sockjs.support.SockJsHttpRequestHandler@76700647
2025-09-19T22:03:59.111+05:30 DEBUG 15736 --- [Back_End] [http-nio-8080-exec-2] o.s.w.s.s.t.h.DefaultSockJsService       : Processing transport request: GET http://localhost:8080/ws-chat/info?t=1758299639060
2025-09-19T22:03:59.113+05:30 DEBUG 15736 --- [Back_End] [http-nio-8080-exec-2] o.s.web.servlet.DispatcherServlet        : Completed 200 OK
2025-09-19T22:03:59.114+05:30 DEBUG 15736 --- [Back_End] [http-nio-8080-exec-9] o.s.web.servlet.DispatcherServlet        : GET "/api/classes/2", parameters={}
2025-09-19T22:03:59.115+05:30 DEBUG 15736 --- [Back_End] [http-nio-8080-exec-9] s.w.s.m.m.a.RequestMappingHandlerMapping : Mapped to com.ijse.gdse72.back_end.controller.ClassController#getClassById(Long)
2025-09-19T22:03:59.121+05:30 DEBUG 15736 --- [Back_End] [http-nio-8080-exec-4] o.s.web.servlet.DispatcherServlet        : GET "/ws-chat/614/p103ivnm/websocket", parameters={}
2025-09-19T22:03:59.121+05:30 DEBUG 15736 --- [Back_End] [http-nio-8080-exec-4] o.s.w.s.s.s.WebSocketHandlerMapping      : Mapped to org.springframework.web.socket.sockjs.support.SockJsHttpRequestHandler@76700647
2025-09-19T22:03:59.122+05:30 DEBUG 15736 --- [Back_End] [http-nio-8080-exec-4] o.s.w.s.s.t.h.DefaultSockJsService       : Processing transport request: GET http://localhost:8080/ws-chat/614/p103ivnm/websocket
2025-09-19T22:03:59.131+05:30 DEBUG 15736 --- [Back_End] [http-nio-8080-exec-9] o.s.w.s.m.m.a.HttpEntityMethodProcessor  : Using 'application/json', given [*/*] and supported [application/json, application/*+json]
2025-09-19T22:03:59.131+05:30 DEBUG 15736 --- [Back_End] [http-nio-8080-exec-9] o.s.w.s.m.m.a.HttpEntityMethodProcessor  : Writing [com.ijse.gdse72.back_end.dto.ApiResponse@35fe5f1a]
2025-09-19T22:03:59.133+05:30 DEBUG 15736 --- [Back_End] [http-nio-8080-exec-9] o.s.web.servlet.DispatcherServlet        : Completed 200 OK
2025-09-19T22:03:59.148+05:30 DEBUG 15736 --- [Back_End] [http-nio-8080-exec-7] o.s.web.servlet.DispatcherServlet        : GET "/api/classes/2", parameters={}
2025-09-19T22:03:59.149+05:30 DEBUG 15736 --- [Back_End] [http-nio-8080-exec-7] s.w.s.m.m.a.RequestMappingHandlerMapping : Mapped to com.ijse.gdse72.back_end.controller.ClassController#getClassById(Long)
2025-09-19T22:03:59.161+05:30 DEBUG 15736 --- [Back_End] [http-nio-8080-exec-7] o.s.w.s.m.m.a.HttpEntityMethodProcessor  : Using 'application/json', given [*/*] and supported [application/json, application/*+json]
2025-09-19T22:03:59.161+05:30 DEBUG 15736 --- [Back_End] [http-nio-8080-exec-7] o.s.w.s.m.m.a.HttpEntityMethodProcessor  : Writing [com.ijse.gdse72.back_end.dto.ApiResponse@4e3c38a4]
2025-09-19T22:03:59.163+05:30 DEBUG 15736 --- [Back_End] [http-nio-8080-exec-7] o.s.web.servlet.DispatcherServlet        : Completed 200 OK
2025-09-19T22:03:59.169+05:30 DEBUG 15736 --- [Back_End] [http-nio-8080-exec-4] o.s.web.servlet.DispatcherServlet        : Completed 101 SWITCHING_PROTOCOLS
2025-09-19T22:03:59.183+05:30 DEBUG 15736 --- [Back_End] [http-nio-8080-exec-10] o.s.web.servlet.DispatcherServlet        : GET "/api/classes/2/users", parameters={}
2025-09-19T22:03:59.184+05:30 DEBUG 15736 --- [Back_End] [http-nio-8080-exec-10] s.w.s.m.m.a.RequestMappingHandlerMapping : Mapped to com.ijse.gdse72.back_end.controller.ClassController#getUsersByClass(Long)
2025-09-19T22:03:59.187+05:30 DEBUG 15736 --- [Back_End] [http-nio-8080-exec-4] s.w.s.h.LoggingWebSocketHandlerDecorator : New WebSocketServerSockJsSession[id=p103ivnm]
2025-09-19T22:03:59.197+05:30 DEBUG 15736 --- [Back_End] [http-nio-8080-exec-10] o.s.w.s.m.m.a.HttpEntityMethodProcessor  : Using 'application/json', given [*/*] and supported [application/json, application/*+json]
2025-09-19T22:03:59.197+05:30 DEBUG 15736 --- [Back_End] [http-nio-8080-exec-10] o.s.w.s.m.m.a.HttpEntityMethodProcessor  : Writing [com.ijse.gdse72.back_end.dto.ApiResponse@3a8c44a4]
2025-09-19T22:03:59.200+05:30 DEBUG 15736 --- [Back_End] [http-nio-8080-exec-10] o.s.web.servlet.DispatcherServlet        : Completed 200 OK
2025-09-19T22:03:59.221+05:30 DEBUG 15736 --- [Back_End] [clientInboundChannel-2] org.springframework.web.SimpLogging      : Processing CONNECT session=p103ivnm
2025-09-19T22:03:59.239+05:30 DEBUG 15736 --- [Back_End] [clientInboundChannel-6] org.springframework.web.SimpLogging      : Processing SUBSCRIBE destination=/topic/messages-userp103ivnm subscriptionId=sub-0 session=p103ivnm payload=byte[0]
2025-09-19T22:05:35.691+05:30  INFO 15736 --- [Back_End] [SpringApplicationShutdownHook] o.s.b.w.e.tomcat.GracefulShutdown        : Commencing graceful shutdown. Waiting for active requests to complete
2025-09-19T22:05:35.701+05:30  INFO 15736 --- [Back_End] [tomcat-shutdown] o.s.b.w.e.tomcat.GracefulShutdown        : Graceful shutdown complete
2025-09-19T22:05:35.707+05:30 DEBUG 15736 --- [Back_End] [SpringApplicationShutdownHook] org.springframework.web.SimpLogging      : clientOutboundChannel removed SubProtocolWebSocketHandler[StompSubProtocolHandler[v10.stomp, v11.stomp, v12.stomp]]
2025-09-19T22:05:35.708+05:30 DEBUG 15736 --- [Back_End] [SpringApplicationShutdownHook] s.w.s.s.t.s.WebSocketServerSockJsSession : Closing SockJS session p103ivnm with CloseStatus[code=1001, reason=null]
2025-09-19T22:05:35.710+05:30 DEBUG 15736 --- [Back_End] [SpringApplicationShutdownHook] s.w.s.h.LoggingWebSocketHandlerDecorator : Transport error in WebSocketServerSockJsSession[id=p103ivnm]

java.io.IOException: java.nio.channels.ClosedChannelException
	at org.apache.tomcat.websocket.WsRemoteEndpointImplBase.sendMessageBlockInternal(WsRemoteEndpointImplBase.java:326) ~[tomcat-embed-websocket-10.1.44.jar:10.1.44]
	at org.apache.tomcat.websocket.WsRemoteEndpointImplBase.sendMessageBlock(WsRemoteEndpointImplBase.java:266) ~[tomcat-embed-websocket-10.1.44.jar:10.1.44]
	at org.apache.tomcat.websocket.WsSession.sendCloseMessage(WsSession.java:778) ~[tomcat-embed-websocket-10.1.44.jar:10.1.44]
	at org.apache.tomcat.websocket.WsSession.doClose(WsSession.java:575) ~[tomcat-embed-websocket-10.1.44.jar:10.1.44]
	at org.apache.tomcat.websocket.WsRemoteEndpointImplBase.sendMessageBlockInternal(WsRemoteEndpointImplBase.java:324) ~[tomcat-embed-websocket-10.1.44.jar:10.1.44]
	at org.apache.tomcat.websocket.WsRemoteEndpointImplBase.sendMessageBlock(WsRemoteEndpointImplBase.java:266) ~[tomcat-embed-websocket-10.1.44.jar:10.1.44]
	at org.apache.tomcat.websocket.WsRemoteEndpointImplBase.sendMessageBlock(WsRemoteEndpointImplBase.java:250) ~[tomcat-embed-websocket-10.1.44.jar:10.1.44]
	at org.apache.tomcat.websocket.WsRemoteEndpointImplBase.sendPartialString(WsRemoteEndpointImplBase.java:223) ~[tomcat-embed-websocket-10.1.44.jar:10.1.44]
	at org.apache.tomcat.websocket.WsRemoteEndpointBasic.sendText(WsRemoteEndpointBasic.java:48) ~[tomcat-embed-websocket-10.1.44.jar:10.1.44]
	at org.springframework.web.socket.adapter.standard.StandardWebSocketSession.sendTextMessage(StandardWebSocketSession.java:217) ~[spring-websocket-6.2.10.jar:6.2.10]
	at org.springframework.web.socket.adapter.AbstractWebSocketSession.sendMessage(AbstractWebSocketSession.java:108) ~[spring-websocket-6.2.10.jar:6.2.10]
	at org.springframework.web.socket.sockjs.transport.session.WebSocketServerSockJsSession.writeFrameInternal(WebSocketServerSockJsSession.java:228) ~[spring-websocket-6.2.10.jar:6.2.10]
	at org.springframework.web.socket.sockjs.transport.session.AbstractSockJsSession.close(AbstractSockJsSession.java:188) ~[spring-websocket-6.2.10.jar:6.2.10]
	at org.springframework.web.socket.handler.WebSocketSessionDecorator.close(WebSocketSessionDecorator.java:164) ~[spring-websocket-6.2.10.jar:6.2.10]
	at org.springframework.web.socket.handler.ConcurrentWebSocketSessionDecorator.close(ConcurrentWebSocketSessionDecorator.java:279) ~[spring-websocket-6.2.10.jar:6.2.10]
	at org.springframework.web.socket.messaging.SubProtocolWebSocketHandler.stop(SubProtocolWebSocketHandler.java:308) ~[spring-websocket-6.2.10.jar:6.2.10]
	at org.springframework.web.socket.messaging.SubProtocolWebSocketHandler.stop(SubProtocolWebSocketHandler.java:321) ~[spring-websocket-6.2.10.jar:6.2.10]
	at org.springframework.context.support.DefaultLifecycleProcessor.doStop(DefaultLifecycleProcessor.java:463) ~[spring-context-6.2.10.jar:6.2.10]
	at org.springframework.context.support.DefaultLifecycleProcessor$LifecycleGroup.stop(DefaultLifecycleProcessor.java:618) ~[spring-context-6.2.10.jar:6.2.10]
	at java.base/java.lang.Iterable.forEach(Iterable.java:75) ~[na:na]
	at org.springframework.context.support.DefaultLifecycleProcessor.stopBeans(DefaultLifecycleProcessor.java:432) ~[spring-context-6.2.10.jar:6.2.10]
	at org.springframework.context.support.DefaultLifecycleProcessor.onClose(DefaultLifecycleProcessor.java:323) ~[spring-context-6.2.10.jar:6.2.10]
	at org.springframework.context.support.AbstractApplicationContext.doClose(AbstractApplicationContext.java:1172) ~[spring-context-6.2.10.jar:6.2.10]
	at org.springframework.boot.web.servlet.context.ServletWebServerApplicationContext.doClose(ServletWebServerApplicationContext.java:179) ~[spring-boot-3.5.5.jar:3.5.5]
	at org.springframework.context.support.AbstractApplicationContext.close(AbstractApplicationContext.java:1126) ~[spring-context-6.2.10.jar:6.2.10]
	at org.springframework.boot.SpringApplicationShutdownHook.closeAndWait(SpringApplicationShutdownHook.java:147) ~[spring-boot-3.5.5.jar:3.5.5]
	at java.base/java.lang.Iterable.forEach(Iterable.java:75) ~[na:na]
	at org.springframework.boot.SpringApplicationShutdownHook.run(SpringApplicationShutdownHook.java:116) ~[spring-boot-3.5.5.jar:3.5.5]
	at java.base/java.lang.Thread.run(Thread.java:1583) ~[na:na]
Caused by: java.nio.channels.ClosedChannelException: null
	at org.apache.tomcat.util.net.NioChannel$1.write(NioChannel.java:282) ~[tomcat-embed-core-10.1.44.jar:10.1.44]
	at org.apache.tomcat.util.net.NioEndpoint$NioSocketWrapper$NioOperationState.run(NioEndpoint.java:1665) ~[tomcat-embed-core-10.1.44.jar:10.1.44]
	at org.apache.tomcat.util.net.SocketWrapperBase$OperationState.start(SocketWrapperBase.java:987) ~[tomcat-embed-core-10.1.44.jar:10.1.44]
	at org.apache.tomcat.util.net.SocketWrapperBase.vectoredOperation(SocketWrapperBase.java:1358) ~[tomcat-embed-core-10.1.44.jar:10.1.44]
	at org.apache.tomcat.util.net.SocketWrapperBase.write(SocketWrapperBase.java:1287) ~[tomcat-embed-core-10.1.44.jar:10.1.44]
	at org.apache.tomcat.util.net.SocketWrapperBase.write(SocketWrapperBase.java:1262) ~[tomcat-embed-core-10.1.44.jar:10.1.44]
	at org.apache.tomcat.websocket.server.WsRemoteEndpointImplServer.doWrite(WsRemoteEndpointImplServer.java:171) ~[tomcat-embed-websocket-10.1.44.jar:10.1.44]
	at org.apache.tomcat.websocket.WsRemoteEndpointImplBase.writeMessagePart(WsRemoteEndpointImplBase.java:521) ~[tomcat-embed-websocket-10.1.44.jar:10.1.44]
	at org.apache.tomcat.websocket.WsRemoteEndpointImplBase.sendMessageBlockInternal(WsRemoteEndpointImplBase.java:313) ~[tomcat-embed-websocket-10.1.44.jar:10.1.44]
	... 24 common frames omitted

2025-09-19T22:05:35.718+05:30 DEBUG 15736 --- [Back_End] [SpringApplicationShutdownHook] s.w.s.s.t.s.WebSocketServerSockJsSession : Failure while sending SockJS close frame

java.io.IOException: java.nio.channels.ClosedChannelException
	at org.apache.tomcat.websocket.WsRemoteEndpointImplBase.sendMessageBlockInternal(WsRemoteEndpointImplBase.java:326) ~[tomcat-embed-websocket-10.1.44.jar:10.1.44]
	at org.apache.tomcat.websocket.WsRemoteEndpointImplBase.sendMessageBlock(WsRemoteEndpointImplBase.java:266) ~[tomcat-embed-websocket-10.1.44.jar:10.1.44]
	at org.apache.tomcat.websocket.WsRemoteEndpointImplBase.sendMessageBlock(WsRemoteEndpointImplBase.java:250) ~[tomcat-embed-websocket-10.1.44.jar:10.1.44]
	at org.apache.tomcat.websocket.WsRemoteEndpointImplBase.sendPartialString(WsRemoteEndpointImplBase.java:223) ~[tomcat-embed-websocket-10.1.44.jar:10.1.44]
	at org.apache.tomcat.websocket.WsRemoteEndpointBasic.sendText(WsRemoteEndpointBasic.java:48) ~[tomcat-embed-websocket-10.1.44.jar:10.1.44]
	at org.springframework.web.socket.adapter.standard.StandardWebSocketSession.sendTextMessage(StandardWebSocketSession.java:217) ~[spring-websocket-6.2.10.jar:6.2.10]
	at org.springframework.web.socket.adapter.AbstractWebSocketSession.sendMessage(AbstractWebSocketSession.java:108) ~[spring-websocket-6.2.10.jar:6.2.10]
	at org.springframework.web.socket.sockjs.transport.session.WebSocketServerSockJsSession.writeFrameInternal(WebSocketServerSockJsSession.java:228) ~[spring-websocket-6.2.10.jar:6.2.10]
	at org.springframework.web.socket.sockjs.transport.session.AbstractSockJsSession.close(AbstractSockJsSession.java:188) ~[spring-websocket-6.2.10.jar:6.2.10]
	at org.springframework.web.socket.handler.WebSocketSessionDecorator.close(WebSocketSessionDecorator.java:164) ~[spring-websocket-6.2.10.jar:6.2.10]
	at org.springframework.web.socket.handler.ConcurrentWebSocketSessionDecorator.close(ConcurrentWebSocketSessionDecorator.java:279) ~[spring-websocket-6.2.10.jar:6.2.10]
	at org.springframework.web.socket.messaging.SubProtocolWebSocketHandler.stop(SubProtocolWebSocketHandler.java:308) ~[spring-websocket-6.2.10.jar:6.2.10]
	at org.springframework.web.socket.messaging.SubProtocolWebSocketHandler.stop(SubProtocolWebSocketHandler.java:321) ~[spring-websocket-6.2.10.jar:6.2.10]
	at org.springframework.context.support.DefaultLifecycleProcessor.doStop(DefaultLifecycleProcessor.java:463) ~[spring-context-6.2.10.jar:6.2.10]
	at org.springframework.context.support.DefaultLifecycleProcessor$LifecycleGroup.stop(DefaultLifecycleProcessor.java:618) ~[spring-context-6.2.10.jar:6.2.10]
	at java.base/java.lang.Iterable.forEach(Iterable.java:75) ~[na:na]
	at org.springframework.context.support.DefaultLifecycleProcessor.stopBeans(DefaultLifecycleProcessor.java:432) ~[spring-context-6.2.10.jar:6.2.10]
	at org.springframework.context.support.DefaultLifecycleProcessor.onClose(DefaultLifecycleProcessor.java:323) ~[spring-context-6.2.10.jar:6.2.10]
	at org.springframework.context.support.AbstractApplicationContext.doClose(AbstractApplicationContext.java:1172) ~[spring-context-6.2.10.jar:6.2.10]
	at org.springframework.boot.web.servlet.context.ServletWebServerApplicationContext.doClose(ServletWebServerApplicationContext.java:179) ~[spring-boot-3.5.5.jar:3.5.5]
	at org.springframework.context.support.AbstractApplicationContext.close(AbstractApplicationContext.java:1126) ~[spring-context-6.2.10.jar:6.2.10]
	at org.springframework.boot.SpringApplicationShutdownHook.closeAndWait(SpringApplicationShutdownHook.java:147) ~[spring-boot-3.5.5.jar:3.5.5]
	at java.base/java.lang.Iterable.forEach(Iterable.java:75) ~[na:na]
	at org.springframework.boot.SpringApplicationShutdownHook.run(SpringApplicationShutdownHook.java:116) ~[spring-boot-3.5.5.jar:3.5.5]
	at java.base/java.lang.Thread.run(Thread.java:1583) ~[na:na]
Caused by: java.nio.channels.ClosedChannelException: null
	at org.apache.tomcat.util.net.NioChannel$1.write(NioChannel.java:282) ~[tomcat-embed-core-10.1.44.jar:10.1.44]
	at org.apache.tomcat.util.net.NioEndpoint$NioSocketWrapper$NioOperationState.run(NioEndpoint.java:1665) ~[tomcat-embed-core-10.1.44.jar:10.1.44]
	at org.apache.tomcat.util.net.SocketWrapperBase$OperationState.start(SocketWrapperBase.java:987) ~[tomcat-embed-core-10.1.44.jar:10.1.44]
	at org.apache.tomcat.util.net.SocketWrapperBase.vectoredOperation(SocketWrapperBase.java:1358) ~[tomcat-embed-core-10.1.44.jar:10.1.44]
	at org.apache.tomcat.util.net.SocketWrapperBase.write(SocketWrapperBase.java:1287) ~[tomcat-embed-core-10.1.44.jar:10.1.44]
	at org.apache.tomcat.util.net.SocketWrapperBase.write(SocketWrapperBase.java:1262) ~[tomcat-embed-core-10.1.44.jar:10.1.44]
	at org.apache.tomcat.websocket.server.WsRemoteEndpointImplServer.doWrite(WsRemoteEndpointImplServer.java:171) ~[tomcat-embed-websocket-10.1.44.jar:10.1.44]
	at org.apache.tomcat.websocket.WsRemoteEndpointImplBase.writeMessagePart(WsRemoteEndpointImplBase.java:521) ~[tomcat-embed-websocket-10.1.44.jar:10.1.44]
	at org.apache.tomcat.websocket.WsRemoteEndpointImplBase.sendMessageBlockInternal(WsRemoteEndpointImplBase.java:313) ~[tomcat-embed-websocket-10.1.44.jar:10.1.44]
	... 24 common frames omitted

2025-09-19T22:05:35.720+05:30 DEBUG 15736 --- [Back_End] [SpringApplicationShutdownHook] s.w.s.h.LoggingWebSocketHandlerDecorator : WebSocketServerSockJsSession[id=p103ivnm] closed with CloseStatus[code=1001, reason=null]
2025-09-19T22:05:35.720+05:30 DEBUG 15736 --- [Back_End] [SpringApplicationShutdownHook] o.s.w.s.m.SubProtocolWebSocketHandler    : Clearing session p103ivnm
2025-09-19T22:05:35.722+05:30 DEBUG 15736 --- [Back_End] [clientInboundChannel-8] org.springframework.web.SimpLogging      : Processing DISCONNECT session=p103ivnm
2025-09-19T22:05:35.722+05:30 DEBUG 15736 --- [Back_End] [SpringApplicationShutdownHook] org.springframework.web.SimpLogging      : clientInboundChannel removed WebSocketAnnotationMethodMessageHandler[prefixes=[/app/]]
2025-09-19T22:05:35.722+05:30  INFO 15736 --- [Back_End] [SpringApplicationShutdownHook] o.s.m.s.b.SimpleBrokerMessageHandler     : Stopping...
2025-09-19T22:05:35.722+05:30  INFO 15736 --- [Back_End] [SpringApplicationShutdownHook] o.s.m.s.b.SimpleBrokerMessageHandler     : BrokerAvailabilityEvent[available=false, SimpleBrokerMessageHandler [org.springframework.messaging.simp.broker.DefaultSubscriptionRegistry@30f8e8b2]]
2025-09-19T22:05:35.722+05:30 DEBUG 15736 --- [Back_End] [SpringApplicationShutdownHook] org.springframework.web.SimpLogging      : clientInboundChannel removed SimpleBrokerMessageHandler [org.springframework.messaging.simp.broker.DefaultSubscriptionRegistry@30f8e8b2]
2025-09-19T22:05:35.722+05:30 DEBUG 15736 --- [Back_End] [SpringApplicationShutdownHook] org.springframework.web.SimpLogging      : brokerChannel removed SimpleBrokerMessageHandler [org.springframework.messaging.simp.broker.DefaultSubscriptionRegistry@30f8e8b2]
2025-09-19T22:05:35.723+05:30  INFO 15736 --- [Back_End] [SpringApplicationShutdownHook] o.s.m.s.b.SimpleBrokerMessageHandler     : Stopped.
2025-09-19T22:05:35.723+05:30 DEBUG 15736 --- [Back_End] [SpringApplicationShutdownHook] org.springframework.web.SimpLogging      : clientInboundChannel removed UserDestinationMessageHandler[DefaultUserDestinationResolver[prefix=/user/]]
2025-09-19T22:05:35.723+05:30 DEBUG 15736 --- [Back_End] [SpringApplicationShutdownHook] org.springframework.web.SimpLogging      : brokerChannel removed UserDestinationMessageHandler[DefaultUserDestinationResolver[prefix=/user/]]
2025-09-19T22:05:35.728+05:30  INFO 15736 --- [Back_End] [SpringApplicationShutdownHook] j.LocalContainerEntityManagerFactoryBean : Closing JPA EntityManagerFactory for persistence unit 'default'
2025-09-19T22:05:35.732+05:30  INFO 15736 --- [Back_End] [SpringApplicationShutdownHook] com.zaxxer.hikari.HikariDataSource       : HikariPool-1 - Shutdown initiated...
2025-09-19T22:05:35.744+05:30  INFO 15736 --- [Back_End] [SpringApplicationShutdownHook] com.zaxxer.hikari.HikariDataSource       : HikariPool-1 - Shutdown completed.
2025-09-19T22:09:01.890+05:30  INFO 17528 --- [Back_End] [main] com.ijse.gdse72.back_end.Application     : Starting Application using Java 21.0.5 with PID 17528 (E:\AAD\FINAL_PROJECT\LearnLoop\Back_End\target\classes started by Asus in E:\AAD\FINAL_PROJECT\LearnLoop)
2025-09-19T22:09:01.893+05:30  INFO 17528 --- [Back_End] [main] com.ijse.gdse72.back_end.Application     : No active profile set, falling back to 1 default profile: "default"
2025-09-19T22:09:02.892+05:30  INFO 17528 --- [Back_End] [main] .s.d.r.c.RepositoryConfigurationDelegate : Bootstrapping Spring Data JPA repositories in DEFAULT mode.
2025-09-19T22:09:02.975+05:30  INFO 17528 --- [Back_End] [main] .s.d.r.c.RepositoryConfigurationDelegate : Finished Spring Data repository scanning in 74 ms. Found 5 JPA repository interfaces.
2025-09-19T22:09:03.696+05:30  INFO 17528 --- [Back_End] [main] o.s.b.w.embedded.tomcat.TomcatWebServer  : Tomcat initialized with port 8080 (http)
2025-09-19T22:09:03.713+05:30  INFO 17528 --- [Back_End] [main] o.apache.catalina.core.StandardService   : Starting service [Tomcat]
2025-09-19T22:09:03.713+05:30  INFO 17528 --- [Back_End] [main] o.apache.catalina.core.StandardEngine    : Starting Servlet engine: [Apache Tomcat/10.1.44]
2025-09-19T22:09:03.774+05:30  INFO 17528 --- [Back_End] [main] o.a.c.c.C.[Tomcat].[localhost].[/]       : Initializing Spring embedded WebApplicationContext
2025-09-19T22:09:03.774+05:30  INFO 17528 --- [Back_End] [main] w.s.c.ServletWebServerApplicationContext : Root WebApplicationContext: initialization completed in 1835 ms
2025-09-19T22:09:03.956+05:30  INFO 17528 --- [Back_End] [main] o.hibernate.jpa.internal.util.LogHelper  : HHH000204: Processing PersistenceUnitInfo [name: default]
2025-09-19T22:09:04.027+05:30  INFO 17528 --- [Back_End] [main] org.hibernate.Version                    : HHH000412: Hibernate ORM core version 6.6.26.Final
2025-09-19T22:09:04.087+05:30  INFO 17528 --- [Back_End] [main] o.h.c.internal.RegionFactoryInitiator    : HHH000026: Second-level cache disabled
2025-09-19T22:09:04.403+05:30  INFO 17528 --- [Back_End] [main] o.s.o.j.p.SpringPersistenceUnitInfo      : No LoadTimeWeaver setup: ignoring JPA class transformer
2025-09-19T22:09:04.437+05:30  INFO 17528 --- [Back_End] [main] com.zaxxer.hikari.HikariDataSource       : HikariPool-1 - Starting...
2025-09-19T22:09:04.850+05:30  INFO 17528 --- [Back_End] [main] com.zaxxer.hikari.pool.HikariPool        : HikariPool-1 - Added connection com.mysql.cj.jdbc.ConnectionImpl@2c0fefac
2025-09-19T22:09:04.853+05:30  INFO 17528 --- [Back_End] [main] com.zaxxer.hikari.HikariDataSource       : HikariPool-1 - Start completed.
2025-09-19T22:09:04.916+05:30  WARN 17528 --- [Back_End] [main] org.hibernate.orm.deprecation            : HHH90000025: MySQLDialect does not need to be specified explicitly using 'hibernate.dialect' (remove the property setting and it will be selected by default)
2025-09-19T22:09:04.934+05:30  INFO 17528 --- [Back_End] [main] org.hibernate.orm.connections.pooling    : HHH10001005: Database info:
	Database JDBC URL [Connecting through datasource 'HikariDataSource (HikariPool-1)']
	Database driver: undefined/unknown
	Database version: 8.0.39
	Autocommit mode: undefined/unknown
	Isolation level: undefined/unknown
	Minimum pool size: undefined/unknown
	Maximum pool size: undefined/unknown
2025-09-19T22:09:06.118+05:30  INFO 17528 --- [Back_End] [main] o.h.e.t.j.p.i.JtaPlatformInitiator       : HHH000489: No JTA platform available (set 'hibernate.transaction.jta.platform' to enable JTA platform integration)
2025-09-19T22:09:06.260+05:30  INFO 17528 --- [Back_End] [main] j.LocalContainerEntityManagerFactoryBean : Initialized JPA EntityManagerFactory for persistence unit 'default'
2025-09-19T22:09:06.748+05:30  INFO 17528 --- [Back_End] [main] o.s.d.j.r.query.QueryEnhancerFactory     : Hibernate is in classpath; If applicable, HQL parser will be used.
2025-09-19T22:09:08.124+05:30  WARN 17528 --- [Back_End] [main] JpaBaseConfiguration$JpaWebConfiguration : spring.jpa.open-in-view is enabled by default. Therefore, database queries may be performed during view rendering. Explicitly configure spring.jpa.open-in-view to disable this warning
2025-09-19T22:09:08.174+05:30  INFO 17528 --- [Back_End] [main] eAuthenticationProviderManagerConfigurer : Global AuthenticationManager configured with AuthenticationProvider bean with name authenticationProvider
2025-09-19T22:09:08.174+05:30  WARN 17528 --- [Back_End] [main] r$InitializeUserDetailsManagerConfigurer : Global AuthenticationManager configured with an AuthenticationProvider bean. UserDetailsService beans will not be used by Spring Security for automatically configuring username/password login. Consider removing the AuthenticationProvider bean. Alternatively, consider using the UserDetailsService in a manually instantiated DaoAuthenticationProvider. If the current configuration is intentional, to turn off this warning, increase the logging level of 'org.springframework.security.config.annotation.authentication.configuration.InitializeUserDetailsBeanManagerConfigurer' to ERROR
2025-09-19T22:09:08.330+05:30 DEBUG 17528 --- [Back_End] [main] o.s.w.s.s.s.WebSocketHandlerMapping      : Patterns [/ws-chat/**] in 'stompWebSocketHandlerMapping'
2025-09-19T22:09:08.430+05:30 DEBUG 17528 --- [Back_End] [main] s.w.s.m.m.a.RequestMappingHandlerMapping : 31 mappings in 'requestMappingHandlerMapping'
2025-09-19T22:09:08.490+05:30 DEBUG 17528 --- [Back_End] [main] o.s.w.s.handler.SimpleUrlHandlerMapping  : Patterns [/webjars/**, /**, /uploads/**] in 'resourceHandlerMapping'
2025-09-19T22:09:08.605+05:30 DEBUG 17528 --- [Back_End] [main] .WebSocketAnnotationMethodMessageHandler : 
	c.i.g.b.c.AssignmentController:
	
2025-09-19T22:09:08.605+05:30 DEBUG 17528 --- [Back_End] [main] .WebSocketAnnotationMethodMessageHandler : 
	c.i.g.b.c.AuthController:
	
2025-09-19T22:09:08.609+05:30 DEBUG 17528 --- [Back_End] [main] .WebSocketAnnotationMethodMessageHandler : 
	c.i.g.b.c.ChatController:
	{[MESSAGE],[/sendMessage]}: sendMessage(ChatMessageDTO)
2025-09-19T22:09:08.609+05:30 DEBUG 17528 --- [Back_End] [main] .WebSocketAnnotationMethodMessageHandler : 
	c.i.g.b.c.ClassController:
	
2025-09-19T22:09:08.610+05:30 DEBUG 17528 --- [Back_End] [main] .WebSocketAnnotationMethodMessageHandler : 
	c.i.g.b.c.DocumentController:
	
2025-09-19T22:09:08.610+05:30 DEBUG 17528 --- [Back_End] [main] .WebSocketAnnotationMethodMessageHandler : 
	c.i.g.b.c.FileController:
	
2025-09-19T22:09:08.610+05:30 DEBUG 17528 --- [Back_End] [main] .WebSocketAnnotationMethodMessageHandler : 
	o.s.b.a.w.s.e.BasicErrorController:
	
2025-09-19T22:09:08.721+05:30 DEBUG 17528 --- [Back_End] [main] s.w.s.m.m.a.RequestMappingHandlerAdapter : ControllerAdvice beans: 0 @ModelAttribute, 0 @InitBinder, 1 RequestBodyAdvice, 1 ResponseBodyAdvice
2025-09-19T22:09:08.789+05:30 DEBUG 17528 --- [Back_End] [main] .m.m.a.ExceptionHandlerExceptionResolver : ControllerAdvice beans: 1 @ExceptionHandler, 1 ResponseBodyAdvice
2025-09-19T22:09:09.009+05:30 DEBUG 17528 --- [Back_End] [main] org.springframework.web.SimpLogging      : clientOutboundChannel added SubProtocolWebSocketHandler[StompSubProtocolHandler[v10.stomp, v11.stomp, v12.stomp]]
2025-09-19T22:09:09.009+05:30 DEBUG 17528 --- [Back_End] [main] org.springframework.web.SimpLogging      : clientInboundChannel added WebSocketAnnotationMethodMessageHandler[prefixes=[/app/]]
2025-09-19T22:09:09.010+05:30  INFO 17528 --- [Back_End] [main] o.s.m.s.b.SimpleBrokerMessageHandler     : Starting...
2025-09-19T22:09:09.010+05:30 DEBUG 17528 --- [Back_End] [main] org.springframework.web.SimpLogging      : clientInboundChannel added SimpleBrokerMessageHandler [org.springframework.messaging.simp.broker.DefaultSubscriptionRegistry@767ab988]
2025-09-19T22:09:09.010+05:30 DEBUG 17528 --- [Back_End] [main] org.springframework.web.SimpLogging      : brokerChannel added SimpleBrokerMessageHandler [org.springframework.messaging.simp.broker.DefaultSubscriptionRegistry@767ab988]
2025-09-19T22:09:09.010+05:30  INFO 17528 --- [Back_End] [main] o.s.m.s.b.SimpleBrokerMessageHandler     : BrokerAvailabilityEvent[available=true, SimpleBrokerMessageHandler [org.springframework.messaging.simp.broker.DefaultSubscriptionRegistry@767ab988]]
2025-09-19T22:09:09.011+05:30  INFO 17528 --- [Back_End] [main] o.s.m.s.b.SimpleBrokerMessageHandler     : Started.
2025-09-19T22:09:09.012+05:30 DEBUG 17528 --- [Back_End] [main] org.springframework.web.SimpLogging      : clientInboundChannel added UserDestinationMessageHandler[DefaultUserDestinationResolver[prefix=/user/]]
2025-09-19T22:09:09.012+05:30 DEBUG 17528 --- [Back_End] [main] org.springframework.web.SimpLogging      : brokerChannel added UserDestinationMessageHandler[DefaultUserDestinationResolver[prefix=/user/]]
2025-09-19T22:09:09.038+05:30  INFO 17528 --- [Back_End] [main] o.s.b.w.embedded.tomcat.TomcatWebServer  : Tomcat started on port 8080 (http) with context path '/'
2025-09-19T22:09:09.045+05:30  INFO 17528 --- [Back_End] [main] com.ijse.gdse72.back_end.Application     : Started Application in 7.695 seconds (process running for 8.465)
2025-09-19T22:09:24.800+05:30  INFO 17528 --- [Back_End] [http-nio-8080-exec-1] o.a.c.c.C.[Tomcat].[localhost].[/]       : Initializing Spring DispatcherServlet 'dispatcherServlet'
2025-09-19T22:09:24.800+05:30  INFO 17528 --- [Back_End] [http-nio-8080-exec-1] o.s.web.servlet.DispatcherServlet        : Initializing Servlet 'dispatcherServlet'
2025-09-19T22:09:24.801+05:30 DEBUG 17528 --- [Back_End] [http-nio-8080-exec-1] o.s.web.servlet.DispatcherServlet        : Detected StandardServletMultipartResolver
2025-09-19T22:09:24.801+05:30 DEBUG 17528 --- [Back_End] [http-nio-8080-exec-1] o.s.web.servlet.DispatcherServlet        : Detected AcceptHeaderLocaleResolver
2025-09-19T22:09:24.801+05:30 DEBUG 17528 --- [Back_End] [http-nio-8080-exec-1] o.s.web.servlet.DispatcherServlet        : Detected FixedThemeResolver
2025-09-19T22:09:24.802+05:30 DEBUG 17528 --- [Back_End] [http-nio-8080-exec-1] o.s.web.servlet.DispatcherServlet        : Detected org.springframework.web.servlet.view.DefaultRequestToViewNameTranslator@10117005
2025-09-19T22:09:24.803+05:30 DEBUG 17528 --- [Back_End] [http-nio-8080-exec-1] o.s.web.servlet.DispatcherServlet        : Detected org.springframework.web.servlet.support.SessionFlashMapManager@343418b2
2025-09-19T22:09:24.803+05:30 DEBUG 17528 --- [Back_End] [http-nio-8080-exec-1] o.s.web.servlet.DispatcherServlet        : enableLoggingRequestDetails='false': request parameters and headers will be masked to prevent unsafe logging of potentially sensitive data
2025-09-19T22:09:24.803+05:30  INFO 17528 --- [Back_End] [http-nio-8080-exec-1] o.s.web.servlet.DispatcherServlet        : Completed initialization in 3 ms
2025-09-19T22:09:24.880+05:30 DEBUG 17528 --- [Back_End] [http-nio-8080-exec-3] o.s.web.servlet.DispatcherServlet        : POST "/auth/login", parameters={}
2025-09-19T22:09:24.883+05:30 DEBUG 17528 --- [Back_End] [http-nio-8080-exec-3] s.w.s.m.m.a.RequestMappingHandlerMapping : Mapped to com.ijse.gdse72.back_end.controller.AuthController#login(AuthDTO)
2025-09-19T22:09:24.970+05:30 DEBUG 17528 --- [Back_End] [http-nio-8080-exec-3] m.m.a.RequestResponseBodyMethodProcessor : Read "application/json;charset=UTF-8" to [com.ijse.gdse72.back_end.dto.AuthDTO@763a23b6]
2025-09-19T22:09:25.287+05:30 DEBUG 17528 --- [Back_End] [http-nio-8080-exec-3] o.s.w.s.m.m.a.HttpEntityMethodProcessor  : Using 'application/json', given [*/*] and supported [application/json, application/*+json]
2025-09-19T22:09:25.288+05:30 DEBUG 17528 --- [Back_End] [http-nio-8080-exec-3] o.s.w.s.m.m.a.HttpEntityMethodProcessor  : Writing [com.ijse.gdse72.back_end.dto.ApiResponse@36c5d772]
2025-09-19T22:09:25.300+05:30 DEBUG 17528 --- [Back_End] [http-nio-8080-exec-3] o.s.web.servlet.DispatcherServlet        : Completed 200 OK
2025-09-19T22:09:26.476+05:30 DEBUG 17528 --- [Back_End] [http-nio-8080-exec-2] o.s.web.servlet.DispatcherServlet        : GET "/auth/user/1", parameters={}
2025-09-19T22:09:26.477+05:30 DEBUG 17528 --- [Back_End] [http-nio-8080-exec-2] s.w.s.m.m.a.RequestMappingHandlerMapping : Mapped to com.ijse.gdse72.back_end.controller.AuthController#getUserById(Long)
2025-09-19T22:09:26.523+05:30 DEBUG 17528 --- [Back_End] [http-nio-8080-exec-2] o.s.w.s.m.m.a.HttpEntityMethodProcessor  : Using 'application/json', given [*/*] and supported [application/json, application/*+json]
2025-09-19T22:09:26.523+05:30 DEBUG 17528 --- [Back_End] [http-nio-8080-exec-2] o.s.w.s.m.m.a.HttpEntityMethodProcessor  : Writing [com.ijse.gdse72.back_end.dto.ApiResponse@1ba42478]
2025-09-19T22:09:26.531+05:30 DEBUG 17528 --- [Back_End] [http-nio-8080-exec-2] o.s.web.servlet.DispatcherServlet        : Completed 200 OK
2025-09-19T22:09:26.584+05:30 DEBUG 17528 --- [Back_End] [http-nio-8080-exec-6] o.s.web.servlet.DispatcherServlet        : GET "/api/classes/teacher/1", parameters={}
2025-09-19T22:09:26.585+05:30 DEBUG 17528 --- [Back_End] [http-nio-8080-exec-6] s.w.s.m.m.a.RequestMappingHandlerMapping : Mapped to com.ijse.gdse72.back_end.controller.ClassController#getClassesByTeacher(Long)
2025-09-19T22:09:26.586+05:30 DEBUG 17528 --- [Back_End] [http-nio-8080-exec-7] o.s.web.servlet.DispatcherServlet        : GET "/api/classes/statistics/1", parameters={}
2025-09-19T22:09:26.587+05:30 DEBUG 17528 --- [Back_End] [http-nio-8080-exec-7] s.w.s.m.m.a.RequestMappingHandlerMapping : Mapped to com.ijse.gdse72.back_end.controller.ClassController#getTeacherStatistics(Long)
2025-09-19T22:09:26.628+05:30 DEBUG 17528 --- [Back_End] [http-nio-8080-exec-6] o.s.w.s.m.m.a.HttpEntityMethodProcessor  : Using 'application/json', given [*/*] and supported [application/json, application/*+json]
2025-09-19T22:09:26.628+05:30 DEBUG 17528 --- [Back_End] [http-nio-8080-exec-6] o.s.w.s.m.m.a.HttpEntityMethodProcessor  : Writing [com.ijse.gdse72.back_end.dto.ApiResponse@3ddd2fc9]
2025-09-19T22:09:26.635+05:30 DEBUG 17528 --- [Back_End] [http-nio-8080-exec-6] o.s.web.servlet.DispatcherServlet        : Completed 200 OK
2025-09-19T22:09:26.649+05:30 DEBUG 17528 --- [Back_End] [http-nio-8080-exec-7] o.s.w.s.m.m.a.HttpEntityMethodProcessor  : Using 'application/json', given [*/*] and supported [application/json, application/*+json]
2025-09-19T22:09:26.650+05:30 DEBUG 17528 --- [Back_End] [http-nio-8080-exec-7] o.s.w.s.m.m.a.HttpEntityMethodProcessor  : Writing [com.ijse.gdse72.back_end.dto.ApiResponse@279fceb4]
2025-09-19T22:09:26.654+05:30 DEBUG 17528 --- [Back_End] [http-nio-8080-exec-7] o.s.web.servlet.DispatcherServlet        : Completed 200 OK
2025-09-19T22:09:26.957+05:30 DEBUG 17528 --- [Back_End] [http-nio-8080-exec-8] o.s.web.servlet.DispatcherServlet        : GET "/api/classes/statistics/1", parameters={}
2025-09-19T22:09:26.958+05:30 DEBUG 17528 --- [Back_End] [http-nio-8080-exec-8] s.w.s.m.m.a.RequestMappingHandlerMapping : Mapped to com.ijse.gdse72.back_end.controller.ClassController#getTeacherStatistics(Long)
2025-09-19T22:09:26.977+05:30 DEBUG 17528 --- [Back_End] [http-nio-8080-exec-8] o.s.w.s.m.m.a.HttpEntityMethodProcessor  : Using 'application/json', given [*/*] and supported [application/json, application/*+json]
2025-09-19T22:09:26.977+05:30 DEBUG 17528 --- [Back_End] [http-nio-8080-exec-8] o.s.w.s.m.m.a.HttpEntityMethodProcessor  : Writing [com.ijse.gdse72.back_end.dto.ApiResponse@24090320]
2025-09-19T22:09:26.978+05:30 DEBUG 17528 --- [Back_End] [http-nio-8080-exec-8] o.s.web.servlet.DispatcherServlet        : Completed 200 OK
2025-09-19T22:09:56.973+05:30 DEBUG 17528 --- [Back_End] [http-nio-8080-exec-10] o.s.web.servlet.DispatcherServlet        : GET "/api/classes/statistics/1", parameters={}
2025-09-19T22:09:56.974+05:30 DEBUG 17528 --- [Back_End] [http-nio-8080-exec-10] s.w.s.m.m.a.RequestMappingHandlerMapping : Mapped to com.ijse.gdse72.back_end.controller.ClassController#getTeacherStatistics(Long)
2025-09-19T22:09:56.993+05:30 DEBUG 17528 --- [Back_End] [http-nio-8080-exec-10] o.s.w.s.m.m.a.HttpEntityMethodProcessor  : Using 'application/json', given [*/*] and supported [application/json, application/*+json]
2025-09-19T22:09:56.994+05:30 DEBUG 17528 --- [Back_End] [http-nio-8080-exec-10] o.s.w.s.m.m.a.HttpEntityMethodProcessor  : Writing [com.ijse.gdse72.back_end.dto.ApiResponse@7a62ee7d]
2025-09-19T22:09:56.995+05:30 DEBUG 17528 --- [Back_End] [http-nio-8080-exec-10] o.s.web.servlet.DispatcherServlet        : Completed 200 OK
2025-09-19T22:10:09.010+05:30  INFO 17528 --- [Back_End] [MessageBroker-1] o.s.w.s.c.WebSocketMessageBrokerStats    : WebSocketSession[0 current WS(0)-HttpStream(0)-HttpPoll(0), 0 total, 0 closed abnormally (0 connect failure, 0 send limit, 0 transport error)], stompSubProtocol[processed CONNECT(0)-CONNECTED(0)-DISCONNECT(0)], stompBrokerRelay[null], inboundChannel[pool size = 0, active threads = 0, queued tasks = 0, completed tasks = 0], outboundChannel[pool size = 0, active threads = 0, queued tasks = 0, completed tasks = 0], sockJsScheduler[pool size = 1, active threads = 1, queued tasks = 0, completed tasks = 0]
2025-09-19T22:10:26.970+05:30 DEBUG 17528 --- [Back_End] [http-nio-8080-exec-3] o.s.web.servlet.DispatcherServlet        : GET "/api/classes/statistics/1", parameters={}
2025-09-19T22:10:26.971+05:30 DEBUG 17528 --- [Back_End] [http-nio-8080-exec-3] s.w.s.m.m.a.RequestMappingHandlerMapping : Mapped to com.ijse.gdse72.back_end.controller.ClassController#getTeacherStatistics(Long)
2025-09-19T22:10:26.991+05:30 DEBUG 17528 --- [Back_End] [http-nio-8080-exec-3] o.s.w.s.m.m.a.HttpEntityMethodProcessor  : Using 'application/json', given [*/*] and supported [application/json, application/*+json]
2025-09-19T22:10:26.991+05:30 DEBUG 17528 --- [Back_End] [http-nio-8080-exec-3] o.s.w.s.m.m.a.HttpEntityMethodProcessor  : Writing [com.ijse.gdse72.back_end.dto.ApiResponse@1ee6afc]
2025-09-19T22:10:26.992+05:30 DEBUG 17528 --- [Back_End] [http-nio-8080-exec-3] o.s.web.servlet.DispatcherServlet        : Completed 200 OK
2025-09-19T22:10:56.974+05:30 DEBUG 17528 --- [Back_End] [http-nio-8080-exec-7] o.s.web.servlet.DispatcherServlet        : GET "/api/classes/statistics/1", parameters={}
2025-09-19T22:10:56.975+05:30 DEBUG 17528 --- [Back_End] [http-nio-8080-exec-7] s.w.s.m.m.a.RequestMappingHandlerMapping : Mapped to com.ijse.gdse72.back_end.controller.ClassController#getTeacherStatistics(Long)
2025-09-19T22:10:56.992+05:30 DEBUG 17528 --- [Back_End] [http-nio-8080-exec-7] o.s.w.s.m.m.a.HttpEntityMethodProcessor  : Using 'application/json', given [*/*] and supported [application/json, application/*+json]
2025-09-19T22:10:56.992+05:30 DEBUG 17528 --- [Back_End] [http-nio-8080-exec-7] o.s.w.s.m.m.a.HttpEntityMethodProcessor  : Writing [com.ijse.gdse72.back_end.dto.ApiResponse@30cf3ec4]
2025-09-19T22:10:56.993+05:30 DEBUG 17528 --- [Back_End] [http-nio-8080-exec-7] o.s.web.servlet.DispatcherServlet        : Completed 200 OK
2025-09-19T22:11:26.978+05:30 DEBUG 17528 --- [Back_End] [http-nio-8080-exec-10] o.s.web.servlet.DispatcherServlet        : GET "/api/classes/statistics/1", parameters={}
2025-09-19T22:11:26.978+05:30 DEBUG 17528 --- [Back_End] [http-nio-8080-exec-10] s.w.s.m.m.a.RequestMappingHandlerMapping : Mapped to com.ijse.gdse72.back_end.controller.ClassController#getTeacherStatistics(Long)
2025-09-19T22:11:26.996+05:30 DEBUG 17528 --- [Back_End] [http-nio-8080-exec-10] o.s.w.s.m.m.a.HttpEntityMethodProcessor  : Using 'application/json', given [*/*] and supported [application/json, application/*+json]
2025-09-19T22:11:26.996+05:30 DEBUG 17528 --- [Back_End] [http-nio-8080-exec-10] o.s.w.s.m.m.a.HttpEntityMethodProcessor  : Writing [com.ijse.gdse72.back_end.dto.ApiResponse@7f4bbcf8]
2025-09-19T22:11:26.997+05:30 DEBUG 17528 --- [Back_End] [http-nio-8080-exec-10] o.s.web.servlet.DispatcherServlet        : Completed 200 OK
2025-09-19T22:11:37.534+05:30 DEBUG 17528 --- [Back_End] [http-nio-8080-exec-5] o.s.web.servlet.DispatcherServlet        : GET "/api/classes/teacher/1", parameters={}
2025-09-19T22:11:37.535+05:30 DEBUG 17528 --- [Back_End] [http-nio-8080-exec-5] s.w.s.m.m.a.RequestMappingHandlerMapping : Mapped to com.ijse.gdse72.back_end.controller.ClassController#getClassesByTeacher(Long)
2025-09-19T22:11:37.550+05:30 DEBUG 17528 --- [Back_End] [http-nio-8080-exec-5] o.s.w.s.m.m.a.HttpEntityMethodProcessor  : Using 'application/json', given [*/*] and supported [application/json, application/*+json]
2025-09-19T22:11:37.551+05:30 DEBUG 17528 --- [Back_End] [http-nio-8080-exec-5] o.s.w.s.m.m.a.HttpEntityMethodProcessor  : Writing [com.ijse.gdse72.back_end.dto.ApiResponse@27a92560]
2025-09-19T22:11:37.552+05:30 DEBUG 17528 --- [Back_End] [http-nio-8080-exec-5] o.s.web.servlet.DispatcherServlet        : Completed 200 OK
2025-09-19T22:11:40.920+05:30 DEBUG 17528 --- [Back_End] [http-nio-8080-exec-4] o.s.web.servlet.DispatcherServlet        : GET "/auth/user/1", parameters={}
2025-09-19T22:11:40.921+05:30 DEBUG 17528 --- [Back_End] [http-nio-8080-exec-4] s.w.s.m.m.a.RequestMappingHandlerMapping : Mapped to com.ijse.gdse72.back_end.controller.AuthController#getUserById(Long)
2025-09-19T22:11:40.933+05:30 DEBUG 17528 --- [Back_End] [http-nio-8080-exec-4] o.s.w.s.m.m.a.HttpEntityMethodProcessor  : Using 'application/json', given [*/*] and supported [application/json, application/*+json]
2025-09-19T22:11:40.934+05:30 DEBUG 17528 --- [Back_End] [http-nio-8080-exec-4] o.s.w.s.m.m.a.HttpEntityMethodProcessor  : Writing [com.ijse.gdse72.back_end.dto.ApiResponse@1fc853f4]
2025-09-19T22:11:40.937+05:30 DEBUG 17528 --- [Back_End] [http-nio-8080-exec-4] o.s.web.servlet.DispatcherServlet        : Completed 200 OK
2025-09-19T22:11:40.942+05:30 DEBUG 17528 --- [Back_End] [http-nio-8080-exec-2] o.s.web.servlet.DispatcherServlet        : GET "/api/classes/teacher/1", parameters={}
2025-09-19T22:11:40.943+05:30 DEBUG 17528 --- [Back_End] [http-nio-8080-exec-2] s.w.s.m.m.a.RequestMappingHandlerMapping : Mapped to com.ijse.gdse72.back_end.controller.ClassController#getClassesByTeacher(Long)
2025-09-19T22:11:40.959+05:30 DEBUG 17528 --- [Back_End] [http-nio-8080-exec-7] o.s.web.servlet.DispatcherServlet        : GET "/api/classes/statistics/1", parameters={}
2025-09-19T22:11:40.960+05:30 DEBUG 17528 --- [Back_End] [http-nio-8080-exec-7] s.w.s.m.m.a.RequestMappingHandlerMapping : Mapped to com.ijse.gdse72.back_end.controller.ClassController#getTeacherStatistics(Long)
2025-09-19T22:11:40.967+05:30 DEBUG 17528 --- [Back_End] [http-nio-8080-exec-2] o.s.w.s.m.m.a.HttpEntityMethodProcessor  : Using 'application/json', given [*/*] and supported [application/json, application/*+json]
2025-09-19T22:11:40.968+05:30 DEBUG 17528 --- [Back_End] [http-nio-8080-exec-2] o.s.w.s.m.m.a.HttpEntityMethodProcessor  : Writing [com.ijse.gdse72.back_end.dto.ApiResponse@241fecee]
2025-09-19T22:11:40.970+05:30 DEBUG 17528 --- [Back_End] [http-nio-8080-exec-2] o.s.web.servlet.DispatcherServlet        : Completed 200 OK
2025-09-19T22:11:40.985+05:30 DEBUG 17528 --- [Back_End] [http-nio-8080-exec-7] o.s.w.s.m.m.a.HttpEntityMethodProcessor  : Using 'application/json', given [*/*] and supported [application/json, application/*+json]
2025-09-19T22:11:40.985+05:30 DEBUG 17528 --- [Back_End] [http-nio-8080-exec-7] o.s.w.s.m.m.a.HttpEntityMethodProcessor  : Writing [com.ijse.gdse72.back_end.dto.ApiResponse@2c00e37]
2025-09-19T22:11:40.987+05:30 DEBUG 17528 --- [Back_End] [http-nio-8080-exec-7] o.s.web.servlet.DispatcherServlet        : Completed 200 OK
2025-09-19T22:11:41.432+05:30 DEBUG 17528 --- [Back_End] [http-nio-8080-exec-8] o.s.web.servlet.DispatcherServlet        : GET "/api/classes/statistics/1", parameters={}
2025-09-19T22:11:41.433+05:30 DEBUG 17528 --- [Back_End] [http-nio-8080-exec-8] s.w.s.m.m.a.RequestMappingHandlerMapping : Mapped to com.ijse.gdse72.back_end.controller.ClassController#getTeacherStatistics(Long)
2025-09-19T22:11:41.447+05:30 DEBUG 17528 --- [Back_End] [http-nio-8080-exec-8] o.s.w.s.m.m.a.HttpEntityMethodProcessor  : Using 'application/json', given [*/*] and supported [application/json, application/*+json]
2025-09-19T22:11:41.447+05:30 DEBUG 17528 --- [Back_End] [http-nio-8080-exec-8] o.s.w.s.m.m.a.HttpEntityMethodProcessor  : Writing [com.ijse.gdse72.back_end.dto.ApiResponse@607e60d0]
2025-09-19T22:11:41.449+05:30 DEBUG 17528 --- [Back_End] [http-nio-8080-exec-8] o.s.web.servlet.DispatcherServlet        : Completed 200 OK
2025-09-19T22:11:42.850+05:30 DEBUG 17528 --- [Back_End] [http-nio-8080-exec-6] o.s.web.servlet.DispatcherServlet        : GET "/api/classes/2", parameters={}
2025-09-19T22:11:42.850+05:30 DEBUG 17528 --- [Back_End] [http-nio-8080-exec-4] o.s.web.servlet.DispatcherServlet        : GET "/api/classes/2/users", parameters={}
2025-09-19T22:11:42.851+05:30 DEBUG 17528 --- [Back_End] [http-nio-8080-exec-6] s.w.s.m.m.a.RequestMappingHandlerMapping : Mapped to com.ijse.gdse72.back_end.controller.ClassController#getClassById(Long)
2025-09-19T22:11:42.851+05:30 DEBUG 17528 --- [Back_End] [http-nio-8080-exec-4] s.w.s.m.m.a.RequestMappingHandlerMapping : Mapped to com.ijse.gdse72.back_end.controller.ClassController#getUsersByClass(Long)
2025-09-19T22:11:42.864+05:30 DEBUG 17528 --- [Back_End] [http-nio-8080-exec-4] o.s.w.s.m.m.a.HttpEntityMethodProcessor  : Using 'application/json', given [application/json, text/javascript, */*;q=0.01] and supported [application/json, application/*+json]
2025-09-19T22:11:42.864+05:30 DEBUG 17528 --- [Back_End] [http-nio-8080-exec-4] o.s.w.s.m.m.a.HttpEntityMethodProcessor  : Writing [com.ijse.gdse72.back_end.dto.ApiResponse@59401a2d]
2025-09-19T22:11:42.865+05:30 DEBUG 17528 --- [Back_End] [http-nio-8080-exec-6] o.s.w.s.m.m.a.HttpEntityMethodProcessor  : Using 'application/json', given [*/*] and supported [application/json, application/*+json]
2025-09-19T22:11:42.866+05:30 DEBUG 17528 --- [Back_End] [http-nio-8080-exec-6] o.s.w.s.m.m.a.HttpEntityMethodProcessor  : Writing [com.ijse.gdse72.back_end.dto.ApiResponse@2bef2200]
2025-09-19T22:11:42.867+05:30 DEBUG 17528 --- [Back_End] [http-nio-8080-exec-6] o.s.web.servlet.DispatcherServlet        : Completed 200 OK
2025-09-19T22:11:42.867+05:30 DEBUG 17528 --- [Back_End] [http-nio-8080-exec-4] o.s.web.servlet.DispatcherServlet        : Completed 200 OK
2025-09-19T22:11:55.090+05:30 DEBUG 17528 --- [Back_End] [http-nio-8080-exec-8] o.s.web.servlet.DispatcherServlet        : GET "/auth/user/1", parameters={}
2025-09-19T22:11:55.091+05:30 DEBUG 17528 --- [Back_End] [http-nio-8080-exec-8] s.w.s.m.m.a.RequestMappingHandlerMapping : Mapped to com.ijse.gdse72.back_end.controller.AuthController#getUserById(Long)
2025-09-19T22:11:55.108+05:30 DEBUG 17528 --- [Back_End] [http-nio-8080-exec-8] o.s.w.s.m.m.a.HttpEntityMethodProcessor  : Using 'application/json', given [*/*] and supported [application/json, application/*+json]
2025-09-19T22:11:55.109+05:30 DEBUG 17528 --- [Back_End] [http-nio-8080-exec-8] o.s.w.s.m.m.a.HttpEntityMethodProcessor  : Writing [com.ijse.gdse72.back_end.dto.ApiResponse@4db5c4cf]
2025-09-19T22:11:55.111+05:30 DEBUG 17528 --- [Back_End] [http-nio-8080-exec-8] o.s.web.servlet.DispatcherServlet        : Completed 200 OK
2025-09-19T22:11:55.142+05:30 DEBUG 17528 --- [Back_End] [http-nio-8080-exec-1] o.s.web.servlet.DispatcherServlet        : GET "/api/classes/teacher/1", parameters={}
2025-09-19T22:11:55.143+05:30 DEBUG 17528 --- [Back_End] [http-nio-8080-exec-1] s.w.s.m.m.a.RequestMappingHandlerMapping : Mapped to com.ijse.gdse72.back_end.controller.ClassController#getClassesByTeacher(Long)
2025-09-19T22:11:55.149+05:30 DEBUG 17528 --- [Back_End] [http-nio-8080-exec-3] o.s.web.servlet.DispatcherServlet        : GET "/api/classes/statistics/1", parameters={}
2025-09-19T22:11:55.149+05:30 DEBUG 17528 --- [Back_End] [http-nio-8080-exec-3] s.w.s.m.m.a.RequestMappingHandlerMapping : Mapped to com.ijse.gdse72.back_end.controller.ClassController#getTeacherStatistics(Long)
2025-09-19T22:11:55.163+05:30 DEBUG 17528 --- [Back_End] [http-nio-8080-exec-1] o.s.w.s.m.m.a.HttpEntityMethodProcessor  : Using 'application/json', given [*/*] and supported [application/json, application/*+json]
2025-09-19T22:11:55.163+05:30 DEBUG 17528 --- [Back_End] [http-nio-8080-exec-1] o.s.w.s.m.m.a.HttpEntityMethodProcessor  : Writing [com.ijse.gdse72.back_end.dto.ApiResponse@151baf19]
2025-09-19T22:11:55.165+05:30 DEBUG 17528 --- [Back_End] [http-nio-8080-exec-1] o.s.web.servlet.DispatcherServlet        : Completed 200 OK
2025-09-19T22:11:55.173+05:30 DEBUG 17528 --- [Back_End] [http-nio-8080-exec-3] o.s.w.s.m.m.a.HttpEntityMethodProcessor  : Using 'application/json', given [*/*] and supported [application/json, application/*+json]
2025-09-19T22:11:55.174+05:30 DEBUG 17528 --- [Back_End] [http-nio-8080-exec-3] o.s.w.s.m.m.a.HttpEntityMethodProcessor  : Writing [com.ijse.gdse72.back_end.dto.ApiResponse@63355847]
2025-09-19T22:11:55.175+05:30 DEBUG 17528 --- [Back_End] [http-nio-8080-exec-3] o.s.web.servlet.DispatcherServlet        : Completed 200 OK
2025-09-19T22:11:55.598+05:30 DEBUG 17528 --- [Back_End] [http-nio-8080-exec-5] o.s.web.servlet.DispatcherServlet        : GET "/api/classes/statistics/1", parameters={}
2025-09-19T22:11:55.599+05:30 DEBUG 17528 --- [Back_End] [http-nio-8080-exec-5] s.w.s.m.m.a.RequestMappingHandlerMapping : Mapped to com.ijse.gdse72.back_end.controller.ClassController#getTeacherStatistics(Long)
2025-09-19T22:11:55.618+05:30 DEBUG 17528 --- [Back_End] [http-nio-8080-exec-5] o.s.w.s.m.m.a.HttpEntityMethodProcessor  : Using 'application/json', given [*/*] and supported [application/json, application/*+json]
2025-09-19T22:11:55.618+05:30 DEBUG 17528 --- [Back_End] [http-nio-8080-exec-5] o.s.w.s.m.m.a.HttpEntityMethodProcessor  : Writing [com.ijse.gdse72.back_end.dto.ApiResponse@4a4cd5e]
2025-09-19T22:11:55.620+05:30 DEBUG 17528 --- [Back_End] [http-nio-8080-exec-5] o.s.web.servlet.DispatcherServlet        : Completed 200 OK
2025-09-19T22:11:56.449+05:30 DEBUG 17528 --- [Back_End] [http-nio-8080-exec-4] o.s.web.servlet.DispatcherServlet        : GET "/auth/documents/user/1", parameters={}
2025-09-19T22:11:56.450+05:30 DEBUG 17528 --- [Back_End] [http-nio-8080-exec-4] s.w.s.m.m.a.RequestMappingHandlerMapping : Mapped to com.ijse.gdse72.back_end.controller.DocumentController#getDocumentsByUserId(Long)
2025-09-19T22:11:56.467+05:30 DEBUG 17528 --- [Back_End] [http-nio-8080-exec-4] o.s.w.s.m.m.a.HttpEntityMethodProcessor  : Using 'application/json', given [*/*] and supported [application/json, application/*+json]
2025-09-19T22:11:56.467+05:30 DEBUG 17528 --- [Back_End] [http-nio-8080-exec-4] o.s.w.s.m.m.a.HttpEntityMethodProcessor  : Writing [[com.ijse.gdse72.back_end.dto.DocumentDTO@3030d48c, com.ijse.gdse72.back_end.dto.DocumentDTO@30f02c6 (truncated)...]
2025-09-19T22:11:56.472+05:30 DEBUG 17528 --- [Back_End] [http-nio-8080-exec-4] o.s.web.servlet.DispatcherServlet        : Completed 200 OK
2025-09-19T22:12:28.673+05:30 DEBUG 17528 --- [Back_End] [http-nio-8080-exec-1] o.s.web.servlet.DispatcherServlet        : POST "/auth/login", parameters={}
2025-09-19T22:12:28.674+05:30 DEBUG 17528 --- [Back_End] [http-nio-8080-exec-1] s.w.s.m.m.a.RequestMappingHandlerMapping : Mapped to com.ijse.gdse72.back_end.controller.AuthController#login(AuthDTO)
2025-09-19T22:12:28.675+05:30 DEBUG 17528 --- [Back_End] [http-nio-8080-exec-1] m.m.a.RequestResponseBodyMethodProcessor : Read "application/json;charset=UTF-8" to [com.ijse.gdse72.back_end.dto.AuthDTO@1526649d]
2025-09-19T22:12:28.766+05:30 DEBUG 17528 --- [Back_End] [http-nio-8080-exec-1] o.s.w.s.m.m.a.HttpEntityMethodProcessor  : Using 'application/json', given [*/*] and supported [application/json, application/*+json]
2025-09-19T22:12:28.766+05:30 DEBUG 17528 --- [Back_End] [http-nio-8080-exec-1] o.s.w.s.m.m.a.HttpEntityMethodProcessor  : Writing [com.ijse.gdse72.back_end.dto.ApiResponse@6b513d30]
2025-09-19T22:12:28.767+05:30 DEBUG 17528 --- [Back_End] [http-nio-8080-exec-1] o.s.web.servlet.DispatcherServlet        : Completed 200 OK
2025-09-19T22:12:29.886+05:30 DEBUG 17528 --- [Back_End] [http-nio-8080-exec-3] o.s.web.servlet.DispatcherServlet        : GET "/auth/user/2", parameters={}
2025-09-19T22:12:29.887+05:30 DEBUG 17528 --- [Back_End] [http-nio-8080-exec-3] s.w.s.m.m.a.RequestMappingHandlerMapping : Mapped to com.ijse.gdse72.back_end.controller.AuthController#getUserById(Long)
2025-09-19T22:12:29.900+05:30 DEBUG 17528 --- [Back_End] [http-nio-8080-exec-3] o.s.w.s.m.m.a.HttpEntityMethodProcessor  : Using 'application/json', given [*/*] and supported [application/json, application/*+json]
2025-09-19T22:12:29.901+05:30 DEBUG 17528 --- [Back_End] [http-nio-8080-exec-3] o.s.w.s.m.m.a.HttpEntityMethodProcessor  : Writing [com.ijse.gdse72.back_end.dto.ApiResponse@4388e853]
2025-09-19T22:12:29.903+05:30 DEBUG 17528 --- [Back_End] [http-nio-8080-exec-3] o.s.web.servlet.DispatcherServlet        : Completed 200 OK
2025-09-19T22:12:29.945+05:30 DEBUG 17528 --- [Back_End] [http-nio-8080-exec-4] o.s.web.servlet.DispatcherServlet        : GET "/api/classes/student/2", parameters={}
2025-09-19T22:12:29.946+05:30 DEBUG 17528 --- [Back_End] [http-nio-8080-exec-4] s.w.s.m.m.a.RequestMappingHandlerMapping : Mapped to com.ijse.gdse72.back_end.controller.ClassController#getClassesByStudent(Long)
2025-09-19T22:12:29.952+05:30 DEBUG 17528 --- [Back_End] [http-nio-8080-exec-7] o.s.web.servlet.DispatcherServlet        : GET "/api/classes/student-statistics/2", parameters={}
2025-09-19T22:12:29.952+05:30 DEBUG 17528 --- [Back_End] [http-nio-8080-exec-7] s.w.s.m.m.a.RequestMappingHandlerMapping : Mapped to com.ijse.gdse72.back_end.controller.ClassController#getStudentClassStatistics(Long)
2025-09-19T22:12:29.972+05:30 DEBUG 17528 --- [Back_End] [http-nio-8080-exec-7] o.s.w.s.m.m.a.HttpEntityMethodProcessor  : Using 'application/json', given [*/*] and supported [application/json, application/*+json]
2025-09-19T22:12:29.972+05:30 DEBUG 17528 --- [Back_End] [http-nio-8080-exec-7] o.s.w.s.m.m.a.HttpEntityMethodProcessor  : Writing [com.ijse.gdse72.back_end.dto.ApiResponse@25d8745b]
2025-09-19T22:12:29.975+05:30 DEBUG 17528 --- [Back_End] [http-nio-8080-exec-7] o.s.web.servlet.DispatcherServlet        : Completed 200 OK
2025-09-19T22:12:29.976+05:30 DEBUG 17528 --- [Back_End] [http-nio-8080-exec-4] o.s.w.s.m.m.a.HttpEntityMethodProcessor  : Using 'application/json', given [*/*] and supported [application/json, application/*+json]
2025-09-19T22:12:29.977+05:30 DEBUG 17528 --- [Back_End] [http-nio-8080-exec-4] o.s.w.s.m.m.a.HttpEntityMethodProcessor  : Writing [com.ijse.gdse72.back_end.dto.ApiResponse@2d5b9ee2]
2025-09-19T22:12:29.979+05:30 DEBUG 17528 --- [Back_End] [http-nio-8080-exec-4] o.s.web.servlet.DispatcherServlet        : Completed 200 OK
2025-09-19T22:12:30.402+05:30 DEBUG 17528 --- [Back_End] [http-nio-8080-exec-2] o.s.web.servlet.DispatcherServlet        : GET "/api/classes/student-statistics/2", parameters={}
2025-09-19T22:12:30.403+05:30 DEBUG 17528 --- [Back_End] [http-nio-8080-exec-2] s.w.s.m.m.a.RequestMappingHandlerMapping : Mapped to com.ijse.gdse72.back_end.controller.ClassController#getStudentClassStatistics(Long)
2025-09-19T22:12:30.418+05:30 DEBUG 17528 --- [Back_End] [http-nio-8080-exec-2] o.s.w.s.m.m.a.HttpEntityMethodProcessor  : Using 'application/json', given [*/*] and supported [application/json, application/*+json]
2025-09-19T22:12:30.419+05:30 DEBUG 17528 --- [Back_End] [http-nio-8080-exec-2] o.s.w.s.m.m.a.HttpEntityMethodProcessor  : Writing [com.ijse.gdse72.back_end.dto.ApiResponse@6ce8841f]
2025-09-19T22:12:30.420+05:30 DEBUG 17528 --- [Back_End] [http-nio-8080-exec-2] o.s.web.servlet.DispatcherServlet        : Completed 200 OK
2025-09-19T22:12:51.601+05:30 DEBUG 17528 --- [Back_End] [http-nio-8080-exec-10] o.s.web.servlet.DispatcherServlet        : GET "/api/classes/available/2", parameters={}
2025-09-19T22:12:51.602+05:30 DEBUG 17528 --- [Back_End] [http-nio-8080-exec-10] s.w.s.m.m.a.RequestMappingHandlerMapping : Mapped to com.ijse.gdse72.back_end.controller.ClassController#getClassesNotJoinedByStudent(Long)
2025-09-19T22:12:51.644+05:30 DEBUG 17528 --- [Back_End] [http-nio-8080-exec-10] o.s.w.s.m.m.a.HttpEntityMethodProcessor  : Using 'application/json', given [*/*] and supported [application/json, application/*+json]
2025-09-19T22:12:51.645+05:30 DEBUG 17528 --- [Back_End] [http-nio-8080-exec-10] o.s.w.s.m.m.a.HttpEntityMethodProcessor  : Writing [com.ijse.gdse72.back_end.dto.ApiResponse@7c014508]
2025-09-19T22:12:51.646+05:30 DEBUG 17528 --- [Back_End] [http-nio-8080-exec-10] o.s.web.servlet.DispatcherServlet        : Completed 200 OK
2025-09-19T22:12:53.663+05:30 DEBUG 17528 --- [Back_End] [http-nio-8080-exec-1] o.s.web.servlet.DispatcherServlet        : GET "/auth/documents/user/2", parameters={}
2025-09-19T22:12:53.663+05:30 DEBUG 17528 --- [Back_End] [http-nio-8080-exec-1] s.w.s.m.m.a.RequestMappingHandlerMapping : Mapped to com.ijse.gdse72.back_end.controller.DocumentController#getDocumentsByUserId(Long)
2025-09-19T22:12:53.672+05:30 DEBUG 17528 --- [Back_End] [http-nio-8080-exec-1] o.s.w.s.m.m.a.HttpEntityMethodProcessor  : Using 'application/json', given [*/*] and supported [application/json, application/*+json]
2025-09-19T22:12:53.672+05:30 DEBUG 17528 --- [Back_End] [http-nio-8080-exec-1] o.s.w.s.m.m.a.HttpEntityMethodProcessor  : Writing [[com.ijse.gdse72.back_end.dto.DocumentDTO@60d0f24]]
2025-09-19T22:12:53.674+05:30 DEBUG 17528 --- [Back_End] [http-nio-8080-exec-1] o.s.web.servlet.DispatcherServlet        : Completed 200 OK
2025-09-19T22:12:54.831+05:30 DEBUG 17528 --- [Back_End] [http-nio-8080-exec-5] o.s.web.servlet.DispatcherServlet        : GET "/auth/user/2", parameters={}
2025-09-19T22:12:54.831+05:30 DEBUG 17528 --- [Back_End] [http-nio-8080-exec-5] s.w.s.m.m.a.RequestMappingHandlerMapping : Mapped to com.ijse.gdse72.back_end.controller.AuthController#getUserById(Long)
2025-09-19T22:12:54.842+05:30 DEBUG 17528 --- [Back_End] [http-nio-8080-exec-5] o.s.w.s.m.m.a.HttpEntityMethodProcessor  : Using 'application/json', given [*/*] and supported [application/json, application/*+json]
2025-09-19T22:12:54.842+05:30 DEBUG 17528 --- [Back_End] [http-nio-8080-exec-5] o.s.w.s.m.m.a.HttpEntityMethodProcessor  : Writing [com.ijse.gdse72.back_end.dto.ApiResponse@5f93944b]
2025-09-19T22:12:54.844+05:30 DEBUG 17528 --- [Back_End] [http-nio-8080-exec-5] o.s.web.servlet.DispatcherServlet        : Completed 200 OK
2025-09-19T22:12:54.849+05:30 DEBUG 17528 --- [Back_End] [http-nio-8080-exec-7] o.s.web.servlet.DispatcherServlet        : GET "/api/classes/student/2", parameters={}
2025-09-19T22:12:54.850+05:30 DEBUG 17528 --- [Back_End] [http-nio-8080-exec-7] s.w.s.m.m.a.RequestMappingHandlerMapping : Mapped to com.ijse.gdse72.back_end.controller.ClassController#getClassesByStudent(Long)
2025-09-19T22:12:54.852+05:30 DEBUG 17528 --- [Back_End] [http-nio-8080-exec-4] o.s.web.servlet.DispatcherServlet        : GET "/api/classes/student-statistics/2", parameters={}
2025-09-19T22:12:54.852+05:30 DEBUG 17528 --- [Back_End] [http-nio-8080-exec-4] s.w.s.m.m.a.RequestMappingHandlerMapping : Mapped to com.ijse.gdse72.back_end.controller.ClassController#getStudentClassStatistics(Long)
2025-09-19T22:12:54.870+05:30 DEBUG 17528 --- [Back_End] [http-nio-8080-exec-4] o.s.w.s.m.m.a.HttpEntityMethodProcessor  : Using 'application/json', given [*/*] and supported [application/json, application/*+json]
2025-09-19T22:12:54.871+05:30 DEBUG 17528 --- [Back_End] [http-nio-8080-exec-4] o.s.w.s.m.m.a.HttpEntityMethodProcessor  : Writing [com.ijse.gdse72.back_end.dto.ApiResponse@6826e27d]
2025-09-19T22:12:54.872+05:30 DEBUG 17528 --- [Back_End] [http-nio-8080-exec-4] o.s.web.servlet.DispatcherServlet        : Completed 200 OK
2025-09-19T22:12:54.872+05:30 DEBUG 17528 --- [Back_End] [http-nio-8080-exec-7] o.s.w.s.m.m.a.HttpEntityMethodProcessor  : Using 'application/json', given [*/*] and supported [application/json, application/*+json]
2025-09-19T22:12:54.872+05:30 DEBUG 17528 --- [Back_End] [http-nio-8080-exec-7] o.s.w.s.m.m.a.HttpEntityMethodProcessor  : Writing [com.ijse.gdse72.back_end.dto.ApiResponse@e3d2ab2]
2025-09-19T22:12:54.874+05:30 DEBUG 17528 --- [Back_End] [http-nio-8080-exec-7] o.s.web.servlet.DispatcherServlet        : Completed 200 OK
2025-09-19T22:12:55.313+05:30 DEBUG 17528 --- [Back_End] [http-nio-8080-exec-2] o.s.web.servlet.DispatcherServlet        : GET "/api/classes/student-statistics/2", parameters={}
2025-09-19T22:12:55.313+05:30 DEBUG 17528 --- [Back_End] [http-nio-8080-exec-2] s.w.s.m.m.a.RequestMappingHandlerMapping : Mapped to com.ijse.gdse72.back_end.controller.ClassController#getStudentClassStatistics(Long)
2025-09-19T22:12:55.330+05:30 DEBUG 17528 --- [Back_End] [http-nio-8080-exec-2] o.s.w.s.m.m.a.HttpEntityMethodProcessor  : Using 'application/json', given [*/*] and supported [application/json, application/*+json]
2025-09-19T22:12:55.330+05:30 DEBUG 17528 --- [Back_End] [http-nio-8080-exec-2] o.s.w.s.m.m.a.HttpEntityMethodProcessor  : Writing [com.ijse.gdse72.back_end.dto.ApiResponse@13b0874f]
2025-09-19T22:12:55.331+05:30 DEBUG 17528 --- [Back_End] [http-nio-8080-exec-2] o.s.web.servlet.DispatcherServlet        : Completed 200 OK
2025-09-19T22:13:25.715+05:30 DEBUG 17528 --- [Back_End] [http-nio-8080-exec-3] o.s.web.servlet.DispatcherServlet        : GET "/api/classes/student-statistics/2", parameters={}
2025-09-19T22:13:25.716+05:30 DEBUG 17528 --- [Back_End] [http-nio-8080-exec-3] s.w.s.m.m.a.RequestMappingHandlerMapping : Mapped to com.ijse.gdse72.back_end.controller.ClassController#getStudentClassStatistics(Long)
2025-09-19T22:13:25.728+05:30 DEBUG 17528 --- [Back_End] [http-nio-8080-exec-3] o.s.w.s.m.m.a.HttpEntityMethodProcessor  : Using 'application/json', given [*/*] and supported [application/json, application/*+json]
2025-09-19T22:13:25.728+05:30 DEBUG 17528 --- [Back_End] [http-nio-8080-exec-3] o.s.w.s.m.m.a.HttpEntityMethodProcessor  : Writing [com.ijse.gdse72.back_end.dto.ApiResponse@16c07765]
2025-09-19T22:13:25.729+05:30 DEBUG 17528 --- [Back_End] [http-nio-8080-exec-3] o.s.web.servlet.DispatcherServlet        : Completed 200 OK
2025-09-19T22:13:55.727+05:30 DEBUG 17528 --- [Back_End] [http-nio-8080-exec-4] o.s.web.servlet.DispatcherServlet        : GET "/api/classes/student-statistics/2", parameters={}
2025-09-19T22:13:55.728+05:30 DEBUG 17528 --- [Back_End] [http-nio-8080-exec-4] s.w.s.m.m.a.RequestMappingHandlerMapping : Mapped to com.ijse.gdse72.back_end.controller.ClassController#getStudentClassStatistics(Long)
2025-09-19T22:13:55.740+05:30 DEBUG 17528 --- [Back_End] [http-nio-8080-exec-4] o.s.w.s.m.m.a.HttpEntityMethodProcessor  : Using 'application/json', given [*/*] and supported [application/json, application/*+json]
2025-09-19T22:13:55.740+05:30 DEBUG 17528 --- [Back_End] [http-nio-8080-exec-4] o.s.w.s.m.m.a.HttpEntityMethodProcessor  : Writing [com.ijse.gdse72.back_end.dto.ApiResponse@24b09b6b]
2025-09-19T22:13:55.741+05:30 DEBUG 17528 --- [Back_End] [http-nio-8080-exec-4] o.s.web.servlet.DispatcherServlet        : Completed 200 OK
2025-09-19T22:14:25.715+05:30 DEBUG 17528 --- [Back_End] [http-nio-8080-exec-2] o.s.web.servlet.DispatcherServlet        : GET "/api/classes/student-statistics/2", parameters={}
2025-09-19T22:14:25.716+05:30 DEBUG 17528 --- [Back_End] [http-nio-8080-exec-2] s.w.s.m.m.a.RequestMappingHandlerMapping : Mapped to com.ijse.gdse72.back_end.controller.ClassController#getStudentClassStatistics(Long)
2025-09-19T22:14:25.727+05:30 DEBUG 17528 --- [Back_End] [http-nio-8080-exec-2] o.s.w.s.m.m.a.HttpEntityMethodProcessor  : Using 'application/json', given [*/*] and supported [application/json, application/*+json]
2025-09-19T22:14:25.728+05:30 DEBUG 17528 --- [Back_End] [http-nio-8080-exec-2] o.s.w.s.m.m.a.HttpEntityMethodProcessor  : Writing [com.ijse.gdse72.back_end.dto.ApiResponse@64118042]
2025-09-19T22:14:25.729+05:30 DEBUG 17528 --- [Back_End] [http-nio-8080-exec-2] o.s.web.servlet.DispatcherServlet        : Completed 200 OK
2025-09-19T22:14:55.725+05:30 DEBUG 17528 --- [Back_End] [http-nio-8080-exec-1] o.s.web.servlet.DispatcherServlet        : GET "/api/classes/student-statistics/2", parameters={}
2025-09-19T22:14:55.726+05:30 DEBUG 17528 --- [Back_End] [http-nio-8080-exec-1] s.w.s.m.m.a.RequestMappingHandlerMapping : Mapped to com.ijse.gdse72.back_end.controller.ClassController#getStudentClassStatistics(Long)
2025-09-19T22:14:55.738+05:30 DEBUG 17528 --- [Back_End] [http-nio-8080-exec-1] o.s.w.s.m.m.a.HttpEntityMethodProcessor  : Using 'application/json', given [*/*] and supported [application/json, application/*+json]
2025-09-19T22:14:55.738+05:30 DEBUG 17528 --- [Back_End] [http-nio-8080-exec-1] o.s.w.s.m.m.a.HttpEntityMethodProcessor  : Writing [com.ijse.gdse72.back_end.dto.ApiResponse@6a6afad5]
2025-09-19T22:14:55.739+05:30 DEBUG 17528 --- [Back_End] [http-nio-8080-exec-1] o.s.web.servlet.DispatcherServlet        : Completed 200 OK
2025-09-19T22:15:25.728+05:30 DEBUG 17528 --- [Back_End] [http-nio-8080-exec-10] o.s.web.servlet.DispatcherServlet        : GET "/api/classes/student-statistics/2", parameters={}
2025-09-19T22:15:25.729+05:30 DEBUG 17528 --- [Back_End] [http-nio-8080-exec-10] s.w.s.m.m.a.RequestMappingHandlerMapping : Mapped to com.ijse.gdse72.back_end.controller.ClassController#getStudentClassStatistics(Long)
2025-09-19T22:15:25.741+05:30 DEBUG 17528 --- [Back_End] [http-nio-8080-exec-10] o.s.w.s.m.m.a.HttpEntityMethodProcessor  : Using 'application/json', given [*/*] and supported [application/json, application/*+json]
2025-09-19T22:15:25.741+05:30 DEBUG 17528 --- [Back_End] [http-nio-8080-exec-10] o.s.w.s.m.m.a.HttpEntityMethodProcessor  : Writing [com.ijse.gdse72.back_end.dto.ApiResponse@2d9314a4]
2025-09-19T22:15:25.742+05:30 DEBUG 17528 --- [Back_End] [http-nio-8080-exec-10] o.s.web.servlet.DispatcherServlet        : Completed 200 OK
2025-09-19T22:15:55.725+05:30 DEBUG 17528 --- [Back_End] [http-nio-8080-exec-3] o.s.web.servlet.DispatcherServlet        : GET "/api/classes/student-statistics/2", parameters={}
2025-09-19T22:15:55.726+05:30 DEBUG 17528 --- [Back_End] [http-nio-8080-exec-3] s.w.s.m.m.a.RequestMappingHandlerMapping : Mapped to com.ijse.gdse72.back_end.controller.ClassController#getStudentClassStatistics(Long)
2025-09-19T22:15:55.738+05:30 DEBUG 17528 --- [Back_End] [http-nio-8080-exec-3] o.s.w.s.m.m.a.HttpEntityMethodProcessor  : Using 'application/json', given [*/*] and supported [application/json, application/*+json]
2025-09-19T22:15:55.738+05:30 DEBUG 17528 --- [Back_End] [http-nio-8080-exec-3] o.s.w.s.m.m.a.HttpEntityMethodProcessor  : Writing [com.ijse.gdse72.back_end.dto.ApiResponse@32e8cdf2]
2025-09-19T22:15:55.739+05:30 DEBUG 17528 --- [Back_End] [http-nio-8080-exec-3] o.s.web.servlet.DispatcherServlet        : Completed 200 OK
2025-09-19T22:16:25.723+05:30 DEBUG 17528 --- [Back_End] [http-nio-8080-exec-4] o.s.web.servlet.DispatcherServlet        : GET "/api/classes/student-statistics/2", parameters={}
2025-09-19T22:16:25.724+05:30 DEBUG 17528 --- [Back_End] [http-nio-8080-exec-4] s.w.s.m.m.a.RequestMappingHandlerMapping : Mapped to com.ijse.gdse72.back_end.controller.ClassController#getStudentClassStatistics(Long)
2025-09-19T22:16:25.733+05:30 DEBUG 17528 --- [Back_End] [http-nio-8080-exec-4] o.s.w.s.m.m.a.HttpEntityMethodProcessor  : Using 'application/json', given [*/*] and supported [application/json, application/*+json]
2025-09-19T22:16:25.733+05:30 DEBUG 17528 --- [Back_End] [http-nio-8080-exec-4] o.s.w.s.m.m.a.HttpEntityMethodProcessor  : Writing [com.ijse.gdse72.back_end.dto.ApiResponse@18952fc4]
2025-09-19T22:16:25.735+05:30 DEBUG 17528 --- [Back_End] [http-nio-8080-exec-4] o.s.web.servlet.DispatcherServlet        : Completed 200 OK
2025-09-19T22:16:55.725+05:30 DEBUG 17528 --- [Back_End] [http-nio-8080-exec-2] o.s.web.servlet.DispatcherServlet        : GET "/api/classes/student-statistics/2", parameters={}
2025-09-19T22:16:55.725+05:30 DEBUG 17528 --- [Back_End] [http-nio-8080-exec-2] s.w.s.m.m.a.RequestMappingHandlerMapping : Mapped to com.ijse.gdse72.back_end.controller.ClassController#getStudentClassStatistics(Long)
2025-09-19T22:16:55.737+05:30 DEBUG 17528 --- [Back_End] [http-nio-8080-exec-2] o.s.w.s.m.m.a.HttpEntityMethodProcessor  : Using 'application/json', given [*/*] and supported [application/json, application/*+json]
2025-09-19T22:16:55.738+05:30 DEBUG 17528 --- [Back_End] [http-nio-8080-exec-2] o.s.w.s.m.m.a.HttpEntityMethodProcessor  : Writing [com.ijse.gdse72.back_end.dto.ApiResponse@2266dc9a]
2025-09-19T22:16:55.739+05:30 DEBUG 17528 --- [Back_End] [http-nio-8080-exec-2] o.s.web.servlet.DispatcherServlet        : Completed 200 OK
2025-09-19T22:17:57.719+05:30 DEBUG 17528 --- [Back_End] [http-nio-8080-exec-8] o.s.web.servlet.DispatcherServlet        : GET "/api/classes/student-statistics/2", parameters={}
2025-09-19T22:17:57.719+05:30 DEBUG 17528 --- [Back_End] [http-nio-8080-exec-8] s.w.s.m.m.a.RequestMappingHandlerMapping : Mapped to com.ijse.gdse72.back_end.controller.ClassController#getStudentClassStatistics(Long)
2025-09-19T22:17:57.726+05:30 DEBUG 17528 --- [Back_End] [http-nio-8080-exec-8] o.s.w.s.m.m.a.HttpEntityMethodProcessor  : Using 'application/json', given [*/*] and supported [application/json, application/*+json]
2025-09-19T22:17:57.726+05:30 DEBUG 17528 --- [Back_End] [http-nio-8080-exec-8] o.s.w.s.m.m.a.HttpEntityMethodProcessor  : Writing [com.ijse.gdse72.back_end.dto.ApiResponse@688f59a0]
2025-09-19T22:17:57.727+05:30 DEBUG 17528 --- [Back_End] [http-nio-8080-exec-8] o.s.web.servlet.DispatcherServlet        : Completed 200 OK
2025-09-19T22:18:48.679+05:30 DEBUG 17528 --- [Back_End] [http-nio-8080-exec-3] o.s.web.servlet.DispatcherServlet        : GET "/api/classes/student-statistics/2", parameters={}
2025-09-19T22:18:48.680+05:30 DEBUG 17528 --- [Back_End] [http-nio-8080-exec-3] s.w.s.m.m.a.RequestMappingHandlerMapping : Mapped to com.ijse.gdse72.back_end.controller.ClassController#getStudentClassStatistics(Long)
2025-09-19T22:18:48.697+05:30 DEBUG 17528 --- [Back_End] [http-nio-8080-exec-3] o.s.w.s.m.m.a.HttpEntityMethodProcessor  : Using 'application/json', given [*/*] and supported [application/json, application/*+json]
2025-09-19T22:18:48.698+05:30 DEBUG 17528 --- [Back_End] [http-nio-8080-exec-3] o.s.w.s.m.m.a.HttpEntityMethodProcessor  : Writing [com.ijse.gdse72.back_end.dto.ApiResponse@7eac7dbd]
2025-09-19T22:18:48.699+05:30 DEBUG 17528 --- [Back_End] [http-nio-8080-exec-3] o.s.web.servlet.DispatcherServlet        : Completed 200 OK
2025-09-19T22:18:55.714+05:30 DEBUG 17528 --- [Back_End] [http-nio-8080-exec-7] o.s.web.servlet.DispatcherServlet        : GET "/api/classes/student-statistics/2", parameters={}
2025-09-19T22:18:55.714+05:30 DEBUG 17528 --- [Back_End] [http-nio-8080-exec-7] s.w.s.m.m.a.RequestMappingHandlerMapping : Mapped to com.ijse.gdse72.back_end.controller.ClassController#getStudentClassStatistics(Long)
2025-09-19T22:18:55.723+05:30 DEBUG 17528 --- [Back_End] [http-nio-8080-exec-7] o.s.w.s.m.m.a.HttpEntityMethodProcessor  : Using 'application/json', given [*/*] and supported [application/json, application/*+json]
2025-09-19T22:18:55.723+05:30 DEBUG 17528 --- [Back_End] [http-nio-8080-exec-7] o.s.w.s.m.m.a.HttpEntityMethodProcessor  : Writing [com.ijse.gdse72.back_end.dto.ApiResponse@1b241581]
2025-09-19T22:18:55.723+05:30 DEBUG 17528 --- [Back_End] [http-nio-8080-exec-7] o.s.web.servlet.DispatcherServlet        : Completed 200 OK
2025-09-19T22:19:25.721+05:30 DEBUG 17528 --- [Back_End] [http-nio-8080-exec-1] o.s.web.servlet.DispatcherServlet        : GET "/api/classes/student-statistics/2", parameters={}
2025-09-19T22:19:25.722+05:30 DEBUG 17528 --- [Back_End] [http-nio-8080-exec-1] s.w.s.m.m.a.RequestMappingHandlerMapping : Mapped to com.ijse.gdse72.back_end.controller.ClassController#getStudentClassStatistics(Long)
2025-09-19T22:19:25.733+05:30 DEBUG 17528 --- [Back_End] [http-nio-8080-exec-1] o.s.w.s.m.m.a.HttpEntityMethodProcessor  : Using 'application/json', given [*/*] and supported [application/json, application/*+json]
2025-09-19T22:19:25.733+05:30 DEBUG 17528 --- [Back_End] [http-nio-8080-exec-1] o.s.w.s.m.m.a.HttpEntityMethodProcessor  : Writing [com.ijse.gdse72.back_end.dto.ApiResponse@597a30c5]
2025-09-19T22:19:25.734+05:30 DEBUG 17528 --- [Back_End] [http-nio-8080-exec-1] o.s.web.servlet.DispatcherServlet        : Completed 200 OK
2025-09-19T22:19:57.720+05:30 DEBUG 17528 --- [Back_End] [http-nio-8080-exec-10] o.s.web.servlet.DispatcherServlet        : GET "/api/classes/student-statistics/2", parameters={}
2025-09-19T22:19:57.720+05:30 DEBUG 17528 --- [Back_End] [http-nio-8080-exec-10] s.w.s.m.m.a.RequestMappingHandlerMapping : Mapped to com.ijse.gdse72.back_end.controller.ClassController#getStudentClassStatistics(Long)
2025-09-19T22:19:57.729+05:30 DEBUG 17528 --- [Back_End] [http-nio-8080-exec-10] o.s.w.s.m.m.a.HttpEntityMethodProcessor  : Using 'application/json', given [*/*] and supported [application/json, application/*+json]
2025-09-19T22:19:57.730+05:30 DEBUG 17528 --- [Back_End] [http-nio-8080-exec-10] o.s.w.s.m.m.a.HttpEntityMethodProcessor  : Writing [com.ijse.gdse72.back_end.dto.ApiResponse@762a01de]
2025-09-19T22:19:57.730+05:30 DEBUG 17528 --- [Back_End] [http-nio-8080-exec-10] o.s.web.servlet.DispatcherServlet        : Completed 200 OK
2025-09-19T22:20:15.754+05:30  INFO 17528 --- [Back_End] [SpringApplicationShutdownHook] o.s.b.w.e.tomcat.GracefulShutdown        : Commencing graceful shutdown. Waiting for active requests to complete
2025-09-19T22:20:15.762+05:30  INFO 17528 --- [Back_End] [tomcat-shutdown] o.s.b.w.e.tomcat.GracefulShutdown        : Graceful shutdown complete
2025-09-19T22:20:15.766+05:30 DEBUG 17528 --- [Back_End] [SpringApplicationShutdownHook] org.springframework.web.SimpLogging      : clientOutboundChannel removed SubProtocolWebSocketHandler[StompSubProtocolHandler[v10.stomp, v11.stomp, v12.stomp]]
2025-09-19T22:20:15.766+05:30 DEBUG 17528 --- [Back_End] [SpringApplicationShutdownHook] org.springframework.web.SimpLogging      : clientInboundChannel removed WebSocketAnnotationMethodMessageHandler[prefixes=[/app/]]
2025-09-19T22:20:15.766+05:30  INFO 17528 --- [Back_End] [SpringApplicationShutdownHook] o.s.m.s.b.SimpleBrokerMessageHandler     : Stopping...
2025-09-19T22:20:15.766+05:30  INFO 17528 --- [Back_End] [SpringApplicationShutdownHook] o.s.m.s.b.SimpleBrokerMessageHandler     : BrokerAvailabilityEvent[available=false, SimpleBrokerMessageHandler [org.springframework.messaging.simp.broker.DefaultSubscriptionRegistry@767ab988]]
2025-09-19T22:20:15.766+05:30 DEBUG 17528 --- [Back_End] [SpringApplicationShutdownHook] org.springframework.web.SimpLogging      : clientInboundChannel removed SimpleBrokerMessageHandler [org.springframework.messaging.simp.broker.DefaultSubscriptionRegistry@767ab988]
2025-09-19T22:20:15.766+05:30 DEBUG 17528 --- [Back_End] [SpringApplicationShutdownHook] org.springframework.web.SimpLogging      : brokerChannel removed SimpleBrokerMessageHandler [org.springframework.messaging.simp.broker.DefaultSubscriptionRegistry@767ab988]
2025-09-19T22:20:15.766+05:30  INFO 17528 --- [Back_End] [SpringApplicationShutdownHook] o.s.m.s.b.SimpleBrokerMessageHandler     : Stopped.
2025-09-19T22:20:15.766+05:30 DEBUG 17528 --- [Back_End] [SpringApplicationShutdownHook] org.springframework.web.SimpLogging      : clientInboundChannel removed UserDestinationMessageHandler[DefaultUserDestinationResolver[prefix=/user/]]
2025-09-19T22:20:15.766+05:30 DEBUG 17528 --- [Back_End] [SpringApplicationShutdownHook] org.springframework.web.SimpLogging      : brokerChannel removed UserDestinationMessageHandler[DefaultUserDestinationResolver[prefix=/user/]]
2025-09-19T22:20:15.771+05:30  INFO 17528 --- [Back_End] [SpringApplicationShutdownHook] j.LocalContainerEntityManagerFactoryBean : Closing JPA EntityManagerFactory for persistence unit 'default'
2025-09-19T22:20:15.774+05:30  INFO 17528 --- [Back_End] [SpringApplicationShutdownHook] com.zaxxer.hikari.HikariDataSource       : HikariPool-1 - Shutdown initiated...
2025-09-19T22:20:15.783+05:30  INFO 17528 --- [Back_End] [SpringApplicationShutdownHook] com.zaxxer.hikari.HikariDataSource       : HikariPool-1 - Shutdown completed.
